solid OpenSCAD_Model
  facet normal -0.650114 0 0.759837
    outer loop
      vertex -112.927 0 4.52971
      vertex -112.659 -3 4.75901
      vertex -112.659 0 4.75901
    endloop
  endfacet
  facet normal -0.650114 0 0.759837
    outer loop
      vertex -112.659 -3 4.75901
      vertex -112.927 0 4.52971
      vertex -112.927 -3 4.52971
    endloop
  endfacet
  facet normal 0.97264 0 -0.232316
    outer loop
      vertex -123.89 -3 7.04529
      vertex -123.972 0 6.70198
      vertex -123.89 0 7.04529
    endloop
  endfacet
  facet normal 0.97264 0 -0.232316
    outer loop
      vertex -123.972 0 6.70198
      vertex -123.89 -3 7.04529
      vertex -123.972 -3 6.70198
    endloop
  endfacet
  facet normal 0.0784506 0 0.996918
    outer loop
      vertex -122.102 0 4.1277
      vertex -121.75 -3 4.1
      vertex -121.75 0 4.1
    endloop
  endfacet
  facet normal 0.0784506 0 0.996918
    outer loop
      vertex -121.75 -3 4.1
      vertex -122.102 0 4.1277
      vertex -122.102 -3 4.1277
    endloop
  endfacet
  facet normal -0 0 1
    outer loop
      vertex -121.75 0 4.1
      vertex -114.25 -3 4.1
      vertex -114.25 0 4.1
    endloop
  endfacet
  facet normal 0 0 1
    outer loop
      vertex -114.25 -3 4.1
      vertex -121.75 0 4.1
      vertex -121.75 -3 4.1
    endloop
  endfacet
  facet normal -0.521274 0 -0.853389
    outer loop
      vertex -113.229 -3 8.35476
      vertex -112.927 0 8.17029
      vertex -112.927 -3 8.17029
    endloop
  endfacet
  facet normal -0.521274 0 -0.853389
    outer loop
      vertex -112.927 0 8.17029
      vertex -113.229 -3 8.35476
      vertex -113.229 0 8.35476
    endloop
  endfacet
  facet normal -0.851981 0 0.523573
    outer loop
      vertex -112.43 -3 5.02748
      vertex -112.245 0 5.32852
      vertex -112.43 0 5.02748
    endloop
  endfacet
  facet normal -0.851981 0 0.523573
    outer loop
      vertex -112.245 0 5.32852
      vertex -112.43 -3 5.02748
      vertex -112.245 -3 5.32852
    endloop
  endfacet
  facet normal 0.0784506 0 -0.996918
    outer loop
      vertex -122.102 -3 8.5723
      vertex -121.75 0 8.6
      vertex -121.75 -3 8.6
    endloop
  endfacet
  facet normal 0.0784506 0 -0.996918
    outer loop
      vertex -121.75 0 8.6
      vertex -122.102 -3 8.5723
      vertex -122.102 0 8.5723
    endloop
  endfacet
  facet normal -0.97264 0 0.232316
    outer loop
      vertex -112.11 -3 5.65471
      vertex -112.028 0 5.99802
      vertex -112.11 0 5.65471
    endloop
  endfacet
  facet normal -0.97264 0 0.232316
    outer loop
      vertex -112.028 0 5.99802
      vertex -112.11 -3 5.65471
      vertex -112.028 -3 5.99802
    endloop
  endfacet
  facet normal 0.97264 -0 0.232316
    outer loop
      vertex -123.972 -3 5.99802
      vertex -123.89 0 5.65471
      vertex -123.972 0 5.99802
    endloop
  endfacet
  facet normal 0.97264 0 0.232316
    outer loop
      vertex -123.89 0 5.65471
      vertex -123.972 -3 5.99802
      vertex -123.89 -3 5.65471
    endloop
  endfacet
  facet normal 0.382868 0 0.923803
    outer loop
      vertex -122.771 0 4.34523
      vertex -122.445 -3 4.21012
      vertex -122.445 0 4.21012
    endloop
  endfacet
  facet normal 0.382868 0 0.923803
    outer loop
      vertex -122.445 -3 4.21012
      vertex -122.771 0 4.34523
      vertex -122.771 -3 4.34523
    endloop
  endfacet
  facet normal 0.996851 0 -0.0792995
    outer loop
      vertex -123.972 -3 6.70198
      vertex -124 0 6.35
      vertex -123.972 0 6.70198
    endloop
  endfacet
  facet normal 0.996851 0 -0.0792995
    outer loop
      vertex -124 0 6.35
      vertex -123.972 -3 6.70198
      vertex -124 -3 6.35
    endloop
  endfacet
  facet normal 0.851981 -0 0.523573
    outer loop
      vertex -123.755 -3 5.32852
      vertex -123.57 0 5.02748
      vertex -123.755 0 5.32852
    endloop
  endfacet
  facet normal 0.851981 0 0.523573
    outer loop
      vertex -123.57 0 5.02748
      vertex -123.755 -3 5.32852
      vertex -123.57 -3 5.02748
    endloop
  endfacet
  facet normal -0.382892 0 -0.923793
    outer loop
      vertex -113.555 -3 8.48988
      vertex -113.229 0 8.35476
      vertex -113.229 -3 8.35476
    endloop
  endfacet
  facet normal -0.382892 0 -0.923793
    outer loop
      vertex -113.229 0 8.35476
      vertex -113.555 -3 8.48988
      vertex -113.555 0 8.48988
    endloop
  endfacet
  facet normal 0 0 -1
    outer loop
      vertex -121.75 -3 8.6
      vertex -114.25 0 8.6
      vertex -114.25 -3 8.6
    endloop
  endfacet
  facet normal -0 0 -1
    outer loop
      vertex -114.25 0 8.6
      vertex -121.75 -3 8.6
      vertex -121.75 0 8.6
    endloop
  endfacet
  facet normal -0.923992 0 0.382412
    outer loop
      vertex -112.245 -3 5.32852
      vertex -112.11 0 5.65471
      vertex -112.245 0 5.32852
    endloop
  endfacet
  facet normal -0.923992 0 0.382412
    outer loop
      vertex -112.11 0 5.65471
      vertex -112.245 -3 5.32852
      vertex -112.11 -3 5.65471
    endloop
  endfacet
  facet normal 0.851981 0 -0.523573
    outer loop
      vertex -123.57 -3 7.67252
      vertex -123.755 0 7.37148
      vertex -123.57 0 7.67252
    endloop
  endfacet
  facet normal 0.851981 0 -0.523573
    outer loop
      vertex -123.755 0 7.37148
      vertex -123.57 -3 7.67252
      vertex -123.755 -3 7.37148
    endloop
  endfacet
  facet normal 0.996851 -0 0.0792995
    outer loop
      vertex -124 -3 6.35
      vertex -123.972 0 5.99802
      vertex -124 0 6.35
    endloop
  endfacet
  facet normal 0.996851 0 0.0792995
    outer loop
      vertex -123.972 0 5.99802
      vertex -124 -3 6.35
      vertex -123.972 -3 5.99802
    endloop
  endfacet
  facet normal 0.233641 0 0.972323
    outer loop
      vertex -122.445 0 4.21012
      vertex -122.102 -3 4.1277
      vertex -122.102 0 4.1277
    endloop
  endfacet
  facet normal 0.233641 0 0.972323
    outer loop
      vertex -122.102 -3 4.1277
      vertex -122.445 0 4.21012
      vertex -122.445 -3 4.21012
    endloop
  endfacet
  facet normal 0.521295 0 0.853377
    outer loop
      vertex -123.073 0 4.52971
      vertex -122.771 -3 4.34523
      vertex -122.771 0 4.34523
    endloop
  endfacet
  facet normal 0.521295 0 0.853377
    outer loop
      vertex -122.771 -3 4.34523
      vertex -123.073 0 4.52971
      vertex -123.073 -3 4.52971
    endloop
  endfacet
  facet normal 0.923992 -0 0.382412
    outer loop
      vertex -123.89 -3 5.65471
      vertex -123.755 0 5.32852
      vertex -123.89 0 5.65471
    endloop
  endfacet
  facet normal 0.923992 0 0.382412
    outer loop
      vertex -123.755 0 5.32852
      vertex -123.89 -3 5.65471
      vertex -123.755 -3 5.32852
    endloop
  endfacet
  facet normal -0.650114 0 -0.759837
    outer loop
      vertex -112.927 -3 8.17029
      vertex -112.659 0 7.94099
      vertex -112.659 -3 7.94099
    endloop
  endfacet
  facet normal -0.650114 0 -0.759837
    outer loop
      vertex -112.659 0 7.94099
      vertex -112.927 -3 8.17029
      vertex -112.927 0 8.17029
    endloop
  endfacet
  facet normal -0.760819 0 -0.648964
    outer loop
      vertex -112.43 -3 7.67252
      vertex -112.659 0 7.94099
      vertex -112.43 0 7.67252
    endloop
  endfacet
  facet normal -0.760819 -0 -0.648964
    outer loop
      vertex -112.659 0 7.94099
      vertex -112.43 -3 7.67252
      vertex -112.659 -3 7.94099
    endloop
  endfacet
  facet normal -0.97264 0 -0.232316
    outer loop
      vertex -112.028 -3 6.70198
      vertex -112.11 0 7.04529
      vertex -112.028 0 6.70198
    endloop
  endfacet
  facet normal -0.97264 -0 -0.232316
    outer loop
      vertex -112.11 0 7.04529
      vertex -112.028 -3 6.70198
      vertex -112.11 -3 7.04529
    endloop
  endfacet
  facet normal -0.760819 0 0.648964
    outer loop
      vertex -112.659 -3 4.75901
      vertex -112.43 0 5.02748
      vertex -112.659 0 4.75901
    endloop
  endfacet
  facet normal -0.760819 0 0.648964
    outer loop
      vertex -112.43 0 5.02748
      vertex -112.659 -3 4.75901
      vertex -112.43 -3 5.02748
    endloop
  endfacet
  facet normal -0.851981 0 -0.523573
    outer loop
      vertex -112.245 -3 7.37148
      vertex -112.43 0 7.67252
      vertex -112.245 0 7.37148
    endloop
  endfacet
  facet normal -0.851981 -0 -0.523573
    outer loop
      vertex -112.43 0 7.67252
      vertex -112.245 -3 7.37148
      vertex -112.43 -3 7.67252
    endloop
  endfacet
  facet normal -0.521295 0 0.853377
    outer loop
      vertex -113.229 0 4.34523
      vertex -112.927 -3 4.52971
      vertex -112.927 0 4.52971
    endloop
  endfacet
  facet normal -0.521295 0 0.853377
    outer loop
      vertex -112.927 -3 4.52971
      vertex -113.229 0 4.34523
      vertex -113.229 -3 4.34523
    endloop
  endfacet
  facet normal 0.233641 0 -0.972323
    outer loop
      vertex -122.445 -3 8.48988
      vertex -122.102 0 8.5723
      vertex -122.102 -3 8.5723
    endloop
  endfacet
  facet normal 0.233641 0 -0.972323
    outer loop
      vertex -122.102 0 8.5723
      vertex -122.445 -3 8.48988
      vertex -122.445 0 8.48988
    endloop
  endfacet
  facet normal 0.650114 0 0.759837
    outer loop
      vertex -123.341 0 4.75901
      vertex -123.073 -3 4.52971
      vertex -123.073 0 4.52971
    endloop
  endfacet
  facet normal 0.650114 0 0.759837
    outer loop
      vertex -123.073 -3 4.52971
      vertex -123.341 0 4.75901
      vertex -123.341 -3 4.75901
    endloop
  endfacet
  facet normal -0.0784506 0 0.996918
    outer loop
      vertex -114.25 0 4.1
      vertex -113.898 -3 4.1277
      vertex -113.898 0 4.1277
    endloop
  endfacet
  facet normal -0.0784506 0 0.996918
    outer loop
      vertex -113.898 -3 4.1277
      vertex -114.25 0 4.1
      vertex -114.25 -3 4.1
    endloop
  endfacet
  facet normal 0.650114 0 -0.759837
    outer loop
      vertex -123.341 -3 7.94099
      vertex -123.073 0 8.17029
      vertex -123.073 -3 8.17029
    endloop
  endfacet
  facet normal 0.650114 0 -0.759837
    outer loop
      vertex -123.073 0 8.17029
      vertex -123.341 -3 7.94099
      vertex -123.341 0 7.94099
    endloop
  endfacet
  facet normal -0.0784506 0 -0.996918
    outer loop
      vertex -114.25 -3 8.6
      vertex -113.898 0 8.5723
      vertex -113.898 -3 8.5723
    endloop
  endfacet
  facet normal -0.0784506 0 -0.996918
    outer loop
      vertex -113.898 0 8.5723
      vertex -114.25 -3 8.6
      vertex -114.25 0 8.6
    endloop
  endfacet
  facet normal -0.233641 0 -0.972323
    outer loop
      vertex -113.898 -3 8.5723
      vertex -113.555 0 8.48988
      vertex -113.555 -3 8.48988
    endloop
  endfacet
  facet normal -0.233641 0 -0.972323
    outer loop
      vertex -113.555 0 8.48988
      vertex -113.898 -3 8.5723
      vertex -113.898 0 8.5723
    endloop
  endfacet
  facet normal -0.382868 0 0.923803
    outer loop
      vertex -113.555 0 4.21012
      vertex -113.229 -3 4.34523
      vertex -113.229 0 4.34523
    endloop
  endfacet
  facet normal -0.382868 0 0.923803
    outer loop
      vertex -113.229 -3 4.34523
      vertex -113.555 0 4.21012
      vertex -113.555 -3 4.21012
    endloop
  endfacet
  facet normal 0.760819 0 -0.648964
    outer loop
      vertex -123.341 -3 7.94099
      vertex -123.57 0 7.67252
      vertex -123.341 0 7.94099
    endloop
  endfacet
  facet normal 0.760819 0 -0.648964
    outer loop
      vertex -123.57 0 7.67252
      vertex -123.341 -3 7.94099
      vertex -123.57 -3 7.67252
    endloop
  endfacet
  facet normal 0.521274 0 -0.853389
    outer loop
      vertex -123.073 -3 8.17029
      vertex -122.771 0 8.35476
      vertex -122.771 -3 8.35476
    endloop
  endfacet
  facet normal 0.521274 0 -0.853389
    outer loop
      vertex -122.771 0 8.35476
      vertex -123.073 -3 8.17029
      vertex -123.073 0 8.17029
    endloop
  endfacet
  facet normal -0.233641 0 0.972323
    outer loop
      vertex -113.898 0 4.1277
      vertex -113.555 -3 4.21012
      vertex -113.555 0 4.21012
    endloop
  endfacet
  facet normal -0.233641 0 0.972323
    outer loop
      vertex -113.555 -3 4.21012
      vertex -113.898 0 4.1277
      vertex -113.898 -3 4.1277
    endloop
  endfacet
  facet normal -0.923992 0 -0.382412
    outer loop
      vertex -112.11 -3 7.04529
      vertex -112.245 0 7.37148
      vertex -112.11 0 7.04529
    endloop
  endfacet
  facet normal -0.923992 -0 -0.382412
    outer loop
      vertex -112.245 0 7.37148
      vertex -112.11 -3 7.04529
      vertex -112.245 -3 7.37148
    endloop
  endfacet
  facet normal 0.382892 0 -0.923793
    outer loop
      vertex -122.771 -3 8.35476
      vertex -122.445 0 8.48988
      vertex -122.445 -3 8.48988
    endloop
  endfacet
  facet normal 0.382892 0 -0.923793
    outer loop
      vertex -122.445 0 8.48988
      vertex -122.771 -3 8.35476
      vertex -122.771 0 8.35476
    endloop
  endfacet
  facet normal -0.996851 0 -0.0792995
    outer loop
      vertex -112 -3 6.35
      vertex -112.028 0 6.70198
      vertex -112 0 6.35
    endloop
  endfacet
  facet normal -0.996851 -0 -0.0792995
    outer loop
      vertex -112.028 0 6.70198
      vertex -112 -3 6.35
      vertex -112.028 -3 6.70198
    endloop
  endfacet
  facet normal 0.923992 0 -0.382412
    outer loop
      vertex -123.755 -3 7.37148
      vertex -123.89 0 7.04529
      vertex -123.755 0 7.37148
    endloop
  endfacet
  facet normal 0.923992 0 -0.382412
    outer loop
      vertex -123.89 0 7.04529
      vertex -123.755 -3 7.37148
      vertex -123.89 -3 7.04529
    endloop
  endfacet
  facet normal 0.760819 -0 0.648964
    outer loop
      vertex -123.57 -3 5.02748
      vertex -123.341 0 4.75901
      vertex -123.57 0 5.02748
    endloop
  endfacet
  facet normal 0.760819 0 0.648964
    outer loop
      vertex -123.341 0 4.75901
      vertex -123.57 -3 5.02748
      vertex -123.341 -3 4.75901
    endloop
  endfacet
  facet normal -0.996851 0 0.0792995
    outer loop
      vertex -112.028 -3 5.99802
      vertex -112 0 6.35
      vertex -112.028 0 5.99802
    endloop
  endfacet
  facet normal -0.996851 0 0.0792995
    outer loop
      vertex -112 0 6.35
      vertex -112.028 -3 5.99802
      vertex -112 -3 6.35
    endloop
  endfacet
  facet normal -0.649623 0 0.760257
    outer loop
      vertex -112.927 0 125.18
      vertex -112.659 -3 125.409
      vertex -112.659 0 125.409
    endloop
  endfacet
  facet normal -0.649623 0 0.760257
    outer loop
      vertex -112.659 -3 125.409
      vertex -112.927 0 125.18
      vertex -112.927 -3 125.18
    endloop
  endfacet
  facet normal 0.972593 0 -0.232515
    outer loop
      vertex -123.89 -3 127.695
      vertex -123.972 0 127.352
      vertex -123.89 0 127.695
    endloop
  endfacet
  facet normal 0.972593 0 -0.232515
    outer loop
      vertex -123.972 0 127.352
      vertex -123.89 -3 127.695
      vertex -123.972 -3 127.352
    endloop
  endfacet
  facet normal 0.079295 0 0.996851
    outer loop
      vertex -122.102 0 124.778
      vertex -121.75 -3 124.75
      vertex -121.75 0 124.75
    endloop
  endfacet
  facet normal 0.079295 0 0.996851
    outer loop
      vertex -121.75 -3 124.75
      vertex -122.102 0 124.778
      vertex -122.102 -3 124.778
    endloop
  endfacet
  facet normal -0 0 1
    outer loop
      vertex -121.75 0 124.75
      vertex -114.25 -3 124.75
      vertex -114.25 0 124.75
    endloop
  endfacet
  facet normal 0 0 1
    outer loop
      vertex -114.25 -3 124.75
      vertex -121.75 0 124.75
      vertex -121.75 -3 124.75
    endloop
  endfacet
  facet normal -0.522363 0 -0.852723
    outer loop
      vertex -113.229 -3 129.005
      vertex -112.927 0 128.82
      vertex -112.927 -3 128.82
    endloop
  endfacet
  facet normal -0.522363 0 -0.852723
    outer loop
      vertex -112.927 0 128.82
      vertex -113.229 -3 129.005
      vertex -113.229 0 129.005
    endloop
  endfacet
  facet normal -0.852723 0 0.522363
    outer loop
      vertex -112.43 -3 125.677
      vertex -112.245 0 125.979
      vertex -112.43 0 125.677
    endloop
  endfacet
  facet normal -0.852723 0 0.522363
    outer loop
      vertex -112.245 0 125.979
      vertex -112.43 -3 125.677
      vertex -112.245 -3 125.979
    endloop
  endfacet
  facet normal 0.079295 0 -0.996851
    outer loop
      vertex -122.102 -3 129.222
      vertex -121.75 0 129.25
      vertex -121.75 -3 129.25
    endloop
  endfacet
  facet normal 0.079295 0 -0.996851
    outer loop
      vertex -121.75 0 129.25
      vertex -122.102 -3 129.222
      vertex -122.102 0 129.222
    endloop
  endfacet
  facet normal -0.972593 0 0.232515
    outer loop
      vertex -112.11 -3 126.305
      vertex -112.028 0 126.648
      vertex -112.11 0 126.305
    endloop
  endfacet
  facet normal -0.972593 0 0.232515
    outer loop
      vertex -112.028 0 126.648
      vertex -112.11 -3 126.305
      vertex -112.028 -3 126.648
    endloop
  endfacet
  facet normal 0.972593 -0 0.232515
    outer loop
      vertex -123.972 -3 126.648
      vertex -123.89 0 126.305
      vertex -123.972 0 126.648
    endloop
  endfacet
  facet normal 0.972593 0 0.232515
    outer loop
      vertex -123.89 0 126.305
      vertex -123.972 -3 126.648
      vertex -123.89 -3 126.305
    endloop
  endfacet
  facet normal 0.382602 0 0.923913
    outer loop
      vertex -122.771 0 124.995
      vertex -122.445 -3 124.86
      vertex -122.445 0 124.86
    endloop
  endfacet
  facet normal 0.382602 0 0.923913
    outer loop
      vertex -122.445 -3 124.86
      vertex -122.771 0 124.995
      vertex -122.771 -3 124.995
    endloop
  endfacet
  facet normal -0.996851 0 0.079295
    outer loop
      vertex -112.028 -3 126.648
      vertex -112 0 127
      vertex -112.028 0 126.648
    endloop
  endfacet
  facet normal -0.996851 0 0.079295
    outer loop
      vertex -112 0 127
      vertex -112.028 -3 126.648
      vertex -112 -3 127
    endloop
  endfacet
  facet normal 0.996851 0 -0.079295
    outer loop
      vertex -123.972 -3 127.352
      vertex -124 0 127
      vertex -123.972 0 127.352
    endloop
  endfacet
  facet normal 0.996851 0 -0.079295
    outer loop
      vertex -124 0 127
      vertex -123.972 -3 127.352
      vertex -124 -3 127
    endloop
  endfacet
  facet normal 0.852723 -0 0.522363
    outer loop
      vertex -123.755 -3 125.979
      vertex -123.57 0 125.677
      vertex -123.755 0 125.979
    endloop
  endfacet
  facet normal 0.852723 0 0.522363
    outer loop
      vertex -123.57 0 125.677
      vertex -123.755 -3 125.979
      vertex -123.57 -3 125.677
    endloop
  endfacet
  facet normal -0.382602 0 -0.923913
    outer loop
      vertex -113.555 -3 129.14
      vertex -113.229 0 129.005
      vertex -113.229 -3 129.005
    endloop
  endfacet
  facet normal -0.382602 0 -0.923913
    outer loop
      vertex -113.229 0 129.005
      vertex -113.555 -3 129.14
      vertex -113.555 0 129.14
    endloop
  endfacet
  facet normal 0 0 -1
    outer loop
      vertex -121.75 -3 129.25
      vertex -114.25 0 129.25
      vertex -114.25 -3 129.25
    endloop
  endfacet
  facet normal -0 0 -1
    outer loop
      vertex -114.25 0 129.25
      vertex -121.75 -3 129.25
      vertex -121.75 0 129.25
    endloop
  endfacet
  facet normal -0.923913 0 0.382602
    outer loop
      vertex -112.245 -3 125.979
      vertex -112.11 0 126.305
      vertex -112.245 0 125.979
    endloop
  endfacet
  facet normal -0.923913 0 0.382602
    outer loop
      vertex -112.11 0 126.305
      vertex -112.245 -3 125.979
      vertex -112.11 -3 126.305
    endloop
  endfacet
  facet normal 0.852723 0 -0.522363
    outer loop
      vertex -123.57 -3 128.323
      vertex -123.755 0 128.021
      vertex -123.57 0 128.323
    endloop
  endfacet
  facet normal 0.852723 0 -0.522363
    outer loop
      vertex -123.755 0 128.021
      vertex -123.57 -3 128.323
      vertex -123.755 -3 128.021
    endloop
  endfacet
  facet normal 0.996851 -0 0.079295
    outer loop
      vertex -124 -3 127
      vertex -123.972 0 126.648
      vertex -124 0 127
    endloop
  endfacet
  facet normal 0.996851 0 0.079295
    outer loop
      vertex -123.972 0 126.648
      vertex -124 -3 127
      vertex -123.972 -3 126.648
    endloop
  endfacet
  facet normal 0.232515 0 0.972593
    outer loop
      vertex -122.445 0 124.86
      vertex -122.102 -3 124.778
      vertex -122.102 0 124.778
    endloop
  endfacet
  facet normal 0.232515 0 0.972593
    outer loop
      vertex -122.102 -3 124.778
      vertex -122.445 0 124.86
      vertex -122.445 -3 124.86
    endloop
  endfacet
  facet normal 0.522363 0 0.852723
    outer loop
      vertex -123.073 0 125.18
      vertex -122.771 -3 124.995
      vertex -122.771 0 124.995
    endloop
  endfacet
  facet normal 0.522363 0 0.852723
    outer loop
      vertex -122.771 -3 124.995
      vertex -123.073 0 125.18
      vertex -123.073 -3 125.18
    endloop
  endfacet
  facet normal 0.923913 -0 0.382602
    outer loop
      vertex -123.89 -3 126.305
      vertex -123.755 0 125.979
      vertex -123.89 0 126.305
    endloop
  endfacet
  facet normal 0.923913 0 0.382602
    outer loop
      vertex -123.755 0 125.979
      vertex -123.89 -3 126.305
      vertex -123.755 -3 125.979
    endloop
  endfacet
  facet normal -0.649623 0 -0.760257
    outer loop
      vertex -112.927 -3 128.82
      vertex -112.659 0 128.591
      vertex -112.659 -3 128.591
    endloop
  endfacet
  facet normal -0.649623 0 -0.760257
    outer loop
      vertex -112.659 0 128.591
      vertex -112.927 -3 128.82
      vertex -112.927 0 128.82
    endloop
  endfacet
  facet normal -0.760257 0 -0.649623
    outer loop
      vertex -112.43 -3 128.323
      vertex -112.659 0 128.591
      vertex -112.43 0 128.323
    endloop
  endfacet
  facet normal -0.760257 -0 -0.649623
    outer loop
      vertex -112.659 0 128.591
      vertex -112.43 -3 128.323
      vertex -112.659 -3 128.591
    endloop
  endfacet
  facet normal -0.972593 0 -0.232515
    outer loop
      vertex -112.028 -3 127.352
      vertex -112.11 0 127.695
      vertex -112.028 0 127.352
    endloop
  endfacet
  facet normal -0.972593 -0 -0.232515
    outer loop
      vertex -112.11 0 127.695
      vertex -112.028 -3 127.352
      vertex -112.11 -3 127.695
    endloop
  endfacet
  facet normal -0.760257 0 0.649623
    outer loop
      vertex -112.659 -3 125.409
      vertex -112.43 0 125.677
      vertex -112.659 0 125.409
    endloop
  endfacet
  facet normal -0.760257 0 0.649623
    outer loop
      vertex -112.43 0 125.677
      vertex -112.659 -3 125.409
      vertex -112.43 -3 125.677
    endloop
  endfacet
  facet normal -0.852723 0 -0.522363
    outer loop
      vertex -112.245 -3 128.021
      vertex -112.43 0 128.323
      vertex -112.245 0 128.021
    endloop
  endfacet
  facet normal -0.852723 -0 -0.522363
    outer loop
      vertex -112.43 0 128.323
      vertex -112.245 -3 128.021
      vertex -112.43 -3 128.323
    endloop
  endfacet
  facet normal -0.522363 0 0.852723
    outer loop
      vertex -113.229 0 124.995
      vertex -112.927 -3 125.18
      vertex -112.927 0 125.18
    endloop
  endfacet
  facet normal -0.522363 0 0.852723
    outer loop
      vertex -112.927 -3 125.18
      vertex -113.229 0 124.995
      vertex -113.229 -3 124.995
    endloop
  endfacet
  facet normal 0.232515 0 -0.972593
    outer loop
      vertex -122.445 -3 129.14
      vertex -122.102 0 129.222
      vertex -122.102 -3 129.222
    endloop
  endfacet
  facet normal 0.232515 0 -0.972593
    outer loop
      vertex -122.102 0 129.222
      vertex -122.445 -3 129.14
      vertex -122.445 0 129.14
    endloop
  endfacet
  facet normal 0.649623 0 0.760257
    outer loop
      vertex -123.341 0 125.409
      vertex -123.073 -3 125.18
      vertex -123.073 0 125.18
    endloop
  endfacet
  facet normal 0.649623 0 0.760257
    outer loop
      vertex -123.073 -3 125.18
      vertex -123.341 0 125.409
      vertex -123.341 -3 125.409
    endloop
  endfacet
  facet normal -0.079295 0 0.996851
    outer loop
      vertex -114.25 0 124.75
      vertex -113.898 -3 124.778
      vertex -113.898 0 124.778
    endloop
  endfacet
  facet normal -0.079295 0 0.996851
    outer loop
      vertex -113.898 -3 124.778
      vertex -114.25 0 124.75
      vertex -114.25 -3 124.75
    endloop
  endfacet
  facet normal 0.649623 0 -0.760257
    outer loop
      vertex -123.341 -3 128.591
      vertex -123.073 0 128.82
      vertex -123.073 -3 128.82
    endloop
  endfacet
  facet normal 0.649623 0 -0.760257
    outer loop
      vertex -123.073 0 128.82
      vertex -123.341 -3 128.591
      vertex -123.341 0 128.591
    endloop
  endfacet
  facet normal 0.760257 0 -0.649623
    outer loop
      vertex -123.341 -3 128.591
      vertex -123.57 0 128.323
      vertex -123.341 0 128.591
    endloop
  endfacet
  facet normal 0.760257 0 -0.649623
    outer loop
      vertex -123.57 0 128.323
      vertex -123.341 -3 128.591
      vertex -123.57 -3 128.323
    endloop
  endfacet
  facet normal -0.079295 0 -0.996851
    outer loop
      vertex -114.25 -3 129.25
      vertex -113.898 0 129.222
      vertex -113.898 -3 129.222
    endloop
  endfacet
  facet normal -0.079295 0 -0.996851
    outer loop
      vertex -113.898 0 129.222
      vertex -114.25 -3 129.25
      vertex -114.25 0 129.25
    endloop
  endfacet
  facet normal -0.232515 0 -0.972593
    outer loop
      vertex -113.898 -3 129.222
      vertex -113.555 0 129.14
      vertex -113.555 -3 129.14
    endloop
  endfacet
  facet normal -0.232515 0 -0.972593
    outer loop
      vertex -113.555 0 129.14
      vertex -113.898 -3 129.222
      vertex -113.898 0 129.222
    endloop
  endfacet
  facet normal -0.382602 0 0.923913
    outer loop
      vertex -113.555 0 124.86
      vertex -113.229 -3 124.995
      vertex -113.229 0 124.995
    endloop
  endfacet
  facet normal -0.382602 0 0.923913
    outer loop
      vertex -113.229 -3 124.995
      vertex -113.555 0 124.86
      vertex -113.555 -3 124.86
    endloop
  endfacet
  facet normal 0.522363 0 -0.852723
    outer loop
      vertex -123.073 -3 128.82
      vertex -122.771 0 129.005
      vertex -122.771 -3 129.005
    endloop
  endfacet
  facet normal 0.522363 0 -0.852723
    outer loop
      vertex -122.771 0 129.005
      vertex -123.073 -3 128.82
      vertex -123.073 0 128.82
    endloop
  endfacet
  facet normal -0.232515 0 0.972593
    outer loop
      vertex -113.898 0 124.778
      vertex -113.555 -3 124.86
      vertex -113.555 0 124.86
    endloop
  endfacet
  facet normal -0.232515 0 0.972593
    outer loop
      vertex -113.555 -3 124.86
      vertex -113.898 0 124.778
      vertex -113.898 -3 124.778
    endloop
  endfacet
  facet normal -0.923913 0 -0.382602
    outer loop
      vertex -112.11 -3 127.695
      vertex -112.245 0 128.021
      vertex -112.11 0 127.695
    endloop
  endfacet
  facet normal -0.923913 -0 -0.382602
    outer loop
      vertex -112.245 0 128.021
      vertex -112.11 -3 127.695
      vertex -112.245 -3 128.021
    endloop
  endfacet
  facet normal 0.382602 0 -0.923913
    outer loop
      vertex -122.771 -3 129.005
      vertex -122.445 0 129.14
      vertex -122.445 -3 129.14
    endloop
  endfacet
  facet normal 0.382602 0 -0.923913
    outer loop
      vertex -122.445 0 129.14
      vertex -122.771 -3 129.005
      vertex -122.771 0 129.005
    endloop
  endfacet
  facet normal -0.996851 0 -0.079295
    outer loop
      vertex -112 -3 127
      vertex -112.028 0 127.352
      vertex -112 0 127
    endloop
  endfacet
  facet normal -0.996851 -0 -0.079295
    outer loop
      vertex -112.028 0 127.352
      vertex -112 -3 127
      vertex -112.028 -3 127.352
    endloop
  endfacet
  facet normal 0.923913 0 -0.382602
    outer loop
      vertex -123.755 -3 128.021
      vertex -123.89 0 127.695
      vertex -123.755 0 128.021
    endloop
  endfacet
  facet normal 0.923913 0 -0.382602
    outer loop
      vertex -123.89 0 127.695
      vertex -123.755 -3 128.021
      vertex -123.89 -3 127.695
    endloop
  endfacet
  facet normal 0.760257 -0 0.649623
    outer loop
      vertex -123.57 -3 125.677
      vertex -123.341 0 125.409
      vertex -123.57 0 125.677
    endloop
  endfacet
  facet normal 0.760257 0 0.649623
    outer loop
      vertex -123.341 0 125.409
      vertex -123.57 -3 125.677
      vertex -123.341 -3 125.409
    endloop
  endfacet
  facet normal -0.650114 0 0.759837
    outer loop
      vertex 123.073 0 4.52971
      vertex 123.341 -3 4.75901
      vertex 123.341 0 4.75901
    endloop
  endfacet
  facet normal -0.650114 0 0.759837
    outer loop
      vertex 123.341 -3 4.75901
      vertex 123.073 0 4.52971
      vertex 123.073 -3 4.52971
    endloop
  endfacet
  facet normal 0.97264 0 -0.232316
    outer loop
      vertex 112.11 -3 7.04529
      vertex 112.028 0 6.70198
      vertex 112.11 0 7.04529
    endloop
  endfacet
  facet normal 0.97264 0 -0.232316
    outer loop
      vertex 112.028 0 6.70198
      vertex 112.11 -3 7.04529
      vertex 112.028 -3 6.70198
    endloop
  endfacet
  facet normal 0.0784506 0 0.996918
    outer loop
      vertex 113.898 0 4.1277
      vertex 114.25 -3 4.1
      vertex 114.25 0 4.1
    endloop
  endfacet
  facet normal 0.0784506 0 0.996918
    outer loop
      vertex 114.25 -3 4.1
      vertex 113.898 0 4.1277
      vertex 113.898 -3 4.1277
    endloop
  endfacet
  facet normal -0 0 1
    outer loop
      vertex 114.25 0 4.1
      vertex 121.75 -3 4.1
      vertex 121.75 0 4.1
    endloop
  endfacet
  facet normal 0 0 1
    outer loop
      vertex 121.75 -3 4.1
      vertex 114.25 0 4.1
      vertex 114.25 -3 4.1
    endloop
  endfacet
  facet normal -0.521274 0 -0.853389
    outer loop
      vertex 122.771 -3 8.35476
      vertex 123.073 0 8.17029
      vertex 123.073 -3 8.17029
    endloop
  endfacet
  facet normal -0.521274 0 -0.853389
    outer loop
      vertex 123.073 0 8.17029
      vertex 122.771 -3 8.35476
      vertex 122.771 0 8.35476
    endloop
  endfacet
  facet normal -0.851981 0 0.523573
    outer loop
      vertex 123.57 -3 5.02748
      vertex 123.755 0 5.32852
      vertex 123.57 0 5.02748
    endloop
  endfacet
  facet normal -0.851981 0 0.523573
    outer loop
      vertex 123.755 0 5.32852
      vertex 123.57 -3 5.02748
      vertex 123.755 -3 5.32852
    endloop
  endfacet
  facet normal 0.0784506 0 -0.996918
    outer loop
      vertex 113.898 -3 8.5723
      vertex 114.25 0 8.6
      vertex 114.25 -3 8.6
    endloop
  endfacet
  facet normal 0.0784506 0 -0.996918
    outer loop
      vertex 114.25 0 8.6
      vertex 113.898 -3 8.5723
      vertex 113.898 0 8.5723
    endloop
  endfacet
  facet normal -0.97264 0 0.232316
    outer loop
      vertex 123.89 -3 5.65471
      vertex 123.972 0 5.99802
      vertex 123.89 0 5.65471
    endloop
  endfacet
  facet normal -0.97264 0 0.232316
    outer loop
      vertex 123.972 0 5.99802
      vertex 123.89 -3 5.65471
      vertex 123.972 -3 5.99802
    endloop
  endfacet
  facet normal 0.97264 -0 0.232316
    outer loop
      vertex 112.028 -3 5.99802
      vertex 112.11 0 5.65471
      vertex 112.028 0 5.99802
    endloop
  endfacet
  facet normal 0.97264 0 0.232316
    outer loop
      vertex 112.11 0 5.65471
      vertex 112.028 -3 5.99802
      vertex 112.11 -3 5.65471
    endloop
  endfacet
  facet normal 0.382868 0 0.923803
    outer loop
      vertex 113.229 0 4.34523
      vertex 113.555 -3 4.21012
      vertex 113.555 0 4.21012
    endloop
  endfacet
  facet normal 0.382868 0 0.923803
    outer loop
      vertex 113.555 -3 4.21012
      vertex 113.229 0 4.34523
      vertex 113.229 -3 4.34523
    endloop
  endfacet
  facet normal -0.996851 0 0.0792995
    outer loop
      vertex 123.972 -3 5.99802
      vertex 124 0 6.35
      vertex 123.972 0 5.99802
    endloop
  endfacet
  facet normal -0.996851 0 0.0792995
    outer loop
      vertex 124 0 6.35
      vertex 123.972 -3 5.99802
      vertex 124 -3 6.35
    endloop
  endfacet
  facet normal 0.996851 0 -0.0792995
    outer loop
      vertex 112.028 -3 6.70198
      vertex 112 0 6.35
      vertex 112.028 0 6.70198
    endloop
  endfacet
  facet normal 0.996851 0 -0.0792995
    outer loop
      vertex 112 0 6.35
      vertex 112.028 -3 6.70198
      vertex 112 -3 6.35
    endloop
  endfacet
  facet normal 0.851981 -0 0.523573
    outer loop
      vertex 112.245 -3 5.32852
      vertex 112.43 0 5.02748
      vertex 112.245 0 5.32852
    endloop
  endfacet
  facet normal 0.851981 0 0.523573
    outer loop
      vertex 112.43 0 5.02748
      vertex 112.245 -3 5.32852
      vertex 112.43 -3 5.02748
    endloop
  endfacet
  facet normal -0.382892 0 -0.923793
    outer loop
      vertex 122.445 -3 8.48988
      vertex 122.771 0 8.35476
      vertex 122.771 -3 8.35476
    endloop
  endfacet
  facet normal -0.382892 0 -0.923793
    outer loop
      vertex 122.771 0 8.35476
      vertex 122.445 -3 8.48988
      vertex 122.445 0 8.48988
    endloop
  endfacet
  facet normal 0 0 -1
    outer loop
      vertex 114.25 -3 8.6
      vertex 121.75 0 8.6
      vertex 121.75 -3 8.6
    endloop
  endfacet
  facet normal -0 0 -1
    outer loop
      vertex 121.75 0 8.6
      vertex 114.25 -3 8.6
      vertex 114.25 0 8.6
    endloop
  endfacet
  facet normal -0.923992 0 0.382412
    outer loop
      vertex 123.755 -3 5.32852
      vertex 123.89 0 5.65471
      vertex 123.755 0 5.32852
    endloop
  endfacet
  facet normal -0.923992 0 0.382412
    outer loop
      vertex 123.89 0 5.65471
      vertex 123.755 -3 5.32852
      vertex 123.89 -3 5.65471
    endloop
  endfacet
  facet normal 0.851981 0 -0.523573
    outer loop
      vertex 112.43 -3 7.67252
      vertex 112.245 0 7.37148
      vertex 112.43 0 7.67252
    endloop
  endfacet
  facet normal 0.851981 0 -0.523573
    outer loop
      vertex 112.245 0 7.37148
      vertex 112.43 -3 7.67252
      vertex 112.245 -3 7.37148
    endloop
  endfacet
  facet normal 0.996851 -0 0.0792995
    outer loop
      vertex 112 -3 6.35
      vertex 112.028 0 5.99802
      vertex 112 0 6.35
    endloop
  endfacet
  facet normal 0.996851 0 0.0792995
    outer loop
      vertex 112.028 0 5.99802
      vertex 112 -3 6.35
      vertex 112.028 -3 5.99802
    endloop
  endfacet
  facet normal 0.233641 0 0.972323
    outer loop
      vertex 113.555 0 4.21012
      vertex 113.898 -3 4.1277
      vertex 113.898 0 4.1277
    endloop
  endfacet
  facet normal 0.233641 0 0.972323
    outer loop
      vertex 113.898 -3 4.1277
      vertex 113.555 0 4.21012
      vertex 113.555 -3 4.21012
    endloop
  endfacet
  facet normal 0.521295 0 0.853377
    outer loop
      vertex 112.927 0 4.52971
      vertex 113.229 -3 4.34523
      vertex 113.229 0 4.34523
    endloop
  endfacet
  facet normal 0.521295 0 0.853377
    outer loop
      vertex 113.229 -3 4.34523
      vertex 112.927 0 4.52971
      vertex 112.927 -3 4.52971
    endloop
  endfacet
  facet normal 0.923992 -0 0.382412
    outer loop
      vertex 112.11 -3 5.65471
      vertex 112.245 0 5.32852
      vertex 112.11 0 5.65471
    endloop
  endfacet
  facet normal 0.923992 0 0.382412
    outer loop
      vertex 112.245 0 5.32852
      vertex 112.11 -3 5.65471
      vertex 112.245 -3 5.32852
    endloop
  endfacet
  facet normal -0.650114 0 -0.759837
    outer loop
      vertex 123.073 -3 8.17029
      vertex 123.341 0 7.94099
      vertex 123.341 -3 7.94099
    endloop
  endfacet
  facet normal -0.650114 0 -0.759837
    outer loop
      vertex 123.341 0 7.94099
      vertex 123.073 -3 8.17029
      vertex 123.073 0 8.17029
    endloop
  endfacet
  facet normal -0.760819 0 -0.648964
    outer loop
      vertex 123.57 -3 7.67252
      vertex 123.341 0 7.94099
      vertex 123.57 0 7.67252
    endloop
  endfacet
  facet normal -0.760819 -0 -0.648964
    outer loop
      vertex 123.341 0 7.94099
      vertex 123.57 -3 7.67252
      vertex 123.341 -3 7.94099
    endloop
  endfacet
  facet normal -0.97264 0 -0.232316
    outer loop
      vertex 123.972 -3 6.70198
      vertex 123.89 0 7.04529
      vertex 123.972 0 6.70198
    endloop
  endfacet
  facet normal -0.97264 -0 -0.232316
    outer loop
      vertex 123.89 0 7.04529
      vertex 123.972 -3 6.70198
      vertex 123.89 -3 7.04529
    endloop
  endfacet
  facet normal -0.760819 0 0.648964
    outer loop
      vertex 123.341 -3 4.75901
      vertex 123.57 0 5.02748
      vertex 123.341 0 4.75901
    endloop
  endfacet
  facet normal -0.760819 0 0.648964
    outer loop
      vertex 123.57 0 5.02748
      vertex 123.341 -3 4.75901
      vertex 123.57 -3 5.02748
    endloop
  endfacet
  facet normal -0.851981 0 -0.523573
    outer loop
      vertex 123.755 -3 7.37148
      vertex 123.57 0 7.67252
      vertex 123.755 0 7.37148
    endloop
  endfacet
  facet normal -0.851981 -0 -0.523573
    outer loop
      vertex 123.57 0 7.67252
      vertex 123.755 -3 7.37148
      vertex 123.57 -3 7.67252
    endloop
  endfacet
  facet normal -0.521295 0 0.853377
    outer loop
      vertex 122.771 0 4.34523
      vertex 123.073 -3 4.52971
      vertex 123.073 0 4.52971
    endloop
  endfacet
  facet normal -0.521295 0 0.853377
    outer loop
      vertex 123.073 -3 4.52971
      vertex 122.771 0 4.34523
      vertex 122.771 -3 4.34523
    endloop
  endfacet
  facet normal 0.233641 0 -0.972323
    outer loop
      vertex 113.555 -3 8.48988
      vertex 113.898 0 8.5723
      vertex 113.898 -3 8.5723
    endloop
  endfacet
  facet normal 0.233641 0 -0.972323
    outer loop
      vertex 113.898 0 8.5723
      vertex 113.555 -3 8.48988
      vertex 113.555 0 8.48988
    endloop
  endfacet
  facet normal 0.650114 0 0.759837
    outer loop
      vertex 112.659 0 4.75901
      vertex 112.927 -3 4.52971
      vertex 112.927 0 4.52971
    endloop
  endfacet
  facet normal 0.650114 0 0.759837
    outer loop
      vertex 112.927 -3 4.52971
      vertex 112.659 0 4.75901
      vertex 112.659 -3 4.75901
    endloop
  endfacet
  facet normal -0.0784506 0 0.996918
    outer loop
      vertex 121.75 0 4.1
      vertex 122.102 -3 4.1277
      vertex 122.102 0 4.1277
    endloop
  endfacet
  facet normal -0.0784506 0 0.996918
    outer loop
      vertex 122.102 -3 4.1277
      vertex 121.75 0 4.1
      vertex 121.75 -3 4.1
    endloop
  endfacet
  facet normal 0.650114 0 -0.759837
    outer loop
      vertex 112.659 -3 7.94099
      vertex 112.927 0 8.17029
      vertex 112.927 -3 8.17029
    endloop
  endfacet
  facet normal 0.650114 0 -0.759837
    outer loop
      vertex 112.927 0 8.17029
      vertex 112.659 -3 7.94099
      vertex 112.659 0 7.94099
    endloop
  endfacet
  facet normal 0.760819 0 -0.648964
    outer loop
      vertex 112.659 -3 7.94099
      vertex 112.43 0 7.67252
      vertex 112.659 0 7.94099
    endloop
  endfacet
  facet normal 0.760819 0 -0.648964
    outer loop
      vertex 112.43 0 7.67252
      vertex 112.659 -3 7.94099
      vertex 112.43 -3 7.67252
    endloop
  endfacet
  facet normal -0.0784506 0 -0.996918
    outer loop
      vertex 121.75 -3 8.6
      vertex 122.102 0 8.5723
      vertex 122.102 -3 8.5723
    endloop
  endfacet
  facet normal -0.0784506 0 -0.996918
    outer loop
      vertex 122.102 0 8.5723
      vertex 121.75 -3 8.6
      vertex 121.75 0 8.6
    endloop
  endfacet
  facet normal -0.233641 0 -0.972323
    outer loop
      vertex 122.102 -3 8.5723
      vertex 122.445 0 8.48988
      vertex 122.445 -3 8.48988
    endloop
  endfacet
  facet normal -0.233641 0 -0.972323
    outer loop
      vertex 122.445 0 8.48988
      vertex 122.102 -3 8.5723
      vertex 122.102 0 8.5723
    endloop
  endfacet
  facet normal -0.382868 0 0.923803
    outer loop
      vertex 122.445 0 4.21012
      vertex 122.771 -3 4.34523
      vertex 122.771 0 4.34523
    endloop
  endfacet
  facet normal -0.382868 0 0.923803
    outer loop
      vertex 122.771 -3 4.34523
      vertex 122.445 0 4.21012
      vertex 122.445 -3 4.21012
    endloop
  endfacet
  facet normal 0.521274 0 -0.853389
    outer loop
      vertex 112.927 -3 8.17029
      vertex 113.229 0 8.35476
      vertex 113.229 -3 8.35476
    endloop
  endfacet
  facet normal 0.521274 0 -0.853389
    outer loop
      vertex 113.229 0 8.35476
      vertex 112.927 -3 8.17029
      vertex 112.927 0 8.17029
    endloop
  endfacet
  facet normal -0.233641 0 0.972323
    outer loop
      vertex 122.102 0 4.1277
      vertex 122.445 -3 4.21012
      vertex 122.445 0 4.21012
    endloop
  endfacet
  facet normal -0.233641 0 0.972323
    outer loop
      vertex 122.445 -3 4.21012
      vertex 122.102 0 4.1277
      vertex 122.102 -3 4.1277
    endloop
  endfacet
  facet normal -0.923992 0 -0.382412
    outer loop
      vertex 123.89 -3 7.04529
      vertex 123.755 0 7.37148
      vertex 123.89 0 7.04529
    endloop
  endfacet
  facet normal -0.923992 -0 -0.382412
    outer loop
      vertex 123.755 0 7.37148
      vertex 123.89 -3 7.04529
      vertex 123.755 -3 7.37148
    endloop
  endfacet
  facet normal 0.382892 0 -0.923793
    outer loop
      vertex 113.229 -3 8.35476
      vertex 113.555 0 8.48988
      vertex 113.555 -3 8.48988
    endloop
  endfacet
  facet normal 0.382892 0 -0.923793
    outer loop
      vertex 113.555 0 8.48988
      vertex 113.229 -3 8.35476
      vertex 113.229 0 8.35476
    endloop
  endfacet
  facet normal -0.996851 0 -0.0792995
    outer loop
      vertex 124 -3 6.35
      vertex 123.972 0 6.70198
      vertex 124 0 6.35
    endloop
  endfacet
  facet normal -0.996851 -0 -0.0792995
    outer loop
      vertex 123.972 0 6.70198
      vertex 124 -3 6.35
      vertex 123.972 -3 6.70198
    endloop
  endfacet
  facet normal 0.923992 0 -0.382412
    outer loop
      vertex 112.245 -3 7.37148
      vertex 112.11 0 7.04529
      vertex 112.245 0 7.37148
    endloop
  endfacet
  facet normal 0.923992 0 -0.382412
    outer loop
      vertex 112.11 0 7.04529
      vertex 112.245 -3 7.37148
      vertex 112.11 -3 7.04529
    endloop
  endfacet
  facet normal 0.760819 -0 0.648964
    outer loop
      vertex 112.43 -3 5.02748
      vertex 112.659 0 4.75901
      vertex 112.43 0 5.02748
    endloop
  endfacet
  facet normal 0.760819 0 0.648964
    outer loop
      vertex 112.659 0 4.75901
      vertex 112.43 -3 5.02748
      vertex 112.659 -3 4.75901
    endloop
  endfacet
  facet normal -0.649623 0 0.760257
    outer loop
      vertex 123.073 0 125.18
      vertex 123.341 -3 125.409
      vertex 123.341 0 125.409
    endloop
  endfacet
  facet normal -0.649623 0 0.760257
    outer loop
      vertex 123.341 -3 125.409
      vertex 123.073 0 125.18
      vertex 123.073 -3 125.18
    endloop
  endfacet
  facet normal 0.972593 0 -0.232515
    outer loop
      vertex 112.11 -3 127.695
      vertex 112.028 0 127.352
      vertex 112.11 0 127.695
    endloop
  endfacet
  facet normal 0.972593 0 -0.232515
    outer loop
      vertex 112.028 0 127.352
      vertex 112.11 -3 127.695
      vertex 112.028 -3 127.352
    endloop
  endfacet
  facet normal 0.079295 0 0.996851
    outer loop
      vertex 113.898 0 124.778
      vertex 114.25 -3 124.75
      vertex 114.25 0 124.75
    endloop
  endfacet
  facet normal 0.079295 0 0.996851
    outer loop
      vertex 114.25 -3 124.75
      vertex 113.898 0 124.778
      vertex 113.898 -3 124.778
    endloop
  endfacet
  facet normal -0 0 1
    outer loop
      vertex 114.25 0 124.75
      vertex 121.75 -3 124.75
      vertex 121.75 0 124.75
    endloop
  endfacet
  facet normal 0 0 1
    outer loop
      vertex 121.75 -3 124.75
      vertex 114.25 0 124.75
      vertex 114.25 -3 124.75
    endloop
  endfacet
  facet normal -0.522363 0 -0.852723
    outer loop
      vertex 122.771 -3 129.005
      vertex 123.073 0 128.82
      vertex 123.073 -3 128.82
    endloop
  endfacet
  facet normal -0.522363 0 -0.852723
    outer loop
      vertex 123.073 0 128.82
      vertex 122.771 -3 129.005
      vertex 122.771 0 129.005
    endloop
  endfacet
  facet normal -0.852723 0 0.522363
    outer loop
      vertex 123.57 -3 125.677
      vertex 123.755 0 125.979
      vertex 123.57 0 125.677
    endloop
  endfacet
  facet normal -0.852723 0 0.522363
    outer loop
      vertex 123.755 0 125.979
      vertex 123.57 -3 125.677
      vertex 123.755 -3 125.979
    endloop
  endfacet
  facet normal 0.079295 0 -0.996851
    outer loop
      vertex 113.898 -3 129.222
      vertex 114.25 0 129.25
      vertex 114.25 -3 129.25
    endloop
  endfacet
  facet normal 0.079295 0 -0.996851
    outer loop
      vertex 114.25 0 129.25
      vertex 113.898 -3 129.222
      vertex 113.898 0 129.222
    endloop
  endfacet
  facet normal -0.972593 0 0.232515
    outer loop
      vertex 123.89 -3 126.305
      vertex 123.972 0 126.648
      vertex 123.89 0 126.305
    endloop
  endfacet
  facet normal -0.972593 0 0.232515
    outer loop
      vertex 123.972 0 126.648
      vertex 123.89 -3 126.305
      vertex 123.972 -3 126.648
    endloop
  endfacet
  facet normal 0.972593 -0 0.232515
    outer loop
      vertex 112.028 -3 126.648
      vertex 112.11 0 126.305
      vertex 112.028 0 126.648
    endloop
  endfacet
  facet normal 0.972593 0 0.232515
    outer loop
      vertex 112.11 0 126.305
      vertex 112.028 -3 126.648
      vertex 112.11 -3 126.305
    endloop
  endfacet
  facet normal 0.382602 0 0.923913
    outer loop
      vertex 113.229 0 124.995
      vertex 113.555 -3 124.86
      vertex 113.555 0 124.86
    endloop
  endfacet
  facet normal 0.382602 0 0.923913
    outer loop
      vertex 113.555 -3 124.86
      vertex 113.229 0 124.995
      vertex 113.229 -3 124.995
    endloop
  endfacet
  facet normal 0.996851 0 -0.079295
    outer loop
      vertex 112.028 -3 127.352
      vertex 112 0 127
      vertex 112.028 0 127.352
    endloop
  endfacet
  facet normal 0.996851 0 -0.079295
    outer loop
      vertex 112 0 127
      vertex 112.028 -3 127.352
      vertex 112 -3 127
    endloop
  endfacet
  facet normal 0.852723 -0 0.522363
    outer loop
      vertex 112.245 -3 125.979
      vertex 112.43 0 125.677
      vertex 112.245 0 125.979
    endloop
  endfacet
  facet normal 0.852723 0 0.522363
    outer loop
      vertex 112.43 0 125.677
      vertex 112.245 -3 125.979
      vertex 112.43 -3 125.677
    endloop
  endfacet
  facet normal -0.382602 0 -0.923913
    outer loop
      vertex 122.445 -3 129.14
      vertex 122.771 0 129.005
      vertex 122.771 -3 129.005
    endloop
  endfacet
  facet normal -0.382602 0 -0.923913
    outer loop
      vertex 122.771 0 129.005
      vertex 122.445 -3 129.14
      vertex 122.445 0 129.14
    endloop
  endfacet
  facet normal 0 0 -1
    outer loop
      vertex 114.25 -3 129.25
      vertex 121.75 0 129.25
      vertex 121.75 -3 129.25
    endloop
  endfacet
  facet normal -0 0 -1
    outer loop
      vertex 121.75 0 129.25
      vertex 114.25 -3 129.25
      vertex 114.25 0 129.25
    endloop
  endfacet
  facet normal -0.923913 0 0.382602
    outer loop
      vertex 123.755 -3 125.979
      vertex 123.89 0 126.305
      vertex 123.755 0 125.979
    endloop
  endfacet
  facet normal -0.923913 0 0.382602
    outer loop
      vertex 123.89 0 126.305
      vertex 123.755 -3 125.979
      vertex 123.89 -3 126.305
    endloop
  endfacet
  facet normal 0.852723 0 -0.522363
    outer loop
      vertex 112.43 -3 128.323
      vertex 112.245 0 128.021
      vertex 112.43 0 128.323
    endloop
  endfacet
  facet normal 0.852723 0 -0.522363
    outer loop
      vertex 112.245 0 128.021
      vertex 112.43 -3 128.323
      vertex 112.245 -3 128.021
    endloop
  endfacet
  facet normal 0.996851 -0 0.079295
    outer loop
      vertex 112 -3 127
      vertex 112.028 0 126.648
      vertex 112 0 127
    endloop
  endfacet
  facet normal 0.996851 0 0.079295
    outer loop
      vertex 112.028 0 126.648
      vertex 112 -3 127
      vertex 112.028 -3 126.648
    endloop
  endfacet
  facet normal 0.232515 0 0.972593
    outer loop
      vertex 113.555 0 124.86
      vertex 113.898 -3 124.778
      vertex 113.898 0 124.778
    endloop
  endfacet
  facet normal 0.232515 0 0.972593
    outer loop
      vertex 113.898 -3 124.778
      vertex 113.555 0 124.86
      vertex 113.555 -3 124.86
    endloop
  endfacet
  facet normal 0.522363 0 0.852723
    outer loop
      vertex 112.927 0 125.18
      vertex 113.229 -3 124.995
      vertex 113.229 0 124.995
    endloop
  endfacet
  facet normal 0.522363 0 0.852723
    outer loop
      vertex 113.229 -3 124.995
      vertex 112.927 0 125.18
      vertex 112.927 -3 125.18
    endloop
  endfacet
  facet normal 0.923913 -0 0.382602
    outer loop
      vertex 112.11 -3 126.305
      vertex 112.245 0 125.979
      vertex 112.11 0 126.305
    endloop
  endfacet
  facet normal 0.923913 0 0.382602
    outer loop
      vertex 112.245 0 125.979
      vertex 112.11 -3 126.305
      vertex 112.245 -3 125.979
    endloop
  endfacet
  facet normal -0.649623 0 -0.760257
    outer loop
      vertex 123.073 -3 128.82
      vertex 123.341 0 128.591
      vertex 123.341 -3 128.591
    endloop
  endfacet
  facet normal -0.649623 0 -0.760257
    outer loop
      vertex 123.341 0 128.591
      vertex 123.073 -3 128.82
      vertex 123.073 0 128.82
    endloop
  endfacet
  facet normal -0.760257 0 -0.649623
    outer loop
      vertex 123.57 -3 128.323
      vertex 123.341 0 128.591
      vertex 123.57 0 128.323
    endloop
  endfacet
  facet normal -0.760257 -0 -0.649623
    outer loop
      vertex 123.341 0 128.591
      vertex 123.57 -3 128.323
      vertex 123.341 -3 128.591
    endloop
  endfacet
  facet normal -0.972593 0 -0.232515
    outer loop
      vertex 123.972 -3 127.352
      vertex 123.89 0 127.695
      vertex 123.972 0 127.352
    endloop
  endfacet
  facet normal -0.972593 -0 -0.232515
    outer loop
      vertex 123.89 0 127.695
      vertex 123.972 -3 127.352
      vertex 123.89 -3 127.695
    endloop
  endfacet
  facet normal -0.760257 0 0.649623
    outer loop
      vertex 123.341 -3 125.409
      vertex 123.57 0 125.677
      vertex 123.341 0 125.409
    endloop
  endfacet
  facet normal -0.760257 0 0.649623
    outer loop
      vertex 123.57 0 125.677
      vertex 123.341 -3 125.409
      vertex 123.57 -3 125.677
    endloop
  endfacet
  facet normal -0.852723 0 -0.522363
    outer loop
      vertex 123.755 -3 128.021
      vertex 123.57 0 128.323
      vertex 123.755 0 128.021
    endloop
  endfacet
  facet normal -0.852723 -0 -0.522363
    outer loop
      vertex 123.57 0 128.323
      vertex 123.755 -3 128.021
      vertex 123.57 -3 128.323
    endloop
  endfacet
  facet normal -0.522363 0 0.852723
    outer loop
      vertex 122.771 0 124.995
      vertex 123.073 -3 125.18
      vertex 123.073 0 125.18
    endloop
  endfacet
  facet normal -0.522363 0 0.852723
    outer loop
      vertex 123.073 -3 125.18
      vertex 122.771 0 124.995
      vertex 122.771 -3 124.995
    endloop
  endfacet
  facet normal 0.232515 0 -0.972593
    outer loop
      vertex 113.555 -3 129.14
      vertex 113.898 0 129.222
      vertex 113.898 -3 129.222
    endloop
  endfacet
  facet normal 0.232515 0 -0.972593
    outer loop
      vertex 113.898 0 129.222
      vertex 113.555 -3 129.14
      vertex 113.555 0 129.14
    endloop
  endfacet
  facet normal 0.649623 0 0.760257
    outer loop
      vertex 112.659 0 125.409
      vertex 112.927 -3 125.18
      vertex 112.927 0 125.18
    endloop
  endfacet
  facet normal 0.649623 0 0.760257
    outer loop
      vertex 112.927 -3 125.18
      vertex 112.659 0 125.409
      vertex 112.659 -3 125.409
    endloop
  endfacet
  facet normal -0.079295 0 0.996851
    outer loop
      vertex 121.75 0 124.75
      vertex 122.102 -3 124.778
      vertex 122.102 0 124.778
    endloop
  endfacet
  facet normal -0.079295 0 0.996851
    outer loop
      vertex 122.102 -3 124.778
      vertex 121.75 0 124.75
      vertex 121.75 -3 124.75
    endloop
  endfacet
  facet normal 0.649623 0 -0.760257
    outer loop
      vertex 112.659 -3 128.591
      vertex 112.927 0 128.82
      vertex 112.927 -3 128.82
    endloop
  endfacet
  facet normal 0.649623 0 -0.760257
    outer loop
      vertex 112.927 0 128.82
      vertex 112.659 -3 128.591
      vertex 112.659 0 128.591
    endloop
  endfacet
  facet normal 0.760257 0 -0.649623
    outer loop
      vertex 112.659 -3 128.591
      vertex 112.43 0 128.323
      vertex 112.659 0 128.591
    endloop
  endfacet
  facet normal 0.760257 0 -0.649623
    outer loop
      vertex 112.43 0 128.323
      vertex 112.659 -3 128.591
      vertex 112.43 -3 128.323
    endloop
  endfacet
  facet normal -0.079295 0 -0.996851
    outer loop
      vertex 121.75 -3 129.25
      vertex 122.102 0 129.222
      vertex 122.102 -3 129.222
    endloop
  endfacet
  facet normal -0.079295 0 -0.996851
    outer loop
      vertex 122.102 0 129.222
      vertex 121.75 -3 129.25
      vertex 121.75 0 129.25
    endloop
  endfacet
  facet normal -0.232515 0 -0.972593
    outer loop
      vertex 122.102 -3 129.222
      vertex 122.445 0 129.14
      vertex 122.445 -3 129.14
    endloop
  endfacet
  facet normal -0.232515 0 -0.972593
    outer loop
      vertex 122.445 0 129.14
      vertex 122.102 -3 129.222
      vertex 122.102 0 129.222
    endloop
  endfacet
  facet normal -0.382602 0 0.923913
    outer loop
      vertex 122.445 0 124.86
      vertex 122.771 -3 124.995
      vertex 122.771 0 124.995
    endloop
  endfacet
  facet normal -0.382602 0 0.923913
    outer loop
      vertex 122.771 -3 124.995
      vertex 122.445 0 124.86
      vertex 122.445 -3 124.86
    endloop
  endfacet
  facet normal 0.522363 0 -0.852723
    outer loop
      vertex 112.927 -3 128.82
      vertex 113.229 0 129.005
      vertex 113.229 -3 129.005
    endloop
  endfacet
  facet normal 0.522363 0 -0.852723
    outer loop
      vertex 113.229 0 129.005
      vertex 112.927 -3 128.82
      vertex 112.927 0 128.82
    endloop
  endfacet
  facet normal -0.232515 0 0.972593
    outer loop
      vertex 122.102 0 124.778
      vertex 122.445 -3 124.86
      vertex 122.445 0 124.86
    endloop
  endfacet
  facet normal -0.232515 0 0.972593
    outer loop
      vertex 122.445 -3 124.86
      vertex 122.102 0 124.778
      vertex 122.102 -3 124.778
    endloop
  endfacet
  facet normal -0.923913 0 -0.382602
    outer loop
      vertex 123.89 -3 127.695
      vertex 123.755 0 128.021
      vertex 123.89 0 127.695
    endloop
  endfacet
  facet normal -0.923913 -0 -0.382602
    outer loop
      vertex 123.755 0 128.021
      vertex 123.89 -3 127.695
      vertex 123.755 -3 128.021
    endloop
  endfacet
  facet normal 0.382602 0 -0.923913
    outer loop
      vertex 113.229 -3 129.005
      vertex 113.555 0 129.14
      vertex 113.555 -3 129.14
    endloop
  endfacet
  facet normal 0.382602 0 -0.923913
    outer loop
      vertex 113.555 0 129.14
      vertex 113.229 -3 129.005
      vertex 113.229 0 129.005
    endloop
  endfacet
  facet normal -0.996851 0 -0.079295
    outer loop
      vertex 124 -3 127
      vertex 123.972 0 127.352
      vertex 124 0 127
    endloop
  endfacet
  facet normal -0.996851 -0 -0.079295
    outer loop
      vertex 123.972 0 127.352
      vertex 124 -3 127
      vertex 123.972 -3 127.352
    endloop
  endfacet
  facet normal 0.923913 0 -0.382602
    outer loop
      vertex 112.245 -3 128.021
      vertex 112.11 0 127.695
      vertex 112.245 0 128.021
    endloop
  endfacet
  facet normal 0.923913 0 -0.382602
    outer loop
      vertex 112.11 0 127.695
      vertex 112.245 -3 128.021
      vertex 112.11 -3 127.695
    endloop
  endfacet
  facet normal 0.760257 -0 0.649623
    outer loop
      vertex 112.43 -3 125.677
      vertex 112.659 0 125.409
      vertex 112.43 0 125.677
    endloop
  endfacet
  facet normal 0.760257 0 0.649623
    outer loop
      vertex 112.659 0 125.409
      vertex 112.43 -3 125.677
      vertex 112.659 -3 125.409
    endloop
  endfacet
  facet normal -0.996851 0 0.079295
    outer loop
      vertex 123.972 -3 126.648
      vertex 124 0 127
      vertex 123.972 0 126.648
    endloop
  endfacet
  facet normal -0.996851 0 0.079295
    outer loop
      vertex 124 0 127
      vertex 123.972 -3 126.648
      vertex 124 -3 127
    endloop
  endfacet
  facet normal 1 -0 0
    outer loop
      vertex 127 -3 133.35
      vertex 127 0 0
      vertex 127 0 133.35
    endloop
  endfacet
  facet normal 1 0 0
    outer loop
      vertex 127 0 0
      vertex 127 -3 133.35
      vertex 127 -3 0
    endloop
  endfacet
  facet normal 0 0 1
    outer loop
      vertex -24.225 137 133.35
      vertex -27.225 137 133.35
      vertex -24.225 0 133.35
    endloop
  endfacet
  facet normal 0 0 1
    outer loop
      vertex 27.225 137 133.35
      vertex 24.225 137 133.35
      vertex 27.225 0 133.35
    endloop
  endfacet
  facet normal -0 0 1
    outer loop
      vertex 27.225 0 133.35
      vertex 127 -3 133.35
      vertex 127 0 133.35
    endloop
  endfacet
  facet normal 0 0 1
    outer loop
      vertex 24.225 0 133.35
      vertex 27.225 0 133.35
      vertex 24.225 137 133.35
    endloop
  endfacet
  facet normal -0 0 1
    outer loop
      vertex 24.225 0 133.35
      vertex 127 -3 133.35
      vertex 27.225 0 133.35
    endloop
  endfacet
  facet normal -0 0 1
    outer loop
      vertex -24.225 0 133.35
      vertex 127 -3 133.35
      vertex 24.225 0 133.35
    endloop
  endfacet
  facet normal 0 0 1
    outer loop
      vertex -27.225 0 133.35
      vertex -24.225 0 133.35
      vertex -27.225 137 133.35
    endloop
  endfacet
  facet normal 0 0 1
    outer loop
      vertex -127 -3 133.35
      vertex -24.225 0 133.35
      vertex -27.225 0 133.35
    endloop
  endfacet
  facet normal 0 0 1
    outer loop
      vertex -127 -3 133.35
      vertex -27.225 0 133.35
      vertex -127 0 133.35
    endloop
  endfacet
  facet normal 0 0 1
    outer loop
      vertex -24.225 0 133.35
      vertex -127 -3 133.35
      vertex 127 -3 133.35
    endloop
  endfacet
  facet normal 0 0 -1
    outer loop
      vertex 127 -3 0
      vertex 27.225 0 0
      vertex 127 0 0
    endloop
  endfacet
  facet normal 0 0 -1
    outer loop
      vertex 27.225 0 0
      vertex 17.225 5 0
      vertex 27.225 137 0
    endloop
  endfacet
  facet normal 0 0 -1
    outer loop
      vertex 27.225 0 0
      vertex -17.225 5 0
      vertex 17.225 5 0
    endloop
  endfacet
  facet normal -0 0 -1
    outer loop
      vertex -17.225 5 0
      vertex -27.225 0 0
      vertex -17.225 132 0
    endloop
  endfacet
  facet normal 0 0 -1
    outer loop
      vertex 27.225 0 0
      vertex -27.225 0 0
      vertex -17.225 5 0
    endloop
  endfacet
  facet normal 0 0 -1
    outer loop
      vertex 127 -3 0
      vertex -27.225 0 0
      vertex 27.225 0 0
    endloop
  endfacet
  facet normal 0 0 -1
    outer loop
      vertex -127 -3 0
      vertex -27.225 0 0
      vertex 127 -3 0
    endloop
  endfacet
  facet normal -0 0 -1
    outer loop
      vertex -27.225 0 0
      vertex -127 -3 0
      vertex -127 0 0
    endloop
  endfacet
  facet normal 0 0 -1
    outer loop
      vertex 17.225 132 0
      vertex 27.225 137 0
      vertex 17.225 5 0
    endloop
  endfacet
  facet normal 0 0 -1
    outer loop
      vertex -17.225 132 0
      vertex 27.225 137 0
      vertex 17.225 132 0
    endloop
  endfacet
  facet normal 0 0 -1
    outer loop
      vertex -17.225 132 0
      vertex -27.225 137 0
      vertex 27.225 137 0
    endloop
  endfacet
  facet normal 0 0 -1
    outer loop
      vertex -27.225 137 0
      vertex -17.225 132 0
      vertex -27.225 0 0
    endloop
  endfacet
  facet normal -1 0 0
    outer loop
      vertex -127 -3 0
      vertex -127 0 133.35
      vertex -127 0 0
    endloop
  endfacet
  facet normal -1 -0 0
    outer loop
      vertex -127 0 133.35
      vertex -127 -3 0
      vertex -127 -3 133.35
    endloop
  endfacet
  facet normal 0 1 -0
    outer loop
      vertex -113.555 0 129.14
      vertex -127 0 133.35
      vertex -27.225 0 133.35
    endloop
  endfacet
  facet normal 0 1 0
    outer loop
      vertex -127 0 133.35
      vertex -113.898 0 129.222
      vertex -114.25 0 129.25
    endloop
  endfacet
  facet normal 0 1 0
    outer loop
      vertex -127 0 133.35
      vertex -113.555 0 129.14
      vertex -113.898 0 129.222
    endloop
  endfacet
  facet normal 0 1 0
    outer loop
      vertex -27.225 0 133.35
      vertex -113.229 0 129.005
      vertex -113.555 0 129.14
    endloop
  endfacet
  facet normal 0 1 0
    outer loop
      vertex -27.225 0 133.35
      vertex -112.927 0 128.82
      vertex -113.229 0 129.005
    endloop
  endfacet
  facet normal 0 1 0
    outer loop
      vertex -27.225 0 133.35
      vertex -112.659 0 128.591
      vertex -112.927 0 128.82
    endloop
  endfacet
  facet normal 0 1 0
    outer loop
      vertex -27.225 0 133.35
      vertex -112.43 0 128.323
      vertex -112.659 0 128.591
    endloop
  endfacet
  facet normal 0 1 0
    outer loop
      vertex -27.225 0 133.35
      vertex -112.245 0 128.021
      vertex -112.43 0 128.323
    endloop
  endfacet
  facet normal 0 1 0
    outer loop
      vertex -27.225 0 133.35
      vertex -112.11 0 127.695
      vertex -112.245 0 128.021
    endloop
  endfacet
  facet normal 0 1 0
    outer loop
      vertex -27.225 0 133.35
      vertex -112.028 0 127.352
      vertex -112.11 0 127.695
    endloop
  endfacet
  facet normal 0 1 0
    outer loop
      vertex -27.225 0 133.35
      vertex -112 0 127
      vertex -112.028 0 127.352
    endloop
  endfacet
  facet normal 0 1 0
    outer loop
      vertex -27.225 0 133.35
      vertex -112.028 0 126.648
      vertex -112 0 127
    endloop
  endfacet
  facet normal 0 1 0
    outer loop
      vertex -27.225 0 133.35
      vertex -112.11 0 126.305
      vertex -112.028 0 126.648
    endloop
  endfacet
  facet normal 0 1 0
    outer loop
      vertex -27.225 0 133.35
      vertex -112.245 0 125.979
      vertex -112.11 0 126.305
    endloop
  endfacet
  facet normal 0 1 0
    outer loop
      vertex -27.225 0 133.35
      vertex -112.43 0 125.677
      vertex -112.245 0 125.979
    endloop
  endfacet
  facet normal 0 1 0
    outer loop
      vertex -27.225 0 133.35
      vertex -112.659 0 125.409
      vertex -112.43 0 125.677
    endloop
  endfacet
  facet normal 0 1 0
    outer loop
      vertex -27.225 0 133.35
      vertex -112.927 0 125.18
      vertex -112.659 0 125.409
    endloop
  endfacet
  facet normal 0 1 0
    outer loop
      vertex -112.927 0 8.17029
      vertex -112.927 0 125.18
      vertex -27.225 0 133.35
    endloop
  endfacet
  facet normal 0 1 0
    outer loop
      vertex -112.927 0 125.18
      vertex -112.927 0 8.17029
      vertex -113.229 0 124.995
    endloop
  endfacet
  facet normal -0 1 0
    outer loop
      vertex -113.229 0 8.35476
      vertex -113.229 0 124.995
      vertex -112.927 0 8.17029
    endloop
  endfacet
  facet normal 0 1 0
    outer loop
      vertex -114.25 0 124.75
      vertex -114.25 0 8.6
      vertex -121.75 0 124.75
    endloop
  endfacet
  facet normal 0 1 0
    outer loop
      vertex -113.898 0 124.778
      vertex -114.25 0 8.6
      vertex -114.25 0 124.75
    endloop
  endfacet
  facet normal 0 1 0
    outer loop
      vertex -113.229 0 124.995
      vertex -113.229 0 8.35476
      vertex -113.555 0 124.86
    endloop
  endfacet
  facet normal 0 1 0
    outer loop
      vertex -113.898 0 124.778
      vertex -113.898 0 8.5723
      vertex -114.25 0 8.6
    endloop
  endfacet
  facet normal 0 1 0
    outer loop
      vertex -113.898 0 124.778
      vertex -113.555 0 8.48988
      vertex -113.898 0 8.5723
    endloop
  endfacet
  facet normal 0 1 0
    outer loop
      vertex -113.555 0 124.86
      vertex -113.555 0 8.48988
      vertex -113.898 0 124.778
    endloop
  endfacet
  facet normal -0 1 0
    outer loop
      vertex -113.555 0 8.48988
      vertex -113.555 0 124.86
      vertex -113.229 0 8.35476
    endloop
  endfacet
  facet normal 0 1 -0
    outer loop
      vertex -27.225 0 0
      vertex -112.927 0 8.17029
      vertex -27.225 0 133.35
    endloop
  endfacet
  facet normal 0 1 0
    outer loop
      vertex -112.927 0 8.17029
      vertex -27.225 0 0
      vertex -112.659 0 7.94099
    endloop
  endfacet
  facet normal 0 1 0
    outer loop
      vertex -112.659 0 7.94099
      vertex -27.225 0 0
      vertex -112.43 0 7.67252
    endloop
  endfacet
  facet normal 0 1 0
    outer loop
      vertex -112.43 0 7.67252
      vertex -27.225 0 0
      vertex -112.245 0 7.37148
    endloop
  endfacet
  facet normal 0 1 0
    outer loop
      vertex -112.245 0 7.37148
      vertex -27.225 0 0
      vertex -112.11 0 7.04529
    endloop
  endfacet
  facet normal 0 1 0
    outer loop
      vertex -112.11 0 7.04529
      vertex -27.225 0 0
      vertex -112.028 0 6.70198
    endloop
  endfacet
  facet normal 0 1 0
    outer loop
      vertex -112.028 0 6.70198
      vertex -27.225 0 0
      vertex -112 0 6.35
    endloop
  endfacet
  facet normal 0 1 0
    outer loop
      vertex -112 0 6.35
      vertex -27.225 0 0
      vertex -112.028 0 5.99802
    endloop
  endfacet
  facet normal 0 1 0
    outer loop
      vertex -112.028 0 5.99802
      vertex -27.225 0 0
      vertex -112.11 0 5.65471
    endloop
  endfacet
  facet normal 0 1 0
    outer loop
      vertex -112.11 0 5.65471
      vertex -27.225 0 0
      vertex -112.245 0 5.32852
    endloop
  endfacet
  facet normal 0 1 0
    outer loop
      vertex -113.898 0 4.1277
      vertex -127 0 0
      vertex -114.25 0 4.1
    endloop
  endfacet
  facet normal 0 1 0
    outer loop
      vertex -113.555 0 4.21012
      vertex -127 0 0
      vertex -113.898 0 4.1277
    endloop
  endfacet
  facet normal 0 1 0
    outer loop
      vertex -127 0 0
      vertex -113.555 0 4.21012
      vertex -27.225 0 0
    endloop
  endfacet
  facet normal 0 1 0
    outer loop
      vertex -113.229 0 4.34523
      vertex -27.225 0 0
      vertex -113.555 0 4.21012
    endloop
  endfacet
  facet normal 0 1 0
    outer loop
      vertex -112.927 0 4.52971
      vertex -27.225 0 0
      vertex -113.229 0 4.34523
    endloop
  endfacet
  facet normal 0 1 0
    outer loop
      vertex -112.659 0 4.75901
      vertex -27.225 0 0
      vertex -112.927 0 4.52971
    endloop
  endfacet
  facet normal 0 1 0
    outer loop
      vertex -112.43 0 5.02748
      vertex -27.225 0 0
      vertex -112.659 0 4.75901
    endloop
  endfacet
  facet normal 0 1 0
    outer loop
      vertex -112.245 0 5.32852
      vertex -27.225 0 0
      vertex -112.43 0 5.02748
    endloop
  endfacet
  facet normal 0 1 -0
    outer loop
      vertex -121.75 0 129.25
      vertex -127 0 133.35
      vertex -114.25 0 129.25
    endloop
  endfacet
  facet normal 0 1 -0
    outer loop
      vertex -122.102 0 129.222
      vertex -127 0 133.35
      vertex -121.75 0 129.25
    endloop
  endfacet
  facet normal 0 1 -0
    outer loop
      vertex -122.445 0 129.14
      vertex -127 0 133.35
      vertex -122.102 0 129.222
    endloop
  endfacet
  facet normal 0 1 -0
    outer loop
      vertex -122.771 0 129.005
      vertex -127 0 133.35
      vertex -122.445 0 129.14
    endloop
  endfacet
  facet normal 0 1 -0
    outer loop
      vertex -123.073 0 128.82
      vertex -127 0 133.35
      vertex -122.771 0 129.005
    endloop
  endfacet
  facet normal 0 1 -0
    outer loop
      vertex -123.341 0 128.591
      vertex -127 0 133.35
      vertex -123.073 0 128.82
    endloop
  endfacet
  facet normal 0 1 -0
    outer loop
      vertex -123.57 0 128.323
      vertex -127 0 133.35
      vertex -123.341 0 128.591
    endloop
  endfacet
  facet normal 0 1 -0
    outer loop
      vertex -123.755 0 128.021
      vertex -127 0 133.35
      vertex -123.57 0 128.323
    endloop
  endfacet
  facet normal 0 1 -0
    outer loop
      vertex -123.89 0 127.695
      vertex -127 0 133.35
      vertex -123.755 0 128.021
    endloop
  endfacet
  facet normal 0 1 -0
    outer loop
      vertex -123.972 0 127.352
      vertex -127 0 133.35
      vertex -123.89 0 127.695
    endloop
  endfacet
  facet normal 0 1 -0
    outer loop
      vertex -124 0 127
      vertex -127 0 133.35
      vertex -123.972 0 127.352
    endloop
  endfacet
  facet normal 0 1 0
    outer loop
      vertex -123.972 0 126.648
      vertex -127 0 133.35
      vertex -124 0 127
    endloop
  endfacet
  facet normal 0 1 0
    outer loop
      vertex -123.89 0 126.305
      vertex -127 0 133.35
      vertex -123.972 0 126.648
    endloop
  endfacet
  facet normal 0 1 0
    outer loop
      vertex -123.755 0 125.979
      vertex -127 0 133.35
      vertex -123.89 0 126.305
    endloop
  endfacet
  facet normal 0 1 0
    outer loop
      vertex -121.75 0 8.6
      vertex -121.75 0 124.75
      vertex -114.25 0 8.6
    endloop
  endfacet
  facet normal 0 1 0
    outer loop
      vertex -121.75 0 124.75
      vertex -121.75 0 8.6
      vertex -122.102 0 124.778
    endloop
  endfacet
  facet normal 0 1 0
    outer loop
      vertex -122.102 0 8.5723
      vertex -122.102 0 124.778
      vertex -121.75 0 8.6
    endloop
  endfacet
  facet normal 0 1 0
    outer loop
      vertex -122.102 0 124.778
      vertex -122.102 0 8.5723
      vertex -122.445 0 124.86
    endloop
  endfacet
  facet normal 0 1 0
    outer loop
      vertex -122.445 0 8.48988
      vertex -122.445 0 124.86
      vertex -122.102 0 8.5723
    endloop
  endfacet
  facet normal 0 1 0
    outer loop
      vertex -122.445 0 124.86
      vertex -122.445 0 8.48988
      vertex -122.771 0 124.995
    endloop
  endfacet
  facet normal 0 1 0
    outer loop
      vertex -122.771 0 8.35476
      vertex -122.771 0 124.995
      vertex -122.445 0 8.48988
    endloop
  endfacet
  facet normal 0 1 0
    outer loop
      vertex -122.771 0 124.995
      vertex -122.771 0 8.35476
      vertex -123.073 0 125.18
    endloop
  endfacet
  facet normal 0 1 0
    outer loop
      vertex -123.073 0 8.17029
      vertex -123.073 0 125.18
      vertex -122.771 0 8.35476
    endloop
  endfacet
  facet normal 0 1 0
    outer loop
      vertex -123.073 0 125.18
      vertex -123.073 0 8.17029
      vertex -123.341 0 125.409
    endloop
  endfacet
  facet normal 0 1 0
    outer loop
      vertex -123.341 0 7.94099
      vertex -123.341 0 125.409
      vertex -123.073 0 8.17029
    endloop
  endfacet
  facet normal 0 1 0
    outer loop
      vertex -123.341 0 125.409
      vertex -123.341 0 7.94099
      vertex -123.57 0 125.677
    endloop
  endfacet
  facet normal 0 1 0
    outer loop
      vertex -123.57 0 7.67252
      vertex -123.57 0 125.677
      vertex -123.341 0 7.94099
    endloop
  endfacet
  facet normal 0 1 0
    outer loop
      vertex -123.57 0 125.677
      vertex -123.57 0 7.67252
      vertex -123.755 0 125.979
    endloop
  endfacet
  facet normal 0 1 0
    outer loop
      vertex -123.755 0 7.37148
      vertex -123.755 0 125.979
      vertex -123.57 0 7.67252
    endloop
  endfacet
  facet normal 0 1 0
    outer loop
      vertex -123.755 0 125.979
      vertex -123.755 0 7.37148
      vertex -127 0 133.35
    endloop
  endfacet
  facet normal 0 1 -0
    outer loop
      vertex -123.89 0 7.04529
      vertex -127 0 133.35
      vertex -123.755 0 7.37148
    endloop
  endfacet
  facet normal 0 1 0
    outer loop
      vertex -127 0 0
      vertex -123.89 0 7.04529
      vertex -123.972 0 6.70198
    endloop
  endfacet
  facet normal 0 1 0
    outer loop
      vertex -127 0 0
      vertex -123.972 0 6.70198
      vertex -124 0 6.35
    endloop
  endfacet
  facet normal 0 1 0
    outer loop
      vertex -123.89 0 7.04529
      vertex -127 0 0
      vertex -127 0 133.35
    endloop
  endfacet
  facet normal 0 1 0
    outer loop
      vertex -123.972 0 5.99802
      vertex -127 0 0
      vertex -124 0 6.35
    endloop
  endfacet
  facet normal 0 1 0
    outer loop
      vertex -123.89 0 5.65471
      vertex -127 0 0
      vertex -123.972 0 5.99802
    endloop
  endfacet
  facet normal 0 1 0
    outer loop
      vertex -123.755 0 5.32852
      vertex -127 0 0
      vertex -123.89 0 5.65471
    endloop
  endfacet
  facet normal 0 1 0
    outer loop
      vertex -123.57 0 5.02748
      vertex -127 0 0
      vertex -123.755 0 5.32852
    endloop
  endfacet
  facet normal 0 1 0
    outer loop
      vertex -123.341 0 4.75901
      vertex -127 0 0
      vertex -123.57 0 5.02748
    endloop
  endfacet
  facet normal 0 1 0
    outer loop
      vertex -123.073 0 4.52971
      vertex -127 0 0
      vertex -123.341 0 4.75901
    endloop
  endfacet
  facet normal 0 1 0
    outer loop
      vertex -122.771 0 4.34523
      vertex -127 0 0
      vertex -123.073 0 4.52971
    endloop
  endfacet
  facet normal 0 1 0
    outer loop
      vertex -122.445 0 4.21012
      vertex -127 0 0
      vertex -122.771 0 4.34523
    endloop
  endfacet
  facet normal 0 1 0
    outer loop
      vertex -122.102 0 4.1277
      vertex -127 0 0
      vertex -122.445 0 4.21012
    endloop
  endfacet
  facet normal 0 1 0
    outer loop
      vertex -121.75 0 4.1
      vertex -127 0 0
      vertex -122.102 0 4.1277
    endloop
  endfacet
  facet normal 0 1 0
    outer loop
      vertex -114.25 0 4.1
      vertex -127 0 0
      vertex -121.75 0 4.1
    endloop
  endfacet
  facet normal 0 1 0
    outer loop
      vertex 114.25 0 129.25
      vertex 127 0 133.35
      vertex 121.75 0 129.25
    endloop
  endfacet
  facet normal 0 1 0
    outer loop
      vertex 127 0 133.35
      vertex 122.102 0 129.222
      vertex 121.75 0 129.25
    endloop
  endfacet
  facet normal 0 1 0
    outer loop
      vertex 127 0 133.35
      vertex 122.445 0 129.14
      vertex 122.102 0 129.222
    endloop
  endfacet
  facet normal 0 1 0
    outer loop
      vertex 127 0 133.35
      vertex 122.771 0 129.005
      vertex 122.445 0 129.14
    endloop
  endfacet
  facet normal 0 1 0
    outer loop
      vertex 127 0 133.35
      vertex 123.073 0 128.82
      vertex 122.771 0 129.005
    endloop
  endfacet
  facet normal 0 1 0
    outer loop
      vertex 127 0 133.35
      vertex 123.341 0 128.591
      vertex 123.073 0 128.82
    endloop
  endfacet
  facet normal 0 1 0
    outer loop
      vertex 127 0 133.35
      vertex 123.57 0 128.323
      vertex 123.341 0 128.591
    endloop
  endfacet
  facet normal 0 1 0
    outer loop
      vertex 127 0 133.35
      vertex 123.755 0 128.021
      vertex 123.57 0 128.323
    endloop
  endfacet
  facet normal 0 1 0
    outer loop
      vertex 127 0 133.35
      vertex 123.89 0 127.695
      vertex 123.755 0 128.021
    endloop
  endfacet
  facet normal 0 1 0
    outer loop
      vertex 127 0 133.35
      vertex 123.972 0 127.352
      vertex 123.89 0 127.695
    endloop
  endfacet
  facet normal 0 1 0
    outer loop
      vertex 127 0 133.35
      vertex 124 0 127
      vertex 123.972 0 127.352
    endloop
  endfacet
  facet normal 0 1 0
    outer loop
      vertex 127 0 133.35
      vertex 123.972 0 126.648
      vertex 124 0 127
    endloop
  endfacet
  facet normal 0 1 0
    outer loop
      vertex 127 0 133.35
      vertex 123.89 0 126.305
      vertex 123.972 0 126.648
    endloop
  endfacet
  facet normal 0 1 0
    outer loop
      vertex 127 0 133.35
      vertex 123.755 0 125.979
      vertex 123.89 0 126.305
    endloop
  endfacet
  facet normal 0 1 0
    outer loop
      vertex 121.75 0 124.75
      vertex 121.75 0 8.6
      vertex 114.25 0 124.75
    endloop
  endfacet
  facet normal 0 1 0
    outer loop
      vertex 122.102 0 124.778
      vertex 121.75 0 8.6
      vertex 121.75 0 124.75
    endloop
  endfacet
  facet normal 0 1 0
    outer loop
      vertex 122.102 0 8.5723
      vertex 122.102 0 124.778
      vertex 122.445 0 124.86
    endloop
  endfacet
  facet normal 0 1 0
    outer loop
      vertex 122.445 0 8.48988
      vertex 122.445 0 124.86
      vertex 122.771 0 124.995
    endloop
  endfacet
  facet normal 0 1 0
    outer loop
      vertex 122.771 0 8.35476
      vertex 122.771 0 124.995
      vertex 123.073 0 125.18
    endloop
  endfacet
  facet normal 0 1 0
    outer loop
      vertex 123.073 0 8.17029
      vertex 123.073 0 125.18
      vertex 123.341 0 125.409
    endloop
  endfacet
  facet normal 0 1 0
    outer loop
      vertex 123.341 0 7.94099
      vertex 123.341 0 125.409
      vertex 123.57 0 125.677
    endloop
  endfacet
  facet normal 0 1 0
    outer loop
      vertex 123.57 0 7.67252
      vertex 123.57 0 125.677
      vertex 123.755 0 125.979
    endloop
  endfacet
  facet normal 0 1 0
    outer loop
      vertex 123.755 0 7.37148
      vertex 123.755 0 125.979
      vertex 127 0 133.35
    endloop
  endfacet
  facet normal 0 1 0
    outer loop
      vertex 122.102 0 124.778
      vertex 122.102 0 8.5723
      vertex 121.75 0 8.6
    endloop
  endfacet
  facet normal 0 1 0
    outer loop
      vertex 122.445 0 124.86
      vertex 122.445 0 8.48988
      vertex 122.102 0 8.5723
    endloop
  endfacet
  facet normal 0 1 0
    outer loop
      vertex 122.771 0 124.995
      vertex 122.771 0 8.35476
      vertex 122.445 0 8.48988
    endloop
  endfacet
  facet normal 0 1 0
    outer loop
      vertex 123.073 0 125.18
      vertex 123.073 0 8.17029
      vertex 122.771 0 8.35476
    endloop
  endfacet
  facet normal 0 1 0
    outer loop
      vertex 123.341 0 125.409
      vertex 123.341 0 7.94099
      vertex 123.073 0 8.17029
    endloop
  endfacet
  facet normal 0 1 0
    outer loop
      vertex 123.57 0 125.677
      vertex 123.57 0 7.67252
      vertex 123.341 0 7.94099
    endloop
  endfacet
  facet normal 0 1 0
    outer loop
      vertex 123.755 0 125.979
      vertex 123.755 0 7.37148
      vertex 123.57 0 7.67252
    endloop
  endfacet
  facet normal 0 1 0
    outer loop
      vertex 127 0 133.35
      vertex 123.89 0 7.04529
      vertex 123.755 0 7.37148
    endloop
  endfacet
  facet normal 0 1 -0
    outer loop
      vertex 127 0 0
      vertex 123.89 0 7.04529
      vertex 127 0 133.35
    endloop
  endfacet
  facet normal 0 1 0
    outer loop
      vertex 123.89 0 7.04529
      vertex 127 0 0
      vertex 123.972 0 6.70198
    endloop
  endfacet
  facet normal 0 1 0
    outer loop
      vertex 121.75 0 4.1
      vertex 127 0 0
      vertex 114.25 0 4.1
    endloop
  endfacet
  facet normal 0 1 0
    outer loop
      vertex 122.102 0 4.1277
      vertex 127 0 0
      vertex 121.75 0 4.1
    endloop
  endfacet
  facet normal 0 1 0
    outer loop
      vertex 122.445 0 4.21012
      vertex 127 0 0
      vertex 122.102 0 4.1277
    endloop
  endfacet
  facet normal 0 1 0
    outer loop
      vertex 122.771 0 4.34523
      vertex 127 0 0
      vertex 122.445 0 4.21012
    endloop
  endfacet
  facet normal 0 1 0
    outer loop
      vertex 123.073 0 4.52971
      vertex 127 0 0
      vertex 122.771 0 4.34523
    endloop
  endfacet
  facet normal 0 1 0
    outer loop
      vertex 123.341 0 4.75901
      vertex 127 0 0
      vertex 123.073 0 4.52971
    endloop
  endfacet
  facet normal 0 1 0
    outer loop
      vertex 123.57 0 5.02748
      vertex 127 0 0
      vertex 123.341 0 4.75901
    endloop
  endfacet
  facet normal 0 1 0
    outer loop
      vertex 123.755 0 5.32852
      vertex 127 0 0
      vertex 123.57 0 5.02748
    endloop
  endfacet
  facet normal 0 1 0
    outer loop
      vertex 123.89 0 5.65471
      vertex 127 0 0
      vertex 123.755 0 5.32852
    endloop
  endfacet
  facet normal 0 1 0
    outer loop
      vertex 123.972 0 5.99802
      vertex 127 0 0
      vertex 123.89 0 5.65471
    endloop
  endfacet
  facet normal 0 1 0
    outer loop
      vertex 124 0 6.35
      vertex 127 0 0
      vertex 123.972 0 5.99802
    endloop
  endfacet
  facet normal 0 1 0
    outer loop
      vertex 123.972 0 6.70198
      vertex 127 0 0
      vertex 124 0 6.35
    endloop
  endfacet
  facet normal 0 1 0
    outer loop
      vertex 113.898 0 129.222
      vertex 127 0 133.35
      vertex 114.25 0 129.25
    endloop
  endfacet
  facet normal 0 1 0
    outer loop
      vertex 113.555 0 129.14
      vertex 127 0 133.35
      vertex 113.898 0 129.222
    endloop
  endfacet
  facet normal 0 1 0
    outer loop
      vertex 127 0 133.35
      vertex 113.555 0 129.14
      vertex 27.225 0 133.35
    endloop
  endfacet
  facet normal 0 1 -0
    outer loop
      vertex 113.229 0 129.005
      vertex 27.225 0 133.35
      vertex 113.555 0 129.14
    endloop
  endfacet
  facet normal 0 1 -0
    outer loop
      vertex 112.927 0 128.82
      vertex 27.225 0 133.35
      vertex 113.229 0 129.005
    endloop
  endfacet
  facet normal 0 1 -0
    outer loop
      vertex 112.659 0 128.591
      vertex 27.225 0 133.35
      vertex 112.927 0 128.82
    endloop
  endfacet
  facet normal 0 1 -0
    outer loop
      vertex 112.43 0 128.323
      vertex 27.225 0 133.35
      vertex 112.659 0 128.591
    endloop
  endfacet
  facet normal 0 1 -0
    outer loop
      vertex 112.245 0 128.021
      vertex 27.225 0 133.35
      vertex 112.43 0 128.323
    endloop
  endfacet
  facet normal 0 1 -0
    outer loop
      vertex 112.11 0 127.695
      vertex 27.225 0 133.35
      vertex 112.245 0 128.021
    endloop
  endfacet
  facet normal 0 1 -0
    outer loop
      vertex 112.028 0 127.352
      vertex 27.225 0 133.35
      vertex 112.11 0 127.695
    endloop
  endfacet
  facet normal 0 1 -0
    outer loop
      vertex 112 0 127
      vertex 27.225 0 133.35
      vertex 112.028 0 127.352
    endloop
  endfacet
  facet normal 0 1 0
    outer loop
      vertex 112.028 0 126.648
      vertex 27.225 0 133.35
      vertex 112 0 127
    endloop
  endfacet
  facet normal 0 1 0
    outer loop
      vertex 112.11 0 126.305
      vertex 27.225 0 133.35
      vertex 112.028 0 126.648
    endloop
  endfacet
  facet normal 0 1 0
    outer loop
      vertex 112.245 0 125.979
      vertex 27.225 0 133.35
      vertex 112.11 0 126.305
    endloop
  endfacet
  facet normal 0 1 0
    outer loop
      vertex 112.43 0 125.677
      vertex 27.225 0 133.35
      vertex 112.245 0 125.979
    endloop
  endfacet
  facet normal 0 1 0
    outer loop
      vertex 112.659 0 125.409
      vertex 27.225 0 133.35
      vertex 112.43 0 125.677
    endloop
  endfacet
  facet normal 0 1 0
    outer loop
      vertex 112.927 0 125.18
      vertex 27.225 0 133.35
      vertex 112.659 0 125.409
    endloop
  endfacet
  facet normal 0 1 0
    outer loop
      vertex 112.927 0 8.17029
      vertex 112.927 0 125.18
      vertex 113.229 0 124.995
    endloop
  endfacet
  facet normal 0 1 0
    outer loop
      vertex 113.229 0 8.35476
      vertex 113.229 0 124.995
      vertex 113.555 0 124.86
    endloop
  endfacet
  facet normal 0 1 0
    outer loop
      vertex 113.555 0 8.48988
      vertex 113.555 0 124.86
      vertex 113.898 0 124.778
    endloop
  endfacet
  facet normal 0 1 0
    outer loop
      vertex 114.25 0 8.6
      vertex 114.25 0 124.75
      vertex 121.75 0 8.6
    endloop
  endfacet
  facet normal 0 1 0
    outer loop
      vertex 114.25 0 124.75
      vertex 114.25 0 8.6
      vertex 113.898 0 124.778
    endloop
  endfacet
  facet normal 0 1 0
    outer loop
      vertex 113.898 0 8.5723
      vertex 113.898 0 124.778
      vertex 114.25 0 8.6
    endloop
  endfacet
  facet normal 0 1 0
    outer loop
      vertex 113.555 0 8.48988
      vertex 113.898 0 124.778
      vertex 113.898 0 8.5723
    endloop
  endfacet
  facet normal 0 1 0
    outer loop
      vertex 113.555 0 124.86
      vertex 113.555 0 8.48988
      vertex 113.229 0 8.35476
    endloop
  endfacet
  facet normal 0 1 0
    outer loop
      vertex 113.229 0 124.995
      vertex 113.229 0 8.35476
      vertex 112.927 0 8.17029
    endloop
  endfacet
  facet normal 0 1 0
    outer loop
      vertex 112.927 0 125.18
      vertex 112.927 0 8.17029
      vertex 27.225 0 133.35
    endloop
  endfacet
  facet normal 0 1 0
    outer loop
      vertex 27.225 0 0
      vertex 112.927 0 8.17029
      vertex 112.659 0 7.94099
    endloop
  endfacet
  facet normal 0 1 0
    outer loop
      vertex 27.225 0 0
      vertex 112.659 0 7.94099
      vertex 112.43 0 7.67252
    endloop
  endfacet
  facet normal 0 1 0
    outer loop
      vertex 27.225 0 0
      vertex 112.43 0 7.67252
      vertex 112.245 0 7.37148
    endloop
  endfacet
  facet normal 0 1 0
    outer loop
      vertex 27.225 0 0
      vertex 112.245 0 7.37148
      vertex 112.11 0 7.04529
    endloop
  endfacet
  facet normal 0 1 0
    outer loop
      vertex 27.225 0 0
      vertex 112.11 0 7.04529
      vertex 112.028 0 6.70198
    endloop
  endfacet
  facet normal 0 1 0
    outer loop
      vertex 27.225 0 0
      vertex 112.028 0 6.70198
      vertex 112 0 6.35
    endloop
  endfacet
  facet normal 0 1 0
    outer loop
      vertex 27.225 0 0
      vertex 112 0 6.35
      vertex 112.028 0 5.99802
    endloop
  endfacet
  facet normal 0 1 0
    outer loop
      vertex 27.225 0 0
      vertex 112.028 0 5.99802
      vertex 112.11 0 5.65471
    endloop
  endfacet
  facet normal 0 1 0
    outer loop
      vertex 27.225 0 0
      vertex 112.11 0 5.65471
      vertex 112.245 0 5.32852
    endloop
  endfacet
  facet normal 0 1 0
    outer loop
      vertex 27.225 0 0
      vertex 112.245 0 5.32852
      vertex 112.43 0 5.02748
    endloop
  endfacet
  facet normal 0 1 0
    outer loop
      vertex 127 0 0
      vertex 113.898 0 4.1277
      vertex 114.25 0 4.1
    endloop
  endfacet
  facet normal 0 1 0
    outer loop
      vertex 127 0 0
      vertex 113.555 0 4.21012
      vertex 113.898 0 4.1277
    endloop
  endfacet
  facet normal 0 1 0
    outer loop
      vertex 112.927 0 8.17029
      vertex 27.225 0 0
      vertex 27.225 0 133.35
    endloop
  endfacet
  facet normal 0 1 0
    outer loop
      vertex 112.659 0 4.75901
      vertex 27.225 0 0
      vertex 112.43 0 5.02748
    endloop
  endfacet
  facet normal 0 1 0
    outer loop
      vertex 112.927 0 4.52971
      vertex 27.225 0 0
      vertex 112.659 0 4.75901
    endloop
  endfacet
  facet normal 0 1 0
    outer loop
      vertex 113.229 0 4.34523
      vertex 27.225 0 0
      vertex 112.927 0 4.52971
    endloop
  endfacet
  facet normal 0 1 0
    outer loop
      vertex 113.555 0 4.21012
      vertex 27.225 0 0
      vertex 113.229 0 4.34523
    endloop
  endfacet
  facet normal 0 1 0
    outer loop
      vertex 27.225 0 0
      vertex 113.555 0 4.21012
      vertex 127 0 0
    endloop
  endfacet
  facet normal 0 1 0
    outer loop
      vertex 24.225 0 133.35
      vertex 18.225 0 129.35
      vertex -24.225 0 133.35
    endloop
  endfacet
  facet normal 0 1 0
    outer loop
      vertex 24.225 0 133.35
      vertex 18.225 0 8
      vertex 18.225 0 129.35
    endloop
  endfacet
  facet normal 0 1 0
    outer loop
      vertex 18.225 0 8
      vertex 24.225 0 4
      vertex -18.225 0 8
    endloop
  endfacet
  facet normal 0 1 -0
    outer loop
      vertex 24.225 0 4
      vertex 18.225 0 8
      vertex 24.225 0 133.35
    endloop
  endfacet
  facet normal 0 1 -0
    outer loop
      vertex -18.225 0 129.35
      vertex -24.225 0 133.35
      vertex 18.225 0 129.35
    endloop
  endfacet
  facet normal 0 1 -0
    outer loop
      vertex -18.225 0 8
      vertex -24.225 0 133.35
      vertex -18.225 0 129.35
    endloop
  endfacet
  facet normal 0 1 0
    outer loop
      vertex -18.225 0 8
      vertex -24.225 0 4
      vertex -24.225 0 133.35
    endloop
  endfacet
  facet normal 0 1 0
    outer loop
      vertex -24.225 0 4
      vertex -18.225 0 8
      vertex 24.225 0 4
    endloop
  endfacet
  facet normal 0 -1 0
    outer loop
      vertex 127 -3 133.35
      vertex 113.898 -3 129.222
      vertex 114.25 -3 129.25
    endloop
  endfacet
  facet normal 0 -1 0
    outer loop
      vertex 127 -3 133.35
      vertex 113.555 -3 129.14
      vertex 113.898 -3 129.222
    endloop
  endfacet
  facet normal 0 -1 0
    outer loop
      vertex 18.225 -3 129.35
      vertex 113.229 -3 129.005
      vertex 113.555 -3 129.14
    endloop
  endfacet
  facet normal 0 -1 0
    outer loop
      vertex 18.225 -3 129.35
      vertex 112.927 -3 128.82
      vertex 113.229 -3 129.005
    endloop
  endfacet
  facet normal 0 -1 0
    outer loop
      vertex 18.225 -3 129.35
      vertex 112.659 -3 128.591
      vertex 112.927 -3 128.82
    endloop
  endfacet
  facet normal 0 -1 0
    outer loop
      vertex 18.225 -3 129.35
      vertex 112.43 -3 128.323
      vertex 112.659 -3 128.591
    endloop
  endfacet
  facet normal 0 -1 0
    outer loop
      vertex 18.225 -3 129.35
      vertex 112.245 -3 128.021
      vertex 112.43 -3 128.323
    endloop
  endfacet
  facet normal 0 -1 0
    outer loop
      vertex 18.225 -3 129.35
      vertex 112.11 -3 127.695
      vertex 112.245 -3 128.021
    endloop
  endfacet
  facet normal 0 -1 0
    outer loop
      vertex 18.225 -3 129.35
      vertex 112.028 -3 127.352
      vertex 112.11 -3 127.695
    endloop
  endfacet
  facet normal 0 -1 0
    outer loop
      vertex 18.225 -3 129.35
      vertex 112 -3 127
      vertex 112.028 -3 127.352
    endloop
  endfacet
  facet normal 0 -1 0
    outer loop
      vertex 18.225 -3 129.35
      vertex 112.028 -3 126.648
      vertex 112 -3 127
    endloop
  endfacet
  facet normal 0 -1 0
    outer loop
      vertex 18.225 -3 129.35
      vertex 112.11 -3 126.305
      vertex 112.028 -3 126.648
    endloop
  endfacet
  facet normal 0 -1 0
    outer loop
      vertex 18.225 -3 129.35
      vertex 112.245 -3 125.979
      vertex 112.11 -3 126.305
    endloop
  endfacet
  facet normal 0 -1 0
    outer loop
      vertex 18.225 -3 129.35
      vertex 112.43 -3 125.677
      vertex 112.245 -3 125.979
    endloop
  endfacet
  facet normal 0 -1 0
    outer loop
      vertex 18.225 -3 129.35
      vertex 112.659 -3 125.409
      vertex 112.43 -3 125.677
    endloop
  endfacet
  facet normal 0 -1 0
    outer loop
      vertex 18.225 -3 8
      vertex 112.659 -3 125.409
      vertex 18.225 -3 129.35
    endloop
  endfacet
  facet normal 0 -1 -0
    outer loop
      vertex 112.659 -3 125.409
      vertex 18.225 -3 8
      vertex 112.927 -3 125.18
    endloop
  endfacet
  facet normal -0 -1 0
    outer loop
      vertex 112.927 -3 8.17029
      vertex 112.927 -3 125.18
      vertex 18.225 -3 8
    endloop
  endfacet
  facet normal 0 -1 0
    outer loop
      vertex 112.927 -3 125.18
      vertex 112.927 -3 8.17029
      vertex 113.229 -3 124.995
    endloop
  endfacet
  facet normal -0 -1 0
    outer loop
      vertex 113.229 -3 8.35476
      vertex 113.229 -3 124.995
      vertex 112.927 -3 8.17029
    endloop
  endfacet
  facet normal 0 -1 0
    outer loop
      vertex 114.25 -3 124.75
      vertex 114.25 -3 8.6
      vertex 121.75 -3 124.75
    endloop
  endfacet
  facet normal 0 -1 0
    outer loop
      vertex 113.229 -3 124.995
      vertex 113.229 -3 8.35476
      vertex 113.555 -3 124.86
    endloop
  endfacet
  facet normal 0 -1 -0
    outer loop
      vertex 114.25 -3 124.75
      vertex 113.898 -3 8.5723
      vertex 114.25 -3 8.6
    endloop
  endfacet
  facet normal 0 -1 0
    outer loop
      vertex 113.898 -3 124.778
      vertex 113.898 -3 8.5723
      vertex 114.25 -3 124.75
    endloop
  endfacet
  facet normal -0 -1 0
    outer loop
      vertex 113.898 -3 8.5723
      vertex 113.898 -3 124.778
      vertex 113.555 -3 8.48988
    endloop
  endfacet
  facet normal 0 -1 0
    outer loop
      vertex 113.555 -3 124.86
      vertex 113.555 -3 8.48988
      vertex 113.898 -3 124.778
    endloop
  endfacet
  facet normal -0 -1 0
    outer loop
      vertex 113.555 -3 8.48988
      vertex 113.555 -3 124.86
      vertex 113.229 -3 8.35476
    endloop
  endfacet
  facet normal 0 -1 0
    outer loop
      vertex 18.225 -3 8
      vertex 112.659 -3 7.94099
      vertex 112.927 -3 8.17029
    endloop
  endfacet
  facet normal 0 -1 0
    outer loop
      vertex -112.245 -3 7.37148
      vertex -18.225 -3 8
      vertex -112.43 -3 7.67252
    endloop
  endfacet
  facet normal 0 -1 0
    outer loop
      vertex -112.11 -3 7.04529
      vertex -18.225 -3 8
      vertex -112.245 -3 7.37148
    endloop
  endfacet
  facet normal 0 -1 0
    outer loop
      vertex 18.225 -3 8
      vertex 112.43 -3 7.67252
      vertex 112.659 -3 7.94099
    endloop
  endfacet
  facet normal 0 -1 0
    outer loop
      vertex -112.028 -3 6.70198
      vertex -18.225 -3 8
      vertex -112.11 -3 7.04529
    endloop
  endfacet
  facet normal 0 -1 0
    outer loop
      vertex 18.225 -3 8
      vertex 112.245 -3 7.37148
      vertex 112.43 -3 7.67252
    endloop
  endfacet
  facet normal 0 -1 0
    outer loop
      vertex -112 -3 6.35
      vertex -18.225 -3 8
      vertex -112.028 -3 6.70198
    endloop
  endfacet
  facet normal 0 -1 0
    outer loop
      vertex 18.225 -3 8
      vertex 112.11 -3 7.04529
      vertex 112.245 -3 7.37148
    endloop
  endfacet
  facet normal 0 -1 0
    outer loop
      vertex -112.028 -3 5.99802
      vertex -18.225 -3 8
      vertex -112 -3 6.35
    endloop
  endfacet
  facet normal 0 -1 0
    outer loop
      vertex 18.225 -3 8
      vertex 112.028 -3 6.70198
      vertex 112.11 -3 7.04529
    endloop
  endfacet
  facet normal 0 -1 0
    outer loop
      vertex -112.11 -3 5.65471
      vertex -18.225 -3 8
      vertex -112.028 -3 5.99802
    endloop
  endfacet
  facet normal 0 -1 0
    outer loop
      vertex 18.225 -3 8
      vertex 112 -3 6.35
      vertex 112.028 -3 6.70198
    endloop
  endfacet
  facet normal 0 -1 0
    outer loop
      vertex -112.245 -3 5.32852
      vertex -18.225 -3 8
      vertex -112.11 -3 5.65471
    endloop
  endfacet
  facet normal 0 -1 0
    outer loop
      vertex 18.225 -3 8
      vertex 112.028 -3 5.99802
      vertex 112 -3 6.35
    endloop
  endfacet
  facet normal 0 -1 0
    outer loop
      vertex -112.43 -3 5.02748
      vertex -18.225 -3 8
      vertex -112.245 -3 5.32852
    endloop
  endfacet
  facet normal 0 -1 0
    outer loop
      vertex 18.225 -3 8
      vertex 112.11 -3 5.65471
      vertex 112.028 -3 5.99802
    endloop
  endfacet
  facet normal 0 -1 0
    outer loop
      vertex -112.659 -3 4.75901
      vertex -18.225 -3 8
      vertex -112.43 -3 5.02748
    endloop
  endfacet
  facet normal 0 -1 0
    outer loop
      vertex 18.225 -3 8
      vertex 112.245 -3 5.32852
      vertex 112.11 -3 5.65471
    endloop
  endfacet
  facet normal 0 -1 0
    outer loop
      vertex -112.927 -3 4.52971
      vertex -18.225 -3 8
      vertex -112.659 -3 4.75901
    endloop
  endfacet
  facet normal 0 -1 0
    outer loop
      vertex 18.225 -3 8
      vertex 112.43 -3 5.02748
      vertex 112.245 -3 5.32852
    endloop
  endfacet
  facet normal 0 -1 0
    outer loop
      vertex -113.229 -3 4.34523
      vertex -18.225 -3 8
      vertex -112.927 -3 4.52971
    endloop
  endfacet
  facet normal 0 -1 0
    outer loop
      vertex 18.225 -3 8
      vertex 112.659 -3 4.75901
      vertex 112.43 -3 5.02748
    endloop
  endfacet
  facet normal 0 -1 0
    outer loop
      vertex -113.555 -3 4.21012
      vertex -18.225 -3 8
      vertex -113.229 -3 4.34523
    endloop
  endfacet
  facet normal 0 -1 0
    outer loop
      vertex 18.225 -3 8
      vertex 112.927 -3 4.52971
      vertex 112.659 -3 4.75901
    endloop
  endfacet
  facet normal 0 -1 0
    outer loop
      vertex -127 -3 0
      vertex -18.225 -3 8
      vertex -113.555 -3 4.21012
    endloop
  endfacet
  facet normal 0 -1 0
    outer loop
      vertex 18.225 -3 8
      vertex 113.229 -3 4.34523
      vertex 112.927 -3 4.52971
    endloop
  endfacet
  facet normal 0 -1 -0
    outer loop
      vertex -18.225 -3 8
      vertex -127 -3 0
      vertex 18.225 -3 8
    endloop
  endfacet
  facet normal 0 -1 0
    outer loop
      vertex 18.225 -3 8
      vertex 113.555 -3 4.21012
      vertex 113.229 -3 4.34523
    endloop
  endfacet
  facet normal 0 -1 0
    outer loop
      vertex -127 -3 0
      vertex -113.555 -3 4.21012
      vertex -113.898 -3 4.1277
    endloop
  endfacet
  facet normal 0 -1 0
    outer loop
      vertex 127 -3 0
      vertex 18.225 -3 8
      vertex -127 -3 0
    endloop
  endfacet
  facet normal 0 -1 0
    outer loop
      vertex -127 -3 0
      vertex -113.898 -3 4.1277
      vertex -114.25 -3 4.1
    endloop
  endfacet
  facet normal 0 -1 0
    outer loop
      vertex 18.225 -3 8
      vertex 127 -3 0
      vertex 113.555 -3 4.21012
    endloop
  endfacet
  facet normal 0 -1 0
    outer loop
      vertex -127 -3 133.35
      vertex -18.225 -3 129.35
      vertex 127 -3 133.35
    endloop
  endfacet
  facet normal 0 -1 0
    outer loop
      vertex -114.25 -3 129.25
      vertex -127 -3 133.35
      vertex -121.75 -3 129.25
    endloop
  endfacet
  facet normal 0 -1 0
    outer loop
      vertex -127 -3 133.35
      vertex -122.102 -3 129.222
      vertex -121.75 -3 129.25
    endloop
  endfacet
  facet normal 0 -1 0
    outer loop
      vertex -127 -3 133.35
      vertex -122.445 -3 129.14
      vertex -122.102 -3 129.222
    endloop
  endfacet
  facet normal 0 -1 0
    outer loop
      vertex -127 -3 133.35
      vertex -122.771 -3 129.005
      vertex -122.445 -3 129.14
    endloop
  endfacet
  facet normal 0 -1 0
    outer loop
      vertex -127 -3 133.35
      vertex -123.073 -3 128.82
      vertex -122.771 -3 129.005
    endloop
  endfacet
  facet normal 0 -1 0
    outer loop
      vertex -127 -3 133.35
      vertex -123.341 -3 128.591
      vertex -123.073 -3 128.82
    endloop
  endfacet
  facet normal 0 -1 0
    outer loop
      vertex -127 -3 133.35
      vertex -123.57 -3 128.323
      vertex -123.341 -3 128.591
    endloop
  endfacet
  facet normal 0 -1 0
    outer loop
      vertex -127 -3 133.35
      vertex -123.755 -3 128.021
      vertex -123.57 -3 128.323
    endloop
  endfacet
  facet normal 0 -1 0
    outer loop
      vertex -127 -3 133.35
      vertex -123.89 -3 127.695
      vertex -123.755 -3 128.021
    endloop
  endfacet
  facet normal 0 -1 0
    outer loop
      vertex -127 -3 133.35
      vertex -123.972 -3 127.352
      vertex -123.89 -3 127.695
    endloop
  endfacet
  facet normal 0 -1 0
    outer loop
      vertex -127 -3 133.35
      vertex -124 -3 127
      vertex -123.972 -3 127.352
    endloop
  endfacet
  facet normal 0 -1 0
    outer loop
      vertex -127 -3 133.35
      vertex -123.972 -3 126.648
      vertex -124 -3 127
    endloop
  endfacet
  facet normal 0 -1 0
    outer loop
      vertex -127 -3 133.35
      vertex -123.89 -3 126.305
      vertex -123.972 -3 126.648
    endloop
  endfacet
  facet normal 0 -1 0
    outer loop
      vertex -127 -3 133.35
      vertex -123.755 -3 125.979
      vertex -123.89 -3 126.305
    endloop
  endfacet
  facet normal 0 -1 0
    outer loop
      vertex -121.75 -3 124.75
      vertex -121.75 -3 8.6
      vertex -114.25 -3 124.75
    endloop
  endfacet
  facet normal 0 -1 0
    outer loop
      vertex -122.102 -3 124.778
      vertex -121.75 -3 8.6
      vertex -121.75 -3 124.75
    endloop
  endfacet
  facet normal 0 -1 0
    outer loop
      vertex -122.102 -3 8.5723
      vertex -122.102 -3 124.778
      vertex -122.445 -3 124.86
    endloop
  endfacet
  facet normal 0 -1 0
    outer loop
      vertex -122.445 -3 8.48988
      vertex -122.445 -3 124.86
      vertex -122.771 -3 124.995
    endloop
  endfacet
  facet normal 0 -1 0
    outer loop
      vertex -122.771 -3 8.35476
      vertex -122.771 -3 124.995
      vertex -123.073 -3 125.18
    endloop
  endfacet
  facet normal 0 -1 0
    outer loop
      vertex -123.073 -3 8.17029
      vertex -123.073 -3 125.18
      vertex -123.341 -3 125.409
    endloop
  endfacet
  facet normal 0 -1 0
    outer loop
      vertex -123.341 -3 7.94099
      vertex -123.341 -3 125.409
      vertex -123.57 -3 125.677
    endloop
  endfacet
  facet normal 0 -1 0
    outer loop
      vertex -123.57 -3 7.67252
      vertex -123.57 -3 125.677
      vertex -123.755 -3 125.979
    endloop
  endfacet
  facet normal 0 -1 0
    outer loop
      vertex -123.755 -3 7.37148
      vertex -123.755 -3 125.979
      vertex -127 -3 133.35
    endloop
  endfacet
  facet normal 0 -1 0
    outer loop
      vertex -122.102 -3 124.778
      vertex -122.102 -3 8.5723
      vertex -121.75 -3 8.6
    endloop
  endfacet
  facet normal 0 -1 0
    outer loop
      vertex -122.445 -3 124.86
      vertex -122.445 -3 8.48988
      vertex -122.102 -3 8.5723
    endloop
  endfacet
  facet normal 0 -1 0
    outer loop
      vertex -122.771 -3 124.995
      vertex -122.771 -3 8.35476
      vertex -122.445 -3 8.48988
    endloop
  endfacet
  facet normal 0 -1 0
    outer loop
      vertex -123.073 -3 125.18
      vertex -123.073 -3 8.17029
      vertex -122.771 -3 8.35476
    endloop
  endfacet
  facet normal 0 -1 0
    outer loop
      vertex -123.341 -3 125.409
      vertex -123.341 -3 7.94099
      vertex -123.073 -3 8.17029
    endloop
  endfacet
  facet normal 0 -1 0
    outer loop
      vertex -123.57 -3 125.677
      vertex -123.57 -3 7.67252
      vertex -123.341 -3 7.94099
    endloop
  endfacet
  facet normal 0 -1 0
    outer loop
      vertex -123.755 -3 125.979
      vertex -123.755 -3 7.37148
      vertex -123.57 -3 7.67252
    endloop
  endfacet
  facet normal 0 -1 0
    outer loop
      vertex -127 -3 133.35
      vertex -123.89 -3 7.04529
      vertex -123.755 -3 7.37148
    endloop
  endfacet
  facet normal 0 -1 0
    outer loop
      vertex -127 -3 0
      vertex -123.89 -3 7.04529
      vertex -127 -3 133.35
    endloop
  endfacet
  facet normal 0 -1 0
    outer loop
      vertex -123.89 -3 7.04529
      vertex -127 -3 0
      vertex -123.972 -3 6.70198
    endloop
  endfacet
  facet normal 0 -1 0
    outer loop
      vertex -127 -3 0
      vertex -114.25 -3 4.1
      vertex -121.75 -3 4.1
    endloop
  endfacet
  facet normal 0 -1 0
    outer loop
      vertex 113.555 -3 4.21012
      vertex 127 -3 0
      vertex 113.898 -3 4.1277
    endloop
  endfacet
  facet normal 0 -1 0
    outer loop
      vertex 113.898 -3 4.1277
      vertex 127 -3 0
      vertex 114.25 -3 4.1
    endloop
  endfacet
  facet normal 0 -1 -0
    outer loop
      vertex -122.102 -3 4.1277
      vertex -127 -3 0
      vertex -121.75 -3 4.1
    endloop
  endfacet
  facet normal 0 -1 -0
    outer loop
      vertex -122.445 -3 4.21012
      vertex -127 -3 0
      vertex -122.102 -3 4.1277
    endloop
  endfacet
  facet normal 0 -1 -0
    outer loop
      vertex -122.771 -3 4.34523
      vertex -127 -3 0
      vertex -122.445 -3 4.21012
    endloop
  endfacet
  facet normal 0 -1 -0
    outer loop
      vertex -123.073 -3 4.52971
      vertex -127 -3 0
      vertex -122.771 -3 4.34523
    endloop
  endfacet
  facet normal 0 -1 -0
    outer loop
      vertex -123.341 -3 4.75901
      vertex -127 -3 0
      vertex -123.073 -3 4.52971
    endloop
  endfacet
  facet normal 0 -1 -0
    outer loop
      vertex -123.57 -3 5.02748
      vertex -127 -3 0
      vertex -123.341 -3 4.75901
    endloop
  endfacet
  facet normal 0 -1 -0
    outer loop
      vertex -123.755 -3 5.32852
      vertex -127 -3 0
      vertex -123.57 -3 5.02748
    endloop
  endfacet
  facet normal 0 -1 -0
    outer loop
      vertex -123.89 -3 5.65471
      vertex -127 -3 0
      vertex -123.755 -3 5.32852
    endloop
  endfacet
  facet normal 0 -1 -0
    outer loop
      vertex -123.972 -3 5.99802
      vertex -127 -3 0
      vertex -123.89 -3 5.65471
    endloop
  endfacet
  facet normal 0 -1 -0
    outer loop
      vertex -124 -3 6.35
      vertex -127 -3 0
      vertex -123.972 -3 5.99802
    endloop
  endfacet
  facet normal 0 -1 0
    outer loop
      vertex -123.972 -3 6.70198
      vertex -127 -3 0
      vertex -124 -3 6.35
    endloop
  endfacet
  facet normal 0 -1 0
    outer loop
      vertex 18.225 -3 129.35
      vertex 127 -3 133.35
      vertex -18.225 -3 129.35
    endloop
  endfacet
  facet normal 0 -1 0
    outer loop
      vertex 113.555 -3 129.14
      vertex 127 -3 133.35
      vertex 18.225 -3 129.35
    endloop
  endfacet
  facet normal 0 -1 0
    outer loop
      vertex 121.75 -3 129.25
      vertex 127 -3 133.35
      vertex 114.25 -3 129.25
    endloop
  endfacet
  facet normal 0 -1 0
    outer loop
      vertex 122.102 -3 129.222
      vertex 127 -3 133.35
      vertex 121.75 -3 129.25
    endloop
  endfacet
  facet normal 0 -1 0
    outer loop
      vertex 122.445 -3 129.14
      vertex 127 -3 133.35
      vertex 122.102 -3 129.222
    endloop
  endfacet
  facet normal 0 -1 0
    outer loop
      vertex 122.771 -3 129.005
      vertex 127 -3 133.35
      vertex 122.445 -3 129.14
    endloop
  endfacet
  facet normal 0 -1 0
    outer loop
      vertex 123.073 -3 128.82
      vertex 127 -3 133.35
      vertex 122.771 -3 129.005
    endloop
  endfacet
  facet normal 0 -1 0
    outer loop
      vertex 123.341 -3 128.591
      vertex 127 -3 133.35
      vertex 123.073 -3 128.82
    endloop
  endfacet
  facet normal 0 -1 0
    outer loop
      vertex 123.57 -3 128.323
      vertex 127 -3 133.35
      vertex 123.341 -3 128.591
    endloop
  endfacet
  facet normal 0 -1 0
    outer loop
      vertex 123.755 -3 128.021
      vertex 127 -3 133.35
      vertex 123.57 -3 128.323
    endloop
  endfacet
  facet normal 0 -1 0
    outer loop
      vertex 123.89 -3 127.695
      vertex 127 -3 133.35
      vertex 123.755 -3 128.021
    endloop
  endfacet
  facet normal 0 -1 0
    outer loop
      vertex 123.972 -3 127.352
      vertex 127 -3 133.35
      vertex 123.89 -3 127.695
    endloop
  endfacet
  facet normal 0 -1 0
    outer loop
      vertex 124 -3 127
      vertex 127 -3 133.35
      vertex 123.972 -3 127.352
    endloop
  endfacet
  facet normal 0 -1 0
    outer loop
      vertex 123.972 -3 126.648
      vertex 127 -3 133.35
      vertex 124 -3 127
    endloop
  endfacet
  facet normal 0 -1 0
    outer loop
      vertex 123.89 -3 126.305
      vertex 127 -3 133.35
      vertex 123.972 -3 126.648
    endloop
  endfacet
  facet normal 0 -1 0
    outer loop
      vertex 123.755 -3 125.979
      vertex 127 -3 133.35
      vertex 123.89 -3 126.305
    endloop
  endfacet
  facet normal 0 -1 0
    outer loop
      vertex 121.75 -3 8.6
      vertex 121.75 -3 124.75
      vertex 114.25 -3 8.6
    endloop
  endfacet
  facet normal 0 -1 0
    outer loop
      vertex 121.75 -3 124.75
      vertex 121.75 -3 8.6
      vertex 122.102 -3 124.778
    endloop
  endfacet
  facet normal 0 -1 0
    outer loop
      vertex 122.102 -3 8.5723
      vertex 122.102 -3 124.778
      vertex 121.75 -3 8.6
    endloop
  endfacet
  facet normal 0 -1 0
    outer loop
      vertex 122.102 -3 124.778
      vertex 122.102 -3 8.5723
      vertex 122.445 -3 124.86
    endloop
  endfacet
  facet normal 0 -1 0
    outer loop
      vertex 122.445 -3 8.48988
      vertex 122.445 -3 124.86
      vertex 122.102 -3 8.5723
    endloop
  endfacet
  facet normal 0 -1 0
    outer loop
      vertex 122.445 -3 124.86
      vertex 122.445 -3 8.48988
      vertex 122.771 -3 124.995
    endloop
  endfacet
  facet normal 0 -1 0
    outer loop
      vertex 122.771 -3 8.35476
      vertex 122.771 -3 124.995
      vertex 122.445 -3 8.48988
    endloop
  endfacet
  facet normal 0 -1 0
    outer loop
      vertex 122.771 -3 124.995
      vertex 122.771 -3 8.35476
      vertex 123.073 -3 125.18
    endloop
  endfacet
  facet normal 0 -1 0
    outer loop
      vertex 123.073 -3 8.17029
      vertex 123.073 -3 125.18
      vertex 122.771 -3 8.35476
    endloop
  endfacet
  facet normal 0 -1 0
    outer loop
      vertex 123.073 -3 125.18
      vertex 123.073 -3 8.17029
      vertex 123.341 -3 125.409
    endloop
  endfacet
  facet normal 0 -1 0
    outer loop
      vertex 123.341 -3 7.94099
      vertex 123.341 -3 125.409
      vertex 123.073 -3 8.17029
    endloop
  endfacet
  facet normal 0 -1 0
    outer loop
      vertex 123.341 -3 125.409
      vertex 123.341 -3 7.94099
      vertex 123.57 -3 125.677
    endloop
  endfacet
  facet normal 0 -1 0
    outer loop
      vertex 123.57 -3 7.67252
      vertex 123.57 -3 125.677
      vertex 123.341 -3 7.94099
    endloop
  endfacet
  facet normal 0 -1 0
    outer loop
      vertex 123.57 -3 125.677
      vertex 123.57 -3 7.67252
      vertex 123.755 -3 125.979
    endloop
  endfacet
  facet normal 0 -1 0
    outer loop
      vertex 123.755 -3 7.37148
      vertex 123.755 -3 125.979
      vertex 123.57 -3 7.67252
    endloop
  endfacet
  facet normal 0 -1 0
    outer loop
      vertex 123.755 -3 125.979
      vertex 123.755 -3 7.37148
      vertex 127 -3 133.35
    endloop
  endfacet
  facet normal 0 -1 0
    outer loop
      vertex 123.89 -3 7.04529
      vertex 127 -3 133.35
      vertex 123.755 -3 7.37148
    endloop
  endfacet
  facet normal 0 -1 0
    outer loop
      vertex 127 -3 0
      vertex 123.89 -3 7.04529
      vertex 123.972 -3 6.70198
    endloop
  endfacet
  facet normal 0 -1 0
    outer loop
      vertex 127 -3 0
      vertex 123.972 -3 6.70198
      vertex 124 -3 6.35
    endloop
  endfacet
  facet normal 0 -1 0
    outer loop
      vertex 123.89 -3 7.04529
      vertex 127 -3 0
      vertex 127 -3 133.35
    endloop
  endfacet
  facet normal 0 -1 0
    outer loop
      vertex 123.972 -3 5.99802
      vertex 127 -3 0
      vertex 124 -3 6.35
    endloop
  endfacet
  facet normal 0 -1 0
    outer loop
      vertex 123.89 -3 5.65471
      vertex 127 -3 0
      vertex 123.972 -3 5.99802
    endloop
  endfacet
  facet normal 0 -1 0
    outer loop
      vertex 123.755 -3 5.32852
      vertex 127 -3 0
      vertex 123.89 -3 5.65471
    endloop
  endfacet
  facet normal 0 -1 0
    outer loop
      vertex 123.57 -3 5.02748
      vertex 127 -3 0
      vertex 123.755 -3 5.32852
    endloop
  endfacet
  facet normal 0 -1 0
    outer loop
      vertex 123.341 -3 4.75901
      vertex 127 -3 0
      vertex 123.57 -3 5.02748
    endloop
  endfacet
  facet normal 0 -1 0
    outer loop
      vertex 123.073 -3 4.52971
      vertex 127 -3 0
      vertex 123.341 -3 4.75901
    endloop
  endfacet
  facet normal 0 -1 0
    outer loop
      vertex 122.771 -3 4.34523
      vertex 127 -3 0
      vertex 123.073 -3 4.52971
    endloop
  endfacet
  facet normal 0 -1 0
    outer loop
      vertex 122.445 -3 4.21012
      vertex 127 -3 0
      vertex 122.771 -3 4.34523
    endloop
  endfacet
  facet normal 0 -1 0
    outer loop
      vertex 122.102 -3 4.1277
      vertex 127 -3 0
      vertex 122.445 -3 4.21012
    endloop
  endfacet
  facet normal 0 -1 0
    outer loop
      vertex 121.75 -3 4.1
      vertex 127 -3 0
      vertex 122.102 -3 4.1277
    endloop
  endfacet
  facet normal 0 -1 0
    outer loop
      vertex 114.25 -3 4.1
      vertex 127 -3 0
      vertex 121.75 -3 4.1
    endloop
  endfacet
  facet normal 0 -1 0
    outer loop
      vertex -113.898 -3 129.222
      vertex -127 -3 133.35
      vertex -114.25 -3 129.25
    endloop
  endfacet
  facet normal 0 -1 0
    outer loop
      vertex -113.555 -3 129.14
      vertex -127 -3 133.35
      vertex -113.898 -3 129.222
    endloop
  endfacet
  facet normal 0 -1 0
    outer loop
      vertex -127 -3 133.35
      vertex -113.555 -3 129.14
      vertex -18.225 -3 129.35
    endloop
  endfacet
  facet normal 0 -1 0
    outer loop
      vertex -113.229 -3 129.005
      vertex -18.225 -3 129.35
      vertex -113.555 -3 129.14
    endloop
  endfacet
  facet normal 0 -1 0
    outer loop
      vertex -112.927 -3 128.82
      vertex -18.225 -3 129.35
      vertex -113.229 -3 129.005
    endloop
  endfacet
  facet normal 0 -1 0
    outer loop
      vertex -112.659 -3 128.591
      vertex -18.225 -3 129.35
      vertex -112.927 -3 128.82
    endloop
  endfacet
  facet normal 0 -1 0
    outer loop
      vertex -112.43 -3 128.323
      vertex -18.225 -3 129.35
      vertex -112.659 -3 128.591
    endloop
  endfacet
  facet normal 0 -1 0
    outer loop
      vertex -112.245 -3 128.021
      vertex -18.225 -3 129.35
      vertex -112.43 -3 128.323
    endloop
  endfacet
  facet normal 0 -1 0
    outer loop
      vertex -112.11 -3 127.695
      vertex -18.225 -3 129.35
      vertex -112.245 -3 128.021
    endloop
  endfacet
  facet normal 0 -1 0
    outer loop
      vertex -112.028 -3 127.352
      vertex -18.225 -3 129.35
      vertex -112.11 -3 127.695
    endloop
  endfacet
  facet normal 0 -1 0
    outer loop
      vertex -112 -3 127
      vertex -18.225 -3 129.35
      vertex -112.028 -3 127.352
    endloop
  endfacet
  facet normal 0 -1 0
    outer loop
      vertex -112.028 -3 126.648
      vertex -18.225 -3 129.35
      vertex -112 -3 127
    endloop
  endfacet
  facet normal 0 -1 0
    outer loop
      vertex -112.11 -3 126.305
      vertex -18.225 -3 129.35
      vertex -112.028 -3 126.648
    endloop
  endfacet
  facet normal 0 -1 0
    outer loop
      vertex -112.245 -3 125.979
      vertex -18.225 -3 129.35
      vertex -112.11 -3 126.305
    endloop
  endfacet
  facet normal 0 -1 0
    outer loop
      vertex -112.43 -3 125.677
      vertex -18.225 -3 129.35
      vertex -112.245 -3 125.979
    endloop
  endfacet
  facet normal 0 -1 0
    outer loop
      vertex -112.659 -3 125.409
      vertex -18.225 -3 129.35
      vertex -112.43 -3 125.677
    endloop
  endfacet
  facet normal 0 -1 0
    outer loop
      vertex -18.225 -3 8
      vertex -112.659 -3 125.409
      vertex -112.927 -3 125.18
    endloop
  endfacet
  facet normal 0 -1 0
    outer loop
      vertex -112.927 -3 8.17029
      vertex -112.927 -3 125.18
      vertex -113.229 -3 124.995
    endloop
  endfacet
  facet normal 0 -1 0
    outer loop
      vertex -113.229 -3 8.35476
      vertex -113.229 -3 124.995
      vertex -113.555 -3 124.86
    endloop
  endfacet
  facet normal 0 -1 0
    outer loop
      vertex -113.555 -3 8.48988
      vertex -113.555 -3 124.86
      vertex -113.898 -3 124.778
    endloop
  endfacet
  facet normal 0 -1 0
    outer loop
      vertex -113.898 -3 8.5723
      vertex -113.898 -3 124.778
      vertex -114.25 -3 124.75
    endloop
  endfacet
  facet normal 0 -1 0
    outer loop
      vertex -114.25 -3 8.6
      vertex -114.25 -3 124.75
      vertex -121.75 -3 8.6
    endloop
  endfacet
  facet normal 0 -1 0
    outer loop
      vertex -113.898 -3 8.5723
      vertex -114.25 -3 124.75
      vertex -114.25 -3 8.6
    endloop
  endfacet
  facet normal 0 -1 0
    outer loop
      vertex -113.898 -3 124.778
      vertex -113.898 -3 8.5723
      vertex -113.555 -3 8.48988
    endloop
  endfacet
  facet normal 0 -1 0
    outer loop
      vertex -113.555 -3 124.86
      vertex -113.555 -3 8.48988
      vertex -113.229 -3 8.35476
    endloop
  endfacet
  facet normal 0 -1 0
    outer loop
      vertex -113.229 -3 124.995
      vertex -113.229 -3 8.35476
      vertex -112.927 -3 8.17029
    endloop
  endfacet
  facet normal 0 -1 0
    outer loop
      vertex -112.927 -3 125.18
      vertex -112.927 -3 8.17029
      vertex -18.225 -3 8
    endloop
  endfacet
  facet normal 0 -1 0
    outer loop
      vertex -112.659 -3 125.409
      vertex -18.225 -3 8
      vertex -18.225 -3 129.35
    endloop
  endfacet
  facet normal 0 -1 0
    outer loop
      vertex -112.43 -3 7.67252
      vertex -18.225 -3 8
      vertex -112.659 -3 7.94099
    endloop
  endfacet
  facet normal 0 -1 0
    outer loop
      vertex -112.659 -3 7.94099
      vertex -18.225 -3 8
      vertex -112.927 -3 8.17029
    endloop
  endfacet
  facet normal -1 0 0
    outer loop
      vertex 18.225 -3 8
      vertex 18.225 0 129.35
      vertex 18.225 0 8
    endloop
  endfacet
  facet normal -1 -0 0
    outer loop
      vertex 18.225 0 129.35
      vertex 18.225 -3 8
      vertex 18.225 -3 129.35
    endloop
  endfacet
  facet normal 0 0 -1
    outer loop
      vertex -18.225 -3 129.35
      vertex 18.225 0 129.35
      vertex 18.225 -3 129.35
    endloop
  endfacet
  facet normal -0 0 -1
    outer loop
      vertex 18.225 0 129.35
      vertex -18.225 -3 129.35
      vertex -18.225 0 129.35
    endloop
  endfacet
  facet normal -0 0 1
    outer loop
      vertex -18.225 0 8
      vertex 18.225 -3 8
      vertex 18.225 0 8
    endloop
  endfacet
  facet normal 0 0 1
    outer loop
      vertex 18.225 -3 8
      vertex -18.225 0 8
      vertex -18.225 -3 8
    endloop
  endfacet
  facet normal 1 -0 0
    outer loop
      vertex -18.225 -3 129.35
      vertex -18.225 0 8
      vertex -18.225 0 129.35
    endloop
  endfacet
  facet normal 1 0 0
    outer loop
      vertex -18.225 0 8
      vertex -18.225 -3 129.35
      vertex -18.225 -3 8
    endloop
  endfacet
  facet normal 1 0 0
    outer loop
      vertex 27.225 128.78 12
      vertex 27.225 137 133.35
      vertex 27.225 128.78 125.35
    endloop
  endfacet
  facet normal 1 0 0
    outer loop
      vertex 27.225 137 133.35
      vertex 27.225 115.08 125.35
      vertex 27.225 128.78 125.35
    endloop
  endfacet
  facet normal 1 0 0
    outer loop
      vertex 27.225 115.08 125.35
      vertex 27.225 105.49 125.35
      vertex 27.225 115.08 12
    endloop
  endfacet
  facet normal 1 0 0
    outer loop
      vertex 27.225 137 133.35
      vertex 27.225 105.49 125.35
      vertex 27.225 115.08 125.35
    endloop
  endfacet
  facet normal 1 0 0
    outer loop
      vertex 27.225 137 133.35
      vertex 27.225 91.79 125.35
      vertex 27.225 105.49 125.35
    endloop
  endfacet
  facet normal 1 0 0
    outer loop
      vertex 27.225 91.79 125.35
      vertex 27.225 82.2 125.35
      vertex 27.225 91.79 12
    endloop
  endfacet
  facet normal 1 0 0
    outer loop
      vertex 27.225 137 133.35
      vertex 27.225 82.2 125.35
      vertex 27.225 91.79 125.35
    endloop
  endfacet
  facet normal 1 0 0
    outer loop
      vertex 27.225 137 133.35
      vertex 27.225 68.5 125.35
      vertex 27.225 82.2 125.35
    endloop
  endfacet
  facet normal 1 0 0
    outer loop
      vertex 27.225 68.5 125.35
      vertex 27.225 58.91 125.35
      vertex 27.225 68.5 12
    endloop
  endfacet
  facet normal 1 -0 0
    outer loop
      vertex 27.225 0 133.35
      vertex 27.225 68.5 125.35
      vertex 27.225 137 133.35
    endloop
  endfacet
  facet normal 1 0 0
    outer loop
      vertex 27.225 68.5 125.35
      vertex 27.225 0 133.35
      vertex 27.225 58.91 125.35
    endloop
  endfacet
  facet normal 1 0 0
    outer loop
      vertex 27.225 45.21 125.35
      vertex 27.225 35.62 125.35
      vertex 27.225 45.21 12
    endloop
  endfacet
  facet normal 1 0 0
    outer loop
      vertex 27.225 58.91 125.35
      vertex 27.225 0 133.35
      vertex 27.225 45.21 125.35
    endloop
  endfacet
  facet normal 1 0 0
    outer loop
      vertex 27.225 45.21 125.35
      vertex 27.225 0 133.35
      vertex 27.225 35.62 125.35
    endloop
  endfacet
  facet normal 1 0 0
    outer loop
      vertex 27.225 21.92 125.35
      vertex 27.225 0 133.35
      vertex 27.225 21.92 12
    endloop
  endfacet
  facet normal 1 0 0
    outer loop
      vertex 27.225 35.62 125.35
      vertex 27.225 0 133.35
      vertex 27.225 21.92 125.35
    endloop
  endfacet
  facet normal 1 0 0
    outer loop
      vertex 27.225 137 133.35
      vertex 27.225 128.78 12
      vertex 27.225 137 0
    endloop
  endfacet
  facet normal 1 -0 0
    outer loop
      vertex 27.225 115.08 12
      vertex 27.225 137 0
      vertex 27.225 128.78 12
    endloop
  endfacet
  facet normal 1 0 0
    outer loop
      vertex 27.225 105.49 12
      vertex 27.225 115.08 12
      vertex 27.225 105.49 125.35
    endloop
  endfacet
  facet normal 1 -0 0
    outer loop
      vertex 27.225 105.49 12
      vertex 27.225 137 0
      vertex 27.225 115.08 12
    endloop
  endfacet
  facet normal 1 -0 0
    outer loop
      vertex 27.225 91.79 12
      vertex 27.225 137 0
      vertex 27.225 105.49 12
    endloop
  endfacet
  facet normal 1 0 0
    outer loop
      vertex 27.225 82.2 12
      vertex 27.225 91.79 12
      vertex 27.225 82.2 125.35
    endloop
  endfacet
  facet normal 1 -0 0
    outer loop
      vertex 27.225 82.2 12
      vertex 27.225 137 0
      vertex 27.225 91.79 12
    endloop
  endfacet
  facet normal 1 -0 0
    outer loop
      vertex 27.225 68.5 12
      vertex 27.225 137 0
      vertex 27.225 82.2 12
    endloop
  endfacet
  facet normal 1 0 0
    outer loop
      vertex 27.225 58.91 12
      vertex 27.225 68.5 12
      vertex 27.225 58.91 125.35
    endloop
  endfacet
  facet normal 1 0 0
    outer loop
      vertex 27.225 0 0
      vertex 27.225 68.5 12
      vertex 27.225 58.91 12
    endloop
  endfacet
  facet normal 1 0 0
    outer loop
      vertex 27.225 0 0
      vertex 27.225 58.91 12
      vertex 27.225 45.21 12
    endloop
  endfacet
  facet normal 1 0 0
    outer loop
      vertex 27.225 35.62 12
      vertex 27.225 45.21 12
      vertex 27.225 35.62 125.35
    endloop
  endfacet
  facet normal 1 0 0
    outer loop
      vertex 27.225 0 0
      vertex 27.225 45.21 12
      vertex 27.225 35.62 12
    endloop
  endfacet
  facet normal 1 0 0
    outer loop
      vertex 27.225 0 0
      vertex 27.225 35.62 12
      vertex 27.225 21.92 12
    endloop
  endfacet
  facet normal 1 0 0
    outer loop
      vertex 27.225 68.5 12
      vertex 27.225 0 0
      vertex 27.225 137 0
    endloop
  endfacet
  facet normal 1 0 0
    outer loop
      vertex 27.225 0 0
      vertex 27.225 21.92 12
      vertex 27.225 0 133.35
    endloop
  endfacet
  facet normal 0 0 1
    outer loop
      vertex 24.225 137 4
      vertex 17.225 132 4
      vertex 24.225 0 4
    endloop
  endfacet
  facet normal 0 0 1
    outer loop
      vertex 24.225 137 4
      vertex -17.225 132 4
      vertex 17.225 132 4
    endloop
  endfacet
  facet normal 0 0 1
    outer loop
      vertex -17.225 132 4
      vertex -24.225 137 4
      vertex -17.225 5 4
    endloop
  endfacet
  facet normal -0 0 1
    outer loop
      vertex -24.225 137 4
      vertex -17.225 132 4
      vertex 24.225 137 4
    endloop
  endfacet
  facet normal -0 0 1
    outer loop
      vertex 17.225 5 4
      vertex 24.225 0 4
      vertex 17.225 132 4
    endloop
  endfacet
  facet normal -0 0 1
    outer loop
      vertex -17.225 5 4
      vertex 24.225 0 4
      vertex 17.225 5 4
    endloop
  endfacet
  facet normal 0 0 1
    outer loop
      vertex -17.225 5 4
      vertex -24.225 0 4
      vertex 24.225 0 4
    endloop
  endfacet
  facet normal 0 0 1
    outer loop
      vertex -24.225 0 4
      vertex -17.225 5 4
      vertex -24.225 137 4
    endloop
  endfacet
  facet normal -1 0 0
    outer loop
      vertex -27.225 137 0
      vertex -27.225 128.78 12
      vertex -27.225 137 133.35
    endloop
  endfacet
  facet normal -1 0 0
    outer loop
      vertex -27.225 137 0
      vertex -27.225 115.08 12
      vertex -27.225 128.78 12
    endloop
  endfacet
  facet normal -1 0 0
    outer loop
      vertex -27.225 115.08 12
      vertex -27.225 105.49 12
      vertex -27.225 115.08 125.35
    endloop
  endfacet
  facet normal -1 0 0
    outer loop
      vertex -27.225 137 0
      vertex -27.225 105.49 12
      vertex -27.225 115.08 12
    endloop
  endfacet
  facet normal -1 0 0
    outer loop
      vertex -27.225 137 0
      vertex -27.225 91.79 12
      vertex -27.225 105.49 12
    endloop
  endfacet
  facet normal -1 0 0
    outer loop
      vertex -27.225 91.79 12
      vertex -27.225 82.2 12
      vertex -27.225 91.79 125.35
    endloop
  endfacet
  facet normal -1 0 0
    outer loop
      vertex -27.225 137 0
      vertex -27.225 82.2 12
      vertex -27.225 91.79 12
    endloop
  endfacet
  facet normal -1 0 0
    outer loop
      vertex -27.225 137 0
      vertex -27.225 68.5 12
      vertex -27.225 82.2 12
    endloop
  endfacet
  facet normal -1 0 0
    outer loop
      vertex -27.225 68.5 12
      vertex -27.225 58.91 12
      vertex -27.225 68.5 125.35
    endloop
  endfacet
  facet normal -1 0 0
    outer loop
      vertex -27.225 0 0
      vertex -27.225 68.5 12
      vertex -27.225 137 0
    endloop
  endfacet
  facet normal -1 -0 0
    outer loop
      vertex -27.225 68.5 12
      vertex -27.225 0 0
      vertex -27.225 58.91 12
    endloop
  endfacet
  facet normal -1 0 0
    outer loop
      vertex -27.225 45.21 12
      vertex -27.225 35.62 12
      vertex -27.225 45.21 125.35
    endloop
  endfacet
  facet normal -1 -0 0
    outer loop
      vertex -27.225 58.91 12
      vertex -27.225 0 0
      vertex -27.225 45.21 12
    endloop
  endfacet
  facet normal -1 -0 0
    outer loop
      vertex -27.225 45.21 12
      vertex -27.225 0 0
      vertex -27.225 35.62 12
    endloop
  endfacet
  facet normal -1 0 0
    outer loop
      vertex -27.225 0 133.35
      vertex -27.225 21.92 12
      vertex -27.225 0 0
    endloop
  endfacet
  facet normal -1 -0 0
    outer loop
      vertex -27.225 35.62 12
      vertex -27.225 0 0
      vertex -27.225 21.92 12
    endloop
  endfacet
  facet normal -1 0 0
    outer loop
      vertex -27.225 128.78 125.35
      vertex -27.225 137 133.35
      vertex -27.225 128.78 12
    endloop
  endfacet
  facet normal -1 0 0
    outer loop
      vertex -27.225 115.08 125.35
      vertex -27.225 137 133.35
      vertex -27.225 128.78 125.35
    endloop
  endfacet
  facet normal -1 0 0
    outer loop
      vertex -27.225 105.49 125.35
      vertex -27.225 115.08 125.35
      vertex -27.225 105.49 12
    endloop
  endfacet
  facet normal -1 0 0
    outer loop
      vertex -27.225 105.49 125.35
      vertex -27.225 137 133.35
      vertex -27.225 115.08 125.35
    endloop
  endfacet
  facet normal -1 0 0
    outer loop
      vertex -27.225 91.79 125.35
      vertex -27.225 137 133.35
      vertex -27.225 105.49 125.35
    endloop
  endfacet
  facet normal -1 0 0
    outer loop
      vertex -27.225 82.2 125.35
      vertex -27.225 91.79 125.35
      vertex -27.225 82.2 12
    endloop
  endfacet
  facet normal -1 0 0
    outer loop
      vertex -27.225 82.2 125.35
      vertex -27.225 137 133.35
      vertex -27.225 91.79 125.35
    endloop
  endfacet
  facet normal -1 0 0
    outer loop
      vertex -27.225 68.5 125.35
      vertex -27.225 137 133.35
      vertex -27.225 82.2 125.35
    endloop
  endfacet
  facet normal -1 0 0
    outer loop
      vertex -27.225 58.91 125.35
      vertex -27.225 68.5 125.35
      vertex -27.225 58.91 12
    endloop
  endfacet
  facet normal -1 0 0
    outer loop
      vertex -27.225 0 133.35
      vertex -27.225 68.5 125.35
      vertex -27.225 58.91 125.35
    endloop
  endfacet
  facet normal -1 0 0
    outer loop
      vertex -27.225 0 133.35
      vertex -27.225 58.91 125.35
      vertex -27.225 45.21 125.35
    endloop
  endfacet
  facet normal -1 0 0
    outer loop
      vertex -27.225 35.62 125.35
      vertex -27.225 45.21 125.35
      vertex -27.225 35.62 12
    endloop
  endfacet
  facet normal -1 0 0
    outer loop
      vertex -27.225 0 133.35
      vertex -27.225 45.21 125.35
      vertex -27.225 35.62 125.35
    endloop
  endfacet
  facet normal -1 0 0
    outer loop
      vertex -27.225 0 133.35
      vertex -27.225 35.62 125.35
      vertex -27.225 21.92 125.35
    endloop
  endfacet
  facet normal -1 0 0
    outer loop
      vertex -27.225 68.5 125.35
      vertex -27.225 0 133.35
      vertex -27.225 137 133.35
    endloop
  endfacet
  facet normal -1 0 0
    outer loop
      vertex -27.225 21.92 12
      vertex -27.225 0 133.35
      vertex -27.225 21.92 125.35
    endloop
  endfacet
  facet normal 0 1 0
    outer loop
      vertex 27.225 137 133.35
      vertex 24.225 137 4
      vertex 24.225 137 133.35
    endloop
  endfacet
  facet normal 0 1 0
    outer loop
      vertex 24.225 137 4
      vertex 27.225 137 0
      vertex -24.225 137 4
    endloop
  endfacet
  facet normal 0 1 -0
    outer loop
      vertex 27.225 137 0
      vertex 24.225 137 4
      vertex 27.225 137 133.35
    endloop
  endfacet
  facet normal 0 1 -0
    outer loop
      vertex -24.225 137 4
      vertex -27.225 137 133.35
      vertex -24.225 137 133.35
    endloop
  endfacet
  facet normal 0 1 0
    outer loop
      vertex -24.225 137 4
      vertex -27.225 137 0
      vertex -27.225 137 133.35
    endloop
  endfacet
  facet normal 0 1 0
    outer loop
      vertex -27.225 137 0
      vertex -24.225 137 4
      vertex 27.225 137 0
    endloop
  endfacet
  facet normal -1 0 0
    outer loop
      vertex 17.225 5 0
      vertex 17.225 132 4
      vertex 17.225 132 0
    endloop
  endfacet
  facet normal -1 -0 0
    outer loop
      vertex 17.225 132 4
      vertex 17.225 5 0
      vertex 17.225 5 4
    endloop
  endfacet
  facet normal 1 -0 0
    outer loop
      vertex -17.225 5 4
      vertex -17.225 132 0
      vertex -17.225 132 4
    endloop
  endfacet
  facet normal 1 0 0
    outer loop
      vertex -17.225 132 0
      vertex -17.225 5 4
      vertex -17.225 5 0
    endloop
  endfacet
  facet normal 0 -1 0
    outer loop
      vertex -17.225 132 0
      vertex 17.225 132 4
      vertex -17.225 132 4
    endloop
  endfacet
  facet normal 0 -1 -0
    outer loop
      vertex 17.225 132 4
      vertex -17.225 132 0
      vertex 17.225 132 0
    endloop
  endfacet
  facet normal 0 1 -0
    outer loop
      vertex 17.225 5 0
      vertex -17.225 5 4
      vertex 17.225 5 4
    endloop
  endfacet
  facet normal 0 1 0
    outer loop
      vertex -17.225 5 4
      vertex 17.225 5 0
      vertex -17.225 5 0
    endloop
  endfacet
  facet normal 0 0 -1
    outer loop
      vertex -27.225 21.92 125.35
      vertex -24.225 35.62 125.35
      vertex -24.225 21.92 125.35
    endloop
  endfacet
  facet normal -0 0 -1
    outer loop
      vertex -24.225 35.62 125.35
      vertex -27.225 21.92 125.35
      vertex -27.225 35.62 125.35
    endloop
  endfacet
  facet normal -0 0 1
    outer loop
      vertex -27.225 35.62 12
      vertex -24.225 21.92 12
      vertex -24.225 35.62 12
    endloop
  endfacet
  facet normal 0 0 1
    outer loop
      vertex -24.225 21.92 12
      vertex -27.225 35.62 12
      vertex -27.225 21.92 12
    endloop
  endfacet
  facet normal 0 -1 0
    outer loop
      vertex -27.225 35.62 12
      vertex -24.225 35.62 125.35
      vertex -27.225 35.62 125.35
    endloop
  endfacet
  facet normal 0 -1 -0
    outer loop
      vertex -24.225 35.62 125.35
      vertex -27.225 35.62 12
      vertex -24.225 35.62 12
    endloop
  endfacet
  facet normal 0 1 -0
    outer loop
      vertex -24.225 21.92 12
      vertex -27.225 21.92 125.35
      vertex -24.225 21.92 125.35
    endloop
  endfacet
  facet normal 0 1 0
    outer loop
      vertex -27.225 21.92 125.35
      vertex -24.225 21.92 12
      vertex -27.225 21.92 12
    endloop
  endfacet
  facet normal 0 0 -1
    outer loop
      vertex -27.225 45.21 125.35
      vertex -24.225 58.91 125.35
      vertex -24.225 45.21 125.35
    endloop
  endfacet
  facet normal -0 0 -1
    outer loop
      vertex -24.225 58.91 125.35
      vertex -27.225 45.21 125.35
      vertex -27.225 58.91 125.35
    endloop
  endfacet
  facet normal -0 0 1
    outer loop
      vertex -27.225 58.91 12
      vertex -24.225 45.21 12
      vertex -24.225 58.91 12
    endloop
  endfacet
  facet normal 0 0 1
    outer loop
      vertex -24.225 45.21 12
      vertex -27.225 58.91 12
      vertex -27.225 45.21 12
    endloop
  endfacet
  facet normal 0 -1 0
    outer loop
      vertex -27.225 58.91 12
      vertex -24.225 58.91 125.35
      vertex -27.225 58.91 125.35
    endloop
  endfacet
  facet normal 0 -1 -0
    outer loop
      vertex -24.225 58.91 125.35
      vertex -27.225 58.91 12
      vertex -24.225 58.91 12
    endloop
  endfacet
  facet normal 0 1 -0
    outer loop
      vertex -24.225 45.21 12
      vertex -27.225 45.21 125.35
      vertex -24.225 45.21 125.35
    endloop
  endfacet
  facet normal 0 1 0
    outer loop
      vertex -27.225 45.21 125.35
      vertex -24.225 45.21 12
      vertex -27.225 45.21 12
    endloop
  endfacet
  facet normal 0 0 -1
    outer loop
      vertex -27.225 68.5 125.35
      vertex -24.225 82.2 125.35
      vertex -24.225 68.5 125.35
    endloop
  endfacet
  facet normal -0 0 -1
    outer loop
      vertex -24.225 82.2 125.35
      vertex -27.225 68.5 125.35
      vertex -27.225 82.2 125.35
    endloop
  endfacet
  facet normal -0 0 1
    outer loop
      vertex -27.225 82.2 12
      vertex -24.225 68.5 12
      vertex -24.225 82.2 12
    endloop
  endfacet
  facet normal 0 0 1
    outer loop
      vertex -24.225 68.5 12
      vertex -27.225 82.2 12
      vertex -27.225 68.5 12
    endloop
  endfacet
  facet normal 0 -1 0
    outer loop
      vertex -27.225 82.2 12
      vertex -24.225 82.2 125.35
      vertex -27.225 82.2 125.35
    endloop
  endfacet
  facet normal 0 -1 -0
    outer loop
      vertex -24.225 82.2 125.35
      vertex -27.225 82.2 12
      vertex -24.225 82.2 12
    endloop
  endfacet
  facet normal 0 1 -0
    outer loop
      vertex -24.225 68.5 12
      vertex -27.225 68.5 125.35
      vertex -24.225 68.5 125.35
    endloop
  endfacet
  facet normal 0 1 0
    outer loop
      vertex -27.225 68.5 125.35
      vertex -24.225 68.5 12
      vertex -27.225 68.5 12
    endloop
  endfacet
  facet normal 0 0 -1
    outer loop
      vertex -27.225 91.79 125.35
      vertex -24.225 105.49 125.35
      vertex -24.225 91.79 125.35
    endloop
  endfacet
  facet normal -0 0 -1
    outer loop
      vertex -24.225 105.49 125.35
      vertex -27.225 91.79 125.35
      vertex -27.225 105.49 125.35
    endloop
  endfacet
  facet normal -0 0 1
    outer loop
      vertex -27.225 105.49 12
      vertex -24.225 91.79 12
      vertex -24.225 105.49 12
    endloop
  endfacet
  facet normal 0 0 1
    outer loop
      vertex -24.225 91.79 12
      vertex -27.225 105.49 12
      vertex -27.225 91.79 12
    endloop
  endfacet
  facet normal 0 -1 0
    outer loop
      vertex -27.225 105.49 12
      vertex -24.225 105.49 125.35
      vertex -27.225 105.49 125.35
    endloop
  endfacet
  facet normal 0 -1 -0
    outer loop
      vertex -24.225 105.49 125.35
      vertex -27.225 105.49 12
      vertex -24.225 105.49 12
    endloop
  endfacet
  facet normal 0 1 -0
    outer loop
      vertex -24.225 91.79 12
      vertex -27.225 91.79 125.35
      vertex -24.225 91.79 125.35
    endloop
  endfacet
  facet normal 0 1 0
    outer loop
      vertex -27.225 91.79 125.35
      vertex -24.225 91.79 12
      vertex -27.225 91.79 12
    endloop
  endfacet
  facet normal 0 0 -1
    outer loop
      vertex -27.225 115.08 125.35
      vertex -24.225 128.78 125.35
      vertex -24.225 115.08 125.35
    endloop
  endfacet
  facet normal -0 0 -1
    outer loop
      vertex -24.225 128.78 125.35
      vertex -27.225 115.08 125.35
      vertex -27.225 128.78 125.35
    endloop
  endfacet
  facet normal -0 0 1
    outer loop
      vertex -27.225 128.78 12
      vertex -24.225 115.08 12
      vertex -24.225 128.78 12
    endloop
  endfacet
  facet normal 0 0 1
    outer loop
      vertex -24.225 115.08 12
      vertex -27.225 128.78 12
      vertex -27.225 115.08 12
    endloop
  endfacet
  facet normal 0 -1 0
    outer loop
      vertex -27.225 128.78 12
      vertex -24.225 128.78 125.35
      vertex -27.225 128.78 125.35
    endloop
  endfacet
  facet normal 0 -1 -0
    outer loop
      vertex -24.225 128.78 125.35
      vertex -27.225 128.78 12
      vertex -24.225 128.78 12
    endloop
  endfacet
  facet normal 0 1 -0
    outer loop
      vertex -24.225 115.08 12
      vertex -27.225 115.08 125.35
      vertex -24.225 115.08 125.35
    endloop
  endfacet
  facet normal 0 1 0
    outer loop
      vertex -27.225 115.08 125.35
      vertex -24.225 115.08 12
      vertex -27.225 115.08 12
    endloop
  endfacet
  facet normal 1 0 0
    outer loop
      vertex -24.225 137 133.35
      vertex -24.225 128.78 125.35
      vertex -24.225 137 4
    endloop
  endfacet
  facet normal 1 0 0
    outer loop
      vertex -24.225 137 133.35
      vertex -24.225 115.08 125.35
      vertex -24.225 128.78 125.35
    endloop
  endfacet
  facet normal 1 0 0
    outer loop
      vertex -24.225 115.08 125.35
      vertex -24.225 105.49 125.35
      vertex -24.225 115.08 12
    endloop
  endfacet
  facet normal 1 0 0
    outer loop
      vertex -24.225 137 133.35
      vertex -24.225 105.49 125.35
      vertex -24.225 115.08 125.35
    endloop
  endfacet
  facet normal 1 0 0
    outer loop
      vertex -24.225 137 133.35
      vertex -24.225 91.79 125.35
      vertex -24.225 105.49 125.35
    endloop
  endfacet
  facet normal 1 0 0
    outer loop
      vertex -24.225 91.79 125.35
      vertex -24.225 82.2 125.35
      vertex -24.225 91.79 12
    endloop
  endfacet
  facet normal 1 0 0
    outer loop
      vertex -24.225 137 133.35
      vertex -24.225 82.2 125.35
      vertex -24.225 91.79 125.35
    endloop
  endfacet
  facet normal 1 0 0
    outer loop
      vertex -24.225 137 133.35
      vertex -24.225 68.5 125.35
      vertex -24.225 82.2 125.35
    endloop
  endfacet
  facet normal 1 0 0
    outer loop
      vertex -24.225 68.5 125.35
      vertex -24.225 58.91 125.35
      vertex -24.225 68.5 12
    endloop
  endfacet
  facet normal 1 -0 0
    outer loop
      vertex -24.225 0 133.35
      vertex -24.225 68.5 125.35
      vertex -24.225 137 133.35
    endloop
  endfacet
  facet normal 1 0 0
    outer loop
      vertex -24.225 68.5 125.35
      vertex -24.225 0 133.35
      vertex -24.225 58.91 125.35
    endloop
  endfacet
  facet normal 1 0 0
    outer loop
      vertex -24.225 45.21 125.35
      vertex -24.225 35.62 125.35
      vertex -24.225 45.21 12
    endloop
  endfacet
  facet normal 1 0 0
    outer loop
      vertex -24.225 58.91 125.35
      vertex -24.225 0 133.35
      vertex -24.225 45.21 125.35
    endloop
  endfacet
  facet normal 1 0 0
    outer loop
      vertex -24.225 45.21 125.35
      vertex -24.225 0 133.35
      vertex -24.225 35.62 125.35
    endloop
  endfacet
  facet normal 1 0 0
    outer loop
      vertex -24.225 21.92 125.35
      vertex -24.225 0 133.35
      vertex -24.225 21.92 12
    endloop
  endfacet
  facet normal 1 0 0
    outer loop
      vertex -24.225 35.62 125.35
      vertex -24.225 0 133.35
      vertex -24.225 21.92 125.35
    endloop
  endfacet
  facet normal 1 -0 0
    outer loop
      vertex -24.225 128.78 12
      vertex -24.225 137 4
      vertex -24.225 128.78 125.35
    endloop
  endfacet
  facet normal 1 -0 0
    outer loop
      vertex -24.225 115.08 12
      vertex -24.225 137 4
      vertex -24.225 128.78 12
    endloop
  endfacet
  facet normal 1 0 0
    outer loop
      vertex -24.225 105.49 12
      vertex -24.225 115.08 12
      vertex -24.225 105.49 125.35
    endloop
  endfacet
  facet normal 1 -0 0
    outer loop
      vertex -24.225 105.49 12
      vertex -24.225 137 4
      vertex -24.225 115.08 12
    endloop
  endfacet
  facet normal 1 -0 0
    outer loop
      vertex -24.225 91.79 12
      vertex -24.225 137 4
      vertex -24.225 105.49 12
    endloop
  endfacet
  facet normal 1 0 0
    outer loop
      vertex -24.225 82.2 12
      vertex -24.225 91.79 12
      vertex -24.225 82.2 125.35
    endloop
  endfacet
  facet normal 1 -0 0
    outer loop
      vertex -24.225 82.2 12
      vertex -24.225 137 4
      vertex -24.225 91.79 12
    endloop
  endfacet
  facet normal 1 -0 0
    outer loop
      vertex -24.225 68.5 12
      vertex -24.225 137 4
      vertex -24.225 82.2 12
    endloop
  endfacet
  facet normal 1 0 0
    outer loop
      vertex -24.225 58.91 12
      vertex -24.225 68.5 12
      vertex -24.225 58.91 125.35
    endloop
  endfacet
  facet normal 1 0 0
    outer loop
      vertex -24.225 0 4
      vertex -24.225 68.5 12
      vertex -24.225 58.91 12
    endloop
  endfacet
  facet normal 1 0 0
    outer loop
      vertex -24.225 0 4
      vertex -24.225 58.91 12
      vertex -24.225 45.21 12
    endloop
  endfacet
  facet normal 1 0 0
    outer loop
      vertex -24.225 35.62 12
      vertex -24.225 45.21 12
      vertex -24.225 35.62 125.35
    endloop
  endfacet
  facet normal 1 0 0
    outer loop
      vertex -24.225 0 4
      vertex -24.225 45.21 12
      vertex -24.225 35.62 12
    endloop
  endfacet
  facet normal 1 0 0
    outer loop
      vertex -24.225 0 4
      vertex -24.225 35.62 12
      vertex -24.225 21.92 12
    endloop
  endfacet
  facet normal 1 0 0
    outer loop
      vertex -24.225 68.5 12
      vertex -24.225 0 4
      vertex -24.225 137 4
    endloop
  endfacet
  facet normal 1 0 0
    outer loop
      vertex -24.225 0 4
      vertex -24.225 21.92 12
      vertex -24.225 0 133.35
    endloop
  endfacet
  facet normal 0 0 -1
    outer loop
      vertex 24.225 21.92 125.35
      vertex 27.225 35.62 125.35
      vertex 27.225 21.92 125.35
    endloop
  endfacet
  facet normal -0 0 -1
    outer loop
      vertex 27.225 35.62 125.35
      vertex 24.225 21.92 125.35
      vertex 24.225 35.62 125.35
    endloop
  endfacet
  facet normal -0 0 1
    outer loop
      vertex 24.225 35.62 12
      vertex 27.225 21.92 12
      vertex 27.225 35.62 12
    endloop
  endfacet
  facet normal 0 0 1
    outer loop
      vertex 27.225 21.92 12
      vertex 24.225 35.62 12
      vertex 24.225 21.92 12
    endloop
  endfacet
  facet normal 0 -1 0
    outer loop
      vertex 24.225 35.62 12
      vertex 27.225 35.62 125.35
      vertex 24.225 35.62 125.35
    endloop
  endfacet
  facet normal 0 -1 -0
    outer loop
      vertex 27.225 35.62 125.35
      vertex 24.225 35.62 12
      vertex 27.225 35.62 12
    endloop
  endfacet
  facet normal 0 1 -0
    outer loop
      vertex 27.225 21.92 12
      vertex 24.225 21.92 125.35
      vertex 27.225 21.92 125.35
    endloop
  endfacet
  facet normal 0 1 0
    outer loop
      vertex 24.225 21.92 125.35
      vertex 27.225 21.92 12
      vertex 24.225 21.92 12
    endloop
  endfacet
  facet normal 0 0 -1
    outer loop
      vertex 24.225 45.21 125.35
      vertex 27.225 58.91 125.35
      vertex 27.225 45.21 125.35
    endloop
  endfacet
  facet normal -0 0 -1
    outer loop
      vertex 27.225 58.91 125.35
      vertex 24.225 45.21 125.35
      vertex 24.225 58.91 125.35
    endloop
  endfacet
  facet normal -0 0 1
    outer loop
      vertex 24.225 58.91 12
      vertex 27.225 45.21 12
      vertex 27.225 58.91 12
    endloop
  endfacet
  facet normal 0 0 1
    outer loop
      vertex 27.225 45.21 12
      vertex 24.225 58.91 12
      vertex 24.225 45.21 12
    endloop
  endfacet
  facet normal 0 -1 0
    outer loop
      vertex 24.225 58.91 12
      vertex 27.225 58.91 125.35
      vertex 24.225 58.91 125.35
    endloop
  endfacet
  facet normal 0 -1 -0
    outer loop
      vertex 27.225 58.91 125.35
      vertex 24.225 58.91 12
      vertex 27.225 58.91 12
    endloop
  endfacet
  facet normal 0 1 -0
    outer loop
      vertex 27.225 45.21 12
      vertex 24.225 45.21 125.35
      vertex 27.225 45.21 125.35
    endloop
  endfacet
  facet normal 0 1 0
    outer loop
      vertex 24.225 45.21 125.35
      vertex 27.225 45.21 12
      vertex 24.225 45.21 12
    endloop
  endfacet
  facet normal 0 0 -1
    outer loop
      vertex 24.225 68.5 125.35
      vertex 27.225 82.2 125.35
      vertex 27.225 68.5 125.35
    endloop
  endfacet
  facet normal -0 0 -1
    outer loop
      vertex 27.225 82.2 125.35
      vertex 24.225 68.5 125.35
      vertex 24.225 82.2 125.35
    endloop
  endfacet
  facet normal -0 0 1
    outer loop
      vertex 24.225 82.2 12
      vertex 27.225 68.5 12
      vertex 27.225 82.2 12
    endloop
  endfacet
  facet normal 0 0 1
    outer loop
      vertex 27.225 68.5 12
      vertex 24.225 82.2 12
      vertex 24.225 68.5 12
    endloop
  endfacet
  facet normal 0 -1 0
    outer loop
      vertex 24.225 82.2 12
      vertex 27.225 82.2 125.35
      vertex 24.225 82.2 125.35
    endloop
  endfacet
  facet normal 0 -1 -0
    outer loop
      vertex 27.225 82.2 125.35
      vertex 24.225 82.2 12
      vertex 27.225 82.2 12
    endloop
  endfacet
  facet normal 0 1 -0
    outer loop
      vertex 27.225 68.5 12
      vertex 24.225 68.5 125.35
      vertex 27.225 68.5 125.35
    endloop
  endfacet
  facet normal 0 1 0
    outer loop
      vertex 24.225 68.5 125.35
      vertex 27.225 68.5 12
      vertex 24.225 68.5 12
    endloop
  endfacet
  facet normal 0 0 -1
    outer loop
      vertex 24.225 91.79 125.35
      vertex 27.225 105.49 125.35
      vertex 27.225 91.79 125.35
    endloop
  endfacet
  facet normal -0 0 -1
    outer loop
      vertex 27.225 105.49 125.35
      vertex 24.225 91.79 125.35
      vertex 24.225 105.49 125.35
    endloop
  endfacet
  facet normal -0 0 1
    outer loop
      vertex 24.225 105.49 12
      vertex 27.225 91.79 12
      vertex 27.225 105.49 12
    endloop
  endfacet
  facet normal 0 0 1
    outer loop
      vertex 27.225 91.79 12
      vertex 24.225 105.49 12
      vertex 24.225 91.79 12
    endloop
  endfacet
  facet normal 0 -1 0
    outer loop
      vertex 24.225 105.49 12
      vertex 27.225 105.49 125.35
      vertex 24.225 105.49 125.35
    endloop
  endfacet
  facet normal 0 -1 -0
    outer loop
      vertex 27.225 105.49 125.35
      vertex 24.225 105.49 12
      vertex 27.225 105.49 12
    endloop
  endfacet
  facet normal 0 1 -0
    outer loop
      vertex 27.225 91.79 12
      vertex 24.225 91.79 125.35
      vertex 27.225 91.79 125.35
    endloop
  endfacet
  facet normal 0 1 0
    outer loop
      vertex 24.225 91.79 125.35
      vertex 27.225 91.79 12
      vertex 24.225 91.79 12
    endloop
  endfacet
  facet normal 0 0 -1
    outer loop
      vertex 24.225 115.08 125.35
      vertex 27.225 128.78 125.35
      vertex 27.225 115.08 125.35
    endloop
  endfacet
  facet normal -0 0 -1
    outer loop
      vertex 27.225 128.78 125.35
      vertex 24.225 115.08 125.35
      vertex 24.225 128.78 125.35
    endloop
  endfacet
  facet normal -0 0 1
    outer loop
      vertex 24.225 128.78 12
      vertex 27.225 115.08 12
      vertex 27.225 128.78 12
    endloop
  endfacet
  facet normal 0 0 1
    outer loop
      vertex 27.225 115.08 12
      vertex 24.225 128.78 12
      vertex 24.225 115.08 12
    endloop
  endfacet
  facet normal 0 -1 0
    outer loop
      vertex 24.225 128.78 12
      vertex 27.225 128.78 125.35
      vertex 24.225 128.78 125.35
    endloop
  endfacet
  facet normal 0 -1 -0
    outer loop
      vertex 27.225 128.78 125.35
      vertex 24.225 128.78 12
      vertex 27.225 128.78 12
    endloop
  endfacet
  facet normal 0 1 -0
    outer loop
      vertex 27.225 115.08 12
      vertex 24.225 115.08 125.35
      vertex 27.225 115.08 125.35
    endloop
  endfacet
  facet normal 0 1 0
    outer loop
      vertex 24.225 115.08 125.35
      vertex 27.225 115.08 12
      vertex 24.225 115.08 12
    endloop
  endfacet
  facet normal -1 0 0
    outer loop
      vertex 24.225 137 4
      vertex 24.225 128.78 12
      vertex 24.225 137 133.35
    endloop
  endfacet
  facet normal -1 0 0
    outer loop
      vertex 24.225 137 4
      vertex 24.225 115.08 12
      vertex 24.225 128.78 12
    endloop
  endfacet
  facet normal -1 0 0
    outer loop
      vertex 24.225 115.08 12
      vertex 24.225 105.49 12
      vertex 24.225 115.08 125.35
    endloop
  endfacet
  facet normal -1 0 0
    outer loop
      vertex 24.225 137 4
      vertex 24.225 105.49 12
      vertex 24.225 115.08 12
    endloop
  endfacet
  facet normal -1 0 0
    outer loop
      vertex 24.225 137 4
      vertex 24.225 91.79 12
      vertex 24.225 105.49 12
    endloop
  endfacet
  facet normal -1 0 0
    outer loop
      vertex 24.225 91.79 12
      vertex 24.225 82.2 12
      vertex 24.225 91.79 125.35
    endloop
  endfacet
  facet normal -1 0 0
    outer loop
      vertex 24.225 137 4
      vertex 24.225 82.2 12
      vertex 24.225 91.79 12
    endloop
  endfacet
  facet normal -1 0 0
    outer loop
      vertex 24.225 137 4
      vertex 24.225 68.5 12
      vertex 24.225 82.2 12
    endloop
  endfacet
  facet normal -1 0 0
    outer loop
      vertex 24.225 68.5 12
      vertex 24.225 58.91 12
      vertex 24.225 68.5 125.35
    endloop
  endfacet
  facet normal -1 0 0
    outer loop
      vertex 24.225 0 4
      vertex 24.225 68.5 12
      vertex 24.225 137 4
    endloop
  endfacet
  facet normal -1 -0 0
    outer loop
      vertex 24.225 68.5 12
      vertex 24.225 0 4
      vertex 24.225 58.91 12
    endloop
  endfacet
  facet normal -1 0 0
    outer loop
      vertex 24.225 45.21 12
      vertex 24.225 35.62 12
      vertex 24.225 45.21 125.35
    endloop
  endfacet
  facet normal -1 -0 0
    outer loop
      vertex 24.225 58.91 12
      vertex 24.225 0 4
      vertex 24.225 45.21 12
    endloop
  endfacet
  facet normal -1 -0 0
    outer loop
      vertex 24.225 45.21 12
      vertex 24.225 0 4
      vertex 24.225 35.62 12
    endloop
  endfacet
  facet normal -1 -0 0
    outer loop
      vertex 24.225 21.92 12
      vertex 24.225 0 4
      vertex 24.225 21.92 125.35
    endloop
  endfacet
  facet normal -1 -0 0
    outer loop
      vertex 24.225 35.62 12
      vertex 24.225 0 4
      vertex 24.225 21.92 12
    endloop
  endfacet
  facet normal -1 0 0
    outer loop
      vertex 24.225 128.78 125.35
      vertex 24.225 137 133.35
      vertex 24.225 128.78 12
    endloop
  endfacet
  facet normal -1 0 0
    outer loop
      vertex 24.225 115.08 125.35
      vertex 24.225 137 133.35
      vertex 24.225 128.78 125.35
    endloop
  endfacet
  facet normal -1 0 0
    outer loop
      vertex 24.225 105.49 125.35
      vertex 24.225 115.08 125.35
      vertex 24.225 105.49 12
    endloop
  endfacet
  facet normal -1 0 0
    outer loop
      vertex 24.225 105.49 125.35
      vertex 24.225 137 133.35
      vertex 24.225 115.08 125.35
    endloop
  endfacet
  facet normal -1 0 0
    outer loop
      vertex 24.225 91.79 125.35
      vertex 24.225 137 133.35
      vertex 24.225 105.49 125.35
    endloop
  endfacet
  facet normal -1 0 0
    outer loop
      vertex 24.225 82.2 125.35
      vertex 24.225 91.79 125.35
      vertex 24.225 82.2 12
    endloop
  endfacet
  facet normal -1 0 0
    outer loop
      vertex 24.225 82.2 125.35
      vertex 24.225 137 133.35
      vertex 24.225 91.79 125.35
    endloop
  endfacet
  facet normal -1 0 0
    outer loop
      vertex 24.225 68.5 125.35
      vertex 24.225 137 133.35
      vertex 24.225 82.2 125.35
    endloop
  endfacet
  facet normal -1 0 0
    outer loop
      vertex 24.225 58.91 125.35
      vertex 24.225 68.5 125.35
      vertex 24.225 58.91 12
    endloop
  endfacet
  facet normal -1 0 0
    outer loop
      vertex 24.225 0 133.35
      vertex 24.225 68.5 125.35
      vertex 24.225 58.91 125.35
    endloop
  endfacet
  facet normal -1 0 0
    outer loop
      vertex 24.225 0 133.35
      vertex 24.225 58.91 125.35
      vertex 24.225 45.21 125.35
    endloop
  endfacet
  facet normal -1 0 0
    outer loop
      vertex 24.225 35.62 125.35
      vertex 24.225 45.21 125.35
      vertex 24.225 35.62 12
    endloop
  endfacet
  facet normal -1 0 0
    outer loop
      vertex 24.225 0 133.35
      vertex 24.225 45.21 125.35
      vertex 24.225 35.62 125.35
    endloop
  endfacet
  facet normal -1 0 0
    outer loop
      vertex 24.225 0 133.35
      vertex 24.225 35.62 125.35
      vertex 24.225 21.92 125.35
    endloop
  endfacet
  facet normal -1 0 0
    outer loop
      vertex 24.225 68.5 125.35
      vertex 24.225 0 133.35
      vertex 24.225 137 133.35
    endloop
  endfacet
  facet normal -1 0 0
    outer loop
      vertex 24.225 0 133.35
      vertex 24.225 21.92 125.35
      vertex 24.225 0 4
    endloop
  endfacet
endsolid OpenSCAD_Model
