solid OpenSCAD_Model
  facet normal 0.521295 0 0.853377
    outer loop
      vertex -121.073 0 4.52971
      vertex -120.771 -3 4.34523
      vertex -120.771 0 4.34523
    endloop
  endfacet
  facet normal 0.521295 0 0.853377
    outer loop
      vertex -120.771 -3 4.34523
      vertex -121.073 0 4.52971
      vertex -121.073 -3 4.52971
    endloop
  endfacet
  facet normal 0.923992 0 -0.382412
    outer loop
      vertex -121.755 -3 7.37148
      vertex -121.89 0 7.04529
      vertex -121.755 0 7.37148
    endloop
  endfacet
  facet normal 0.923992 0 -0.382412
    outer loop
      vertex -121.89 0 7.04529
      vertex -121.755 -3 7.37148
      vertex -121.89 -3 7.04529
    endloop
  endfacet
  facet normal 0.233641 0 -0.972323
    outer loop
      vertex -120.445 -3 8.48988
      vertex -120.102 0 8.5723
      vertex -120.102 -3 8.5723
    endloop
  endfacet
  facet normal 0.233641 0 -0.972323
    outer loop
      vertex -120.102 0 8.5723
      vertex -120.445 -3 8.48988
      vertex -120.445 0 8.48988
    endloop
  endfacet
  facet normal -0.851981 0 -0.523573
    outer loop
      vertex -114.245 -3 7.37148
      vertex -114.43 0 7.67252
      vertex -114.245 0 7.37148
    endloop
  endfacet
  facet normal -0.851981 -0 -0.523573
    outer loop
      vertex -114.43 0 7.67252
      vertex -114.245 -3 7.37148
      vertex -114.43 -3 7.67252
    endloop
  endfacet
  facet normal 0.650114 0 0.759837
    outer loop
      vertex -121.341 0 4.75901
      vertex -121.073 -3 4.52971
      vertex -121.073 0 4.52971
    endloop
  endfacet
  facet normal 0.650114 0 0.759837
    outer loop
      vertex -121.073 -3 4.52971
      vertex -121.341 0 4.75901
      vertex -121.341 -3 4.75901
    endloop
  endfacet
  facet normal 0.233641 0 0.972323
    outer loop
      vertex -120.445 0 4.21012
      vertex -120.102 -3 4.1277
      vertex -120.102 0 4.1277
    endloop
  endfacet
  facet normal 0.233641 0 0.972323
    outer loop
      vertex -120.102 -3 4.1277
      vertex -120.445 0 4.21012
      vertex -120.445 -3 4.21012
    endloop
  endfacet
  facet normal 0.97264 -0 0.232316
    outer loop
      vertex -121.972 -3 5.99802
      vertex -121.89 0 5.65471
      vertex -121.972 0 5.99802
    endloop
  endfacet
  facet normal 0.97264 0 0.232316
    outer loop
      vertex -121.89 0 5.65471
      vertex -121.972 -3 5.99802
      vertex -121.89 -3 5.65471
    endloop
  endfacet
  facet normal 0.521274 0 -0.853389
    outer loop
      vertex -121.073 -3 8.17029
      vertex -120.771 0 8.35476
      vertex -120.771 -3 8.35476
    endloop
  endfacet
  facet normal 0.521274 0 -0.853389
    outer loop
      vertex -120.771 0 8.35476
      vertex -121.073 -3 8.17029
      vertex -121.073 0 8.17029
    endloop
  endfacet
  facet normal 0 0 -1
    outer loop
      vertex -119.75 -3 8.6
      vertex -116.25 0 8.6
      vertex -116.25 -3 8.6
    endloop
  endfacet
  facet normal -0 0 -1
    outer loop
      vertex -116.25 0 8.6
      vertex -119.75 -3 8.6
      vertex -119.75 0 8.6
    endloop
  endfacet
  facet normal 0.760819 -0 0.648964
    outer loop
      vertex -121.57 -3 5.02748
      vertex -121.341 0 4.75901
      vertex -121.57 0 5.02748
    endloop
  endfacet
  facet normal 0.760819 0 0.648964
    outer loop
      vertex -121.341 0 4.75901
      vertex -121.57 -3 5.02748
      vertex -121.341 -3 4.75901
    endloop
  endfacet
  facet normal -0.0784506 0 0.996918
    outer loop
      vertex -116.25 0 4.1
      vertex -115.898 -3 4.1277
      vertex -115.898 0 4.1277
    endloop
  endfacet
  facet normal -0.0784506 0 0.996918
    outer loop
      vertex -115.898 -3 4.1277
      vertex -116.25 0 4.1
      vertex -116.25 -3 4.1
    endloop
  endfacet
  facet normal 0.382892 0 -0.923793
    outer loop
      vertex -120.771 -3 8.35476
      vertex -120.445 0 8.48988
      vertex -120.445 -3 8.48988
    endloop
  endfacet
  facet normal 0.382892 0 -0.923793
    outer loop
      vertex -120.445 0 8.48988
      vertex -120.771 -3 8.35476
      vertex -120.771 0 8.35476
    endloop
  endfacet
  facet normal -0.0784506 0 -0.996918
    outer loop
      vertex -116.25 -3 8.6
      vertex -115.898 0 8.5723
      vertex -115.898 -3 8.5723
    endloop
  endfacet
  facet normal -0.0784506 0 -0.996918
    outer loop
      vertex -115.898 0 8.5723
      vertex -116.25 -3 8.6
      vertex -116.25 0 8.6
    endloop
  endfacet
  facet normal 0.996851 0 -0.0792995
    outer loop
      vertex -121.972 -3 6.70198
      vertex -122 0 6.35
      vertex -121.972 0 6.70198
    endloop
  endfacet
  facet normal 0.996851 0 -0.0792995
    outer loop
      vertex -122 0 6.35
      vertex -121.972 -3 6.70198
      vertex -122 -3 6.35
    endloop
  endfacet
  facet normal -0.996851 0 -0.0792995
    outer loop
      vertex -114 -3 6.35
      vertex -114.028 0 6.70198
      vertex -114 0 6.35
    endloop
  endfacet
  facet normal -0.996851 -0 -0.0792995
    outer loop
      vertex -114.028 0 6.70198
      vertex -114 -3 6.35
      vertex -114.028 -3 6.70198
    endloop
  endfacet
  facet normal 0.0784506 0 -0.996918
    outer loop
      vertex -120.102 -3 8.5723
      vertex -119.75 0 8.6
      vertex -119.75 -3 8.6
    endloop
  endfacet
  facet normal 0.0784506 0 -0.996918
    outer loop
      vertex -119.75 0 8.6
      vertex -120.102 -3 8.5723
      vertex -120.102 0 8.5723
    endloop
  endfacet
  facet normal -0 0 1
    outer loop
      vertex -119.75 0 4.1
      vertex -116.25 -3 4.1
      vertex -116.25 0 4.1
    endloop
  endfacet
  facet normal 0 0 1
    outer loop
      vertex -116.25 -3 4.1
      vertex -119.75 0 4.1
      vertex -119.75 -3 4.1
    endloop
  endfacet
  facet normal 0.650114 0 -0.759837
    outer loop
      vertex -121.341 -3 7.94099
      vertex -121.073 0 8.17029
      vertex -121.073 -3 8.17029
    endloop
  endfacet
  facet normal 0.650114 0 -0.759837
    outer loop
      vertex -121.073 0 8.17029
      vertex -121.341 -3 7.94099
      vertex -121.341 0 7.94099
    endloop
  endfacet
  facet normal -0.650114 0 -0.759837
    outer loop
      vertex -114.927 -3 8.17029
      vertex -114.659 0 7.94099
      vertex -114.659 -3 7.94099
    endloop
  endfacet
  facet normal -0.650114 0 -0.759837
    outer loop
      vertex -114.659 0 7.94099
      vertex -114.927 -3 8.17029
      vertex -114.927 0 8.17029
    endloop
  endfacet
  facet normal -0.851981 0 0.523573
    outer loop
      vertex -114.43 -3 5.02748
      vertex -114.245 0 5.32852
      vertex -114.43 0 5.02748
    endloop
  endfacet
  facet normal -0.851981 0 0.523573
    outer loop
      vertex -114.245 0 5.32852
      vertex -114.43 -3 5.02748
      vertex -114.245 -3 5.32852
    endloop
  endfacet
  facet normal -0.382892 0 -0.923793
    outer loop
      vertex -115.555 -3 8.48988
      vertex -115.229 0 8.35476
      vertex -115.229 -3 8.35476
    endloop
  endfacet
  facet normal -0.382892 0 -0.923793
    outer loop
      vertex -115.229 0 8.35476
      vertex -115.555 -3 8.48988
      vertex -115.555 0 8.48988
    endloop
  endfacet
  facet normal 0.923992 -0 0.382412
    outer loop
      vertex -121.89 -3 5.65471
      vertex -121.755 0 5.32852
      vertex -121.89 0 5.65471
    endloop
  endfacet
  facet normal 0.923992 0 0.382412
    outer loop
      vertex -121.755 0 5.32852
      vertex -121.89 -3 5.65471
      vertex -121.755 -3 5.32852
    endloop
  endfacet
  facet normal -0.521274 0 -0.853389
    outer loop
      vertex -115.229 -3 8.35476
      vertex -114.927 0 8.17029
      vertex -114.927 -3 8.17029
    endloop
  endfacet
  facet normal -0.521274 0 -0.853389
    outer loop
      vertex -114.927 0 8.17029
      vertex -115.229 -3 8.35476
      vertex -115.229 0 8.35476
    endloop
  endfacet
  facet normal -0.97264 0 0.232316
    outer loop
      vertex -114.11 -3 5.65471
      vertex -114.028 0 5.99802
      vertex -114.11 0 5.65471
    endloop
  endfacet
  facet normal -0.97264 0 0.232316
    outer loop
      vertex -114.028 0 5.99802
      vertex -114.11 -3 5.65471
      vertex -114.028 -3 5.99802
    endloop
  endfacet
  facet normal 0.851981 -0 0.523573
    outer loop
      vertex -121.755 -3 5.32852
      vertex -121.57 0 5.02748
      vertex -121.755 0 5.32852
    endloop
  endfacet
  facet normal 0.851981 0 0.523573
    outer loop
      vertex -121.57 0 5.02748
      vertex -121.755 -3 5.32852
      vertex -121.57 -3 5.02748
    endloop
  endfacet
  facet normal -0.760819 0 0.648964
    outer loop
      vertex -114.659 -3 4.75901
      vertex -114.43 0 5.02748
      vertex -114.659 0 4.75901
    endloop
  endfacet
  facet normal -0.760819 0 0.648964
    outer loop
      vertex -114.43 0 5.02748
      vertex -114.659 -3 4.75901
      vertex -114.43 -3 5.02748
    endloop
  endfacet
  facet normal -0.97264 0 -0.232316
    outer loop
      vertex -114.028 -3 6.70198
      vertex -114.11 0 7.04529
      vertex -114.028 0 6.70198
    endloop
  endfacet
  facet normal -0.97264 -0 -0.232316
    outer loop
      vertex -114.11 0 7.04529
      vertex -114.028 -3 6.70198
      vertex -114.11 -3 7.04529
    endloop
  endfacet
  facet normal 0.851981 0 -0.523573
    outer loop
      vertex -121.57 -3 7.67252
      vertex -121.755 0 7.37148
      vertex -121.57 0 7.67252
    endloop
  endfacet
  facet normal 0.851981 0 -0.523573
    outer loop
      vertex -121.755 0 7.37148
      vertex -121.57 -3 7.67252
      vertex -121.755 -3 7.37148
    endloop
  endfacet
  facet normal 0.996851 -0 0.0792995
    outer loop
      vertex -122 -3 6.35
      vertex -121.972 0 5.99802
      vertex -122 0 6.35
    endloop
  endfacet
  facet normal 0.996851 0 0.0792995
    outer loop
      vertex -121.972 0 5.99802
      vertex -122 -3 6.35
      vertex -121.972 -3 5.99802
    endloop
  endfacet
  facet normal -0.233641 0 -0.972323
    outer loop
      vertex -115.898 -3 8.5723
      vertex -115.555 0 8.48988
      vertex -115.555 -3 8.48988
    endloop
  endfacet
  facet normal -0.233641 0 -0.972323
    outer loop
      vertex -115.555 0 8.48988
      vertex -115.898 -3 8.5723
      vertex -115.898 0 8.5723
    endloop
  endfacet
  facet normal -0.996851 0 0.0792995
    outer loop
      vertex -114.028 -3 5.99802
      vertex -114 0 6.35
      vertex -114.028 0 5.99802
    endloop
  endfacet
  facet normal -0.996851 0 0.0792995
    outer loop
      vertex -114 0 6.35
      vertex -114.028 -3 5.99802
      vertex -114 -3 6.35
    endloop
  endfacet
  facet normal -0.760819 0 -0.648964
    outer loop
      vertex -114.43 -3 7.67252
      vertex -114.659 0 7.94099
      vertex -114.43 0 7.67252
    endloop
  endfacet
  facet normal -0.760819 -0 -0.648964
    outer loop
      vertex -114.659 0 7.94099
      vertex -114.43 -3 7.67252
      vertex -114.659 -3 7.94099
    endloop
  endfacet
  facet normal 0.760819 0 -0.648964
    outer loop
      vertex -121.341 -3 7.94099
      vertex -121.57 0 7.67252
      vertex -121.341 0 7.94099
    endloop
  endfacet
  facet normal 0.760819 0 -0.648964
    outer loop
      vertex -121.57 0 7.67252
      vertex -121.341 -3 7.94099
      vertex -121.57 -3 7.67252
    endloop
  endfacet
  facet normal 0.0784506 0 0.996918
    outer loop
      vertex -120.102 0 4.1277
      vertex -119.75 -3 4.1
      vertex -119.75 0 4.1
    endloop
  endfacet
  facet normal 0.0784506 0 0.996918
    outer loop
      vertex -119.75 -3 4.1
      vertex -120.102 0 4.1277
      vertex -120.102 -3 4.1277
    endloop
  endfacet
  facet normal -0.923992 0 -0.382412
    outer loop
      vertex -114.11 -3 7.04529
      vertex -114.245 0 7.37148
      vertex -114.11 0 7.04529
    endloop
  endfacet
  facet normal -0.923992 -0 -0.382412
    outer loop
      vertex -114.245 0 7.37148
      vertex -114.11 -3 7.04529
      vertex -114.245 -3 7.37148
    endloop
  endfacet
  facet normal 0.382868 0 0.923803
    outer loop
      vertex -120.771 0 4.34523
      vertex -120.445 -3 4.21012
      vertex -120.445 0 4.21012
    endloop
  endfacet
  facet normal 0.382868 0 0.923803
    outer loop
      vertex -120.445 -3 4.21012
      vertex -120.771 0 4.34523
      vertex -120.771 -3 4.34523
    endloop
  endfacet
  facet normal -0.382868 0 0.923803
    outer loop
      vertex -115.555 0 4.21012
      vertex -115.229 -3 4.34523
      vertex -115.229 0 4.34523
    endloop
  endfacet
  facet normal -0.382868 0 0.923803
    outer loop
      vertex -115.229 -3 4.34523
      vertex -115.555 0 4.21012
      vertex -115.555 -3 4.21012
    endloop
  endfacet
  facet normal -0.233641 0 0.972323
    outer loop
      vertex -115.898 0 4.1277
      vertex -115.555 -3 4.21012
      vertex -115.555 0 4.21012
    endloop
  endfacet
  facet normal -0.233641 0 0.972323
    outer loop
      vertex -115.555 -3 4.21012
      vertex -115.898 0 4.1277
      vertex -115.898 -3 4.1277
    endloop
  endfacet
  facet normal -0.521295 0 0.853377
    outer loop
      vertex -115.229 0 4.34523
      vertex -114.927 -3 4.52971
      vertex -114.927 0 4.52971
    endloop
  endfacet
  facet normal -0.521295 0 0.853377
    outer loop
      vertex -114.927 -3 4.52971
      vertex -115.229 0 4.34523
      vertex -115.229 -3 4.34523
    endloop
  endfacet
  facet normal -0.650114 0 0.759837
    outer loop
      vertex -114.927 0 4.52971
      vertex -114.659 -3 4.75901
      vertex -114.659 0 4.75901
    endloop
  endfacet
  facet normal -0.650114 0 0.759837
    outer loop
      vertex -114.659 -3 4.75901
      vertex -114.927 0 4.52971
      vertex -114.927 -3 4.52971
    endloop
  endfacet
  facet normal 0.97264 0 -0.232316
    outer loop
      vertex -121.89 -3 7.04529
      vertex -121.972 0 6.70198
      vertex -121.89 0 7.04529
    endloop
  endfacet
  facet normal 0.97264 0 -0.232316
    outer loop
      vertex -121.972 0 6.70198
      vertex -121.89 -3 7.04529
      vertex -121.972 -3 6.70198
    endloop
  endfacet
  facet normal -0.923992 0 0.382412
    outer loop
      vertex -114.245 -3 5.32852
      vertex -114.11 0 5.65471
      vertex -114.245 0 5.32852
    endloop
  endfacet
  facet normal -0.923992 0 0.382412
    outer loop
      vertex -114.11 0 5.65471
      vertex -114.245 -3 5.32852
      vertex -114.11 -3 5.65471
    endloop
  endfacet
  facet normal 0.522363 0 0.852723
    outer loop
      vertex -121.073 0 125.18
      vertex -120.771 -3 124.995
      vertex -120.771 0 124.995
    endloop
  endfacet
  facet normal 0.522363 0 0.852723
    outer loop
      vertex -120.771 -3 124.995
      vertex -121.073 0 125.18
      vertex -121.073 -3 125.18
    endloop
  endfacet
  facet normal 0.923913 0 -0.382602
    outer loop
      vertex -121.755 -3 128.021
      vertex -121.89 0 127.695
      vertex -121.755 0 128.021
    endloop
  endfacet
  facet normal 0.923913 0 -0.382602
    outer loop
      vertex -121.89 0 127.695
      vertex -121.755 -3 128.021
      vertex -121.89 -3 127.695
    endloop
  endfacet
  facet normal 0.232515 0 -0.972593
    outer loop
      vertex -120.445 -3 129.14
      vertex -120.102 0 129.222
      vertex -120.102 -3 129.222
    endloop
  endfacet
  facet normal 0.232515 0 -0.972593
    outer loop
      vertex -120.102 0 129.222
      vertex -120.445 -3 129.14
      vertex -120.445 0 129.14
    endloop
  endfacet
  facet normal -0.852723 0 -0.522363
    outer loop
      vertex -114.245 -3 128.021
      vertex -114.43 0 128.323
      vertex -114.245 0 128.021
    endloop
  endfacet
  facet normal -0.852723 -0 -0.522363
    outer loop
      vertex -114.43 0 128.323
      vertex -114.245 -3 128.021
      vertex -114.43 -3 128.323
    endloop
  endfacet
  facet normal 0.649623 0 0.760257
    outer loop
      vertex -121.341 0 125.409
      vertex -121.073 -3 125.18
      vertex -121.073 0 125.18
    endloop
  endfacet
  facet normal 0.649623 0 0.760257
    outer loop
      vertex -121.073 -3 125.18
      vertex -121.341 0 125.409
      vertex -121.341 -3 125.409
    endloop
  endfacet
  facet normal 0.232515 0 0.972593
    outer loop
      vertex -120.445 0 124.86
      vertex -120.102 -3 124.778
      vertex -120.102 0 124.778
    endloop
  endfacet
  facet normal 0.232515 0 0.972593
    outer loop
      vertex -120.102 -3 124.778
      vertex -120.445 0 124.86
      vertex -120.445 -3 124.86
    endloop
  endfacet
  facet normal 0.972593 -0 0.232515
    outer loop
      vertex -121.972 -3 126.648
      vertex -121.89 0 126.305
      vertex -121.972 0 126.648
    endloop
  endfacet
  facet normal 0.972593 0 0.232515
    outer loop
      vertex -121.89 0 126.305
      vertex -121.972 -3 126.648
      vertex -121.89 -3 126.305
    endloop
  endfacet
  facet normal 0.522363 0 -0.852723
    outer loop
      vertex -121.073 -3 128.82
      vertex -120.771 0 129.005
      vertex -120.771 -3 129.005
    endloop
  endfacet
  facet normal 0.522363 0 -0.852723
    outer loop
      vertex -120.771 0 129.005
      vertex -121.073 -3 128.82
      vertex -121.073 0 128.82
    endloop
  endfacet
  facet normal 0 0 -1
    outer loop
      vertex -119.75 -3 129.25
      vertex -116.25 0 129.25
      vertex -116.25 -3 129.25
    endloop
  endfacet
  facet normal -0 0 -1
    outer loop
      vertex -116.25 0 129.25
      vertex -119.75 -3 129.25
      vertex -119.75 0 129.25
    endloop
  endfacet
  facet normal 0.760257 -0 0.649623
    outer loop
      vertex -121.57 -3 125.677
      vertex -121.341 0 125.409
      vertex -121.57 0 125.677
    endloop
  endfacet
  facet normal 0.760257 0 0.649623
    outer loop
      vertex -121.341 0 125.409
      vertex -121.57 -3 125.677
      vertex -121.341 -3 125.409
    endloop
  endfacet
  facet normal -0.079295 0 0.996851
    outer loop
      vertex -116.25 0 124.75
      vertex -115.898 -3 124.778
      vertex -115.898 0 124.778
    endloop
  endfacet
  facet normal -0.079295 0 0.996851
    outer loop
      vertex -115.898 -3 124.778
      vertex -116.25 0 124.75
      vertex -116.25 -3 124.75
    endloop
  endfacet
  facet normal 0.382602 0 -0.923913
    outer loop
      vertex -120.771 -3 129.005
      vertex -120.445 0 129.14
      vertex -120.445 -3 129.14
    endloop
  endfacet
  facet normal 0.382602 0 -0.923913
    outer loop
      vertex -120.445 0 129.14
      vertex -120.771 -3 129.005
      vertex -120.771 0 129.005
    endloop
  endfacet
  facet normal -0.079295 0 -0.996851
    outer loop
      vertex -116.25 -3 129.25
      vertex -115.898 0 129.222
      vertex -115.898 -3 129.222
    endloop
  endfacet
  facet normal -0.079295 0 -0.996851
    outer loop
      vertex -115.898 0 129.222
      vertex -116.25 -3 129.25
      vertex -116.25 0 129.25
    endloop
  endfacet
  facet normal 0.996851 0 -0.079295
    outer loop
      vertex -121.972 -3 127.352
      vertex -122 0 127
      vertex -121.972 0 127.352
    endloop
  endfacet
  facet normal 0.996851 0 -0.079295
    outer loop
      vertex -122 0 127
      vertex -121.972 -3 127.352
      vertex -122 -3 127
    endloop
  endfacet
  facet normal -0.996851 0 -0.079295
    outer loop
      vertex -114 -3 127
      vertex -114.028 0 127.352
      vertex -114 0 127
    endloop
  endfacet
  facet normal -0.996851 -0 -0.079295
    outer loop
      vertex -114.028 0 127.352
      vertex -114 -3 127
      vertex -114.028 -3 127.352
    endloop
  endfacet
  facet normal 0.079295 0 -0.996851
    outer loop
      vertex -120.102 -3 129.222
      vertex -119.75 0 129.25
      vertex -119.75 -3 129.25
    endloop
  endfacet
  facet normal 0.079295 0 -0.996851
    outer loop
      vertex -119.75 0 129.25
      vertex -120.102 -3 129.222
      vertex -120.102 0 129.222
    endloop
  endfacet
  facet normal -0 0 1
    outer loop
      vertex -119.75 0 124.75
      vertex -116.25 -3 124.75
      vertex -116.25 0 124.75
    endloop
  endfacet
  facet normal 0 0 1
    outer loop
      vertex -116.25 -3 124.75
      vertex -119.75 0 124.75
      vertex -119.75 -3 124.75
    endloop
  endfacet
  facet normal 0.649623 0 -0.760257
    outer loop
      vertex -121.341 -3 128.591
      vertex -121.073 0 128.82
      vertex -121.073 -3 128.82
    endloop
  endfacet
  facet normal 0.649623 0 -0.760257
    outer loop
      vertex -121.073 0 128.82
      vertex -121.341 -3 128.591
      vertex -121.341 0 128.591
    endloop
  endfacet
  facet normal -0.649623 0 -0.760257
    outer loop
      vertex -114.927 -3 128.82
      vertex -114.659 0 128.591
      vertex -114.659 -3 128.591
    endloop
  endfacet
  facet normal -0.649623 0 -0.760257
    outer loop
      vertex -114.659 0 128.591
      vertex -114.927 -3 128.82
      vertex -114.927 0 128.82
    endloop
  endfacet
  facet normal -0.852723 0 0.522363
    outer loop
      vertex -114.43 -3 125.677
      vertex -114.245 0 125.979
      vertex -114.43 0 125.677
    endloop
  endfacet
  facet normal -0.852723 0 0.522363
    outer loop
      vertex -114.245 0 125.979
      vertex -114.43 -3 125.677
      vertex -114.245 -3 125.979
    endloop
  endfacet
  facet normal -0.382602 0 -0.923913
    outer loop
      vertex -115.555 -3 129.14
      vertex -115.229 0 129.005
      vertex -115.229 -3 129.005
    endloop
  endfacet
  facet normal -0.382602 0 -0.923913
    outer loop
      vertex -115.229 0 129.005
      vertex -115.555 -3 129.14
      vertex -115.555 0 129.14
    endloop
  endfacet
  facet normal -0.649623 0 0.760257
    outer loop
      vertex -114.927 0 125.18
      vertex -114.659 -3 125.409
      vertex -114.659 0 125.409
    endloop
  endfacet
  facet normal -0.649623 0 0.760257
    outer loop
      vertex -114.659 -3 125.409
      vertex -114.927 0 125.18
      vertex -114.927 -3 125.18
    endloop
  endfacet
  facet normal 0.923913 -0 0.382602
    outer loop
      vertex -121.89 -3 126.305
      vertex -121.755 0 125.979
      vertex -121.89 0 126.305
    endloop
  endfacet
  facet normal 0.923913 0 0.382602
    outer loop
      vertex -121.755 0 125.979
      vertex -121.89 -3 126.305
      vertex -121.755 -3 125.979
    endloop
  endfacet
  facet normal -0.522363 0 -0.852723
    outer loop
      vertex -115.229 -3 129.005
      vertex -114.927 0 128.82
      vertex -114.927 -3 128.82
    endloop
  endfacet
  facet normal -0.522363 0 -0.852723
    outer loop
      vertex -114.927 0 128.82
      vertex -115.229 -3 129.005
      vertex -115.229 0 129.005
    endloop
  endfacet
  facet normal -0.972593 0 0.232515
    outer loop
      vertex -114.11 -3 126.305
      vertex -114.028 0 126.648
      vertex -114.11 0 126.305
    endloop
  endfacet
  facet normal -0.972593 0 0.232515
    outer loop
      vertex -114.028 0 126.648
      vertex -114.11 -3 126.305
      vertex -114.028 -3 126.648
    endloop
  endfacet
  facet normal 0.852723 -0 0.522363
    outer loop
      vertex -121.755 -3 125.979
      vertex -121.57 0 125.677
      vertex -121.755 0 125.979
    endloop
  endfacet
  facet normal 0.852723 0 0.522363
    outer loop
      vertex -121.57 0 125.677
      vertex -121.755 -3 125.979
      vertex -121.57 -3 125.677
    endloop
  endfacet
  facet normal -0.760257 0 0.649623
    outer loop
      vertex -114.659 -3 125.409
      vertex -114.43 0 125.677
      vertex -114.659 0 125.409
    endloop
  endfacet
  facet normal -0.760257 0 0.649623
    outer loop
      vertex -114.43 0 125.677
      vertex -114.659 -3 125.409
      vertex -114.43 -3 125.677
    endloop
  endfacet
  facet normal -0.972593 0 -0.232515
    outer loop
      vertex -114.028 -3 127.352
      vertex -114.11 0 127.695
      vertex -114.028 0 127.352
    endloop
  endfacet
  facet normal -0.972593 -0 -0.232515
    outer loop
      vertex -114.11 0 127.695
      vertex -114.028 -3 127.352
      vertex -114.11 -3 127.695
    endloop
  endfacet
  facet normal 0.852723 0 -0.522363
    outer loop
      vertex -121.57 -3 128.323
      vertex -121.755 0 128.021
      vertex -121.57 0 128.323
    endloop
  endfacet
  facet normal 0.852723 0 -0.522363
    outer loop
      vertex -121.755 0 128.021
      vertex -121.57 -3 128.323
      vertex -121.755 -3 128.021
    endloop
  endfacet
  facet normal 0.996851 -0 0.079295
    outer loop
      vertex -122 -3 127
      vertex -121.972 0 126.648
      vertex -122 0 127
    endloop
  endfacet
  facet normal 0.996851 0 0.079295
    outer loop
      vertex -121.972 0 126.648
      vertex -122 -3 127
      vertex -121.972 -3 126.648
    endloop
  endfacet
  facet normal -0.232515 0 -0.972593
    outer loop
      vertex -115.898 -3 129.222
      vertex -115.555 0 129.14
      vertex -115.555 -3 129.14
    endloop
  endfacet
  facet normal -0.232515 0 -0.972593
    outer loop
      vertex -115.555 0 129.14
      vertex -115.898 -3 129.222
      vertex -115.898 0 129.222
    endloop
  endfacet
  facet normal -0.996851 0 0.079295
    outer loop
      vertex -114.028 -3 126.648
      vertex -114 0 127
      vertex -114.028 0 126.648
    endloop
  endfacet
  facet normal -0.996851 0 0.079295
    outer loop
      vertex -114 0 127
      vertex -114.028 -3 126.648
      vertex -114 -3 127
    endloop
  endfacet
  facet normal -0.760257 0 -0.649623
    outer loop
      vertex -114.43 -3 128.323
      vertex -114.659 0 128.591
      vertex -114.43 0 128.323
    endloop
  endfacet
  facet normal -0.760257 -0 -0.649623
    outer loop
      vertex -114.659 0 128.591
      vertex -114.43 -3 128.323
      vertex -114.659 -3 128.591
    endloop
  endfacet
  facet normal 0.760257 0 -0.649623
    outer loop
      vertex -121.341 -3 128.591
      vertex -121.57 0 128.323
      vertex -121.341 0 128.591
    endloop
  endfacet
  facet normal 0.760257 0 -0.649623
    outer loop
      vertex -121.57 0 128.323
      vertex -121.341 -3 128.591
      vertex -121.57 -3 128.323
    endloop
  endfacet
  facet normal 0.079295 0 0.996851
    outer loop
      vertex -120.102 0 124.778
      vertex -119.75 -3 124.75
      vertex -119.75 0 124.75
    endloop
  endfacet
  facet normal 0.079295 0 0.996851
    outer loop
      vertex -119.75 -3 124.75
      vertex -120.102 0 124.778
      vertex -120.102 -3 124.778
    endloop
  endfacet
  facet normal -0.923913 0 -0.382602
    outer loop
      vertex -114.11 -3 127.695
      vertex -114.245 0 128.021
      vertex -114.11 0 127.695
    endloop
  endfacet
  facet normal -0.923913 -0 -0.382602
    outer loop
      vertex -114.245 0 128.021
      vertex -114.11 -3 127.695
      vertex -114.245 -3 128.021
    endloop
  endfacet
  facet normal 0.382602 0 0.923913
    outer loop
      vertex -120.771 0 124.995
      vertex -120.445 -3 124.86
      vertex -120.445 0 124.86
    endloop
  endfacet
  facet normal 0.382602 0 0.923913
    outer loop
      vertex -120.445 -3 124.86
      vertex -120.771 0 124.995
      vertex -120.771 -3 124.995
    endloop
  endfacet
  facet normal -0.382602 0 0.923913
    outer loop
      vertex -115.555 0 124.86
      vertex -115.229 -3 124.995
      vertex -115.229 0 124.995
    endloop
  endfacet
  facet normal -0.382602 0 0.923913
    outer loop
      vertex -115.229 -3 124.995
      vertex -115.555 0 124.86
      vertex -115.555 -3 124.86
    endloop
  endfacet
  facet normal -0.232515 0 0.972593
    outer loop
      vertex -115.898 0 124.778
      vertex -115.555 -3 124.86
      vertex -115.555 0 124.86
    endloop
  endfacet
  facet normal -0.232515 0 0.972593
    outer loop
      vertex -115.555 -3 124.86
      vertex -115.898 0 124.778
      vertex -115.898 -3 124.778
    endloop
  endfacet
  facet normal -0.522363 0 0.852723
    outer loop
      vertex -115.229 0 124.995
      vertex -114.927 -3 125.18
      vertex -114.927 0 125.18
    endloop
  endfacet
  facet normal -0.522363 0 0.852723
    outer loop
      vertex -114.927 -3 125.18
      vertex -115.229 0 124.995
      vertex -115.229 -3 124.995
    endloop
  endfacet
  facet normal 0.972593 0 -0.232515
    outer loop
      vertex -121.89 -3 127.695
      vertex -121.972 0 127.352
      vertex -121.89 0 127.695
    endloop
  endfacet
  facet normal 0.972593 0 -0.232515
    outer loop
      vertex -121.972 0 127.352
      vertex -121.89 -3 127.695
      vertex -121.972 -3 127.352
    endloop
  endfacet
  facet normal -0.923913 0 0.382602
    outer loop
      vertex -114.245 -3 125.979
      vertex -114.11 0 126.305
      vertex -114.245 0 125.979
    endloop
  endfacet
  facet normal -0.923913 0 0.382602
    outer loop
      vertex -114.11 0 126.305
      vertex -114.245 -3 125.979
      vertex -114.11 -3 126.305
    endloop
  endfacet
  facet normal 0.521295 0 0.853377
    outer loop
      vertex 114.927 0 4.52971
      vertex 115.229 -3 4.34523
      vertex 115.229 0 4.34523
    endloop
  endfacet
  facet normal 0.521295 0 0.853377
    outer loop
      vertex 115.229 -3 4.34523
      vertex 114.927 0 4.52971
      vertex 114.927 -3 4.52971
    endloop
  endfacet
  facet normal 0.923992 0 -0.382412
    outer loop
      vertex 114.245 -3 7.37148
      vertex 114.11 0 7.04529
      vertex 114.245 0 7.37148
    endloop
  endfacet
  facet normal 0.923992 0 -0.382412
    outer loop
      vertex 114.11 0 7.04529
      vertex 114.245 -3 7.37148
      vertex 114.11 -3 7.04529
    endloop
  endfacet
  facet normal 0.233641 0 -0.972323
    outer loop
      vertex 115.555 -3 8.48988
      vertex 115.898 0 8.5723
      vertex 115.898 -3 8.5723
    endloop
  endfacet
  facet normal 0.233641 0 -0.972323
    outer loop
      vertex 115.898 0 8.5723
      vertex 115.555 -3 8.48988
      vertex 115.555 0 8.48988
    endloop
  endfacet
  facet normal -0.851981 0 -0.523573
    outer loop
      vertex 121.755 -3 7.37148
      vertex 121.57 0 7.67252
      vertex 121.755 0 7.37148
    endloop
  endfacet
  facet normal -0.851981 -0 -0.523573
    outer loop
      vertex 121.57 0 7.67252
      vertex 121.755 -3 7.37148
      vertex 121.57 -3 7.67252
    endloop
  endfacet
  facet normal 0.650114 0 0.759837
    outer loop
      vertex 114.659 0 4.75901
      vertex 114.927 -3 4.52971
      vertex 114.927 0 4.52971
    endloop
  endfacet
  facet normal 0.650114 0 0.759837
    outer loop
      vertex 114.927 -3 4.52971
      vertex 114.659 0 4.75901
      vertex 114.659 -3 4.75901
    endloop
  endfacet
  facet normal 0.233641 0 0.972323
    outer loop
      vertex 115.555 0 4.21012
      vertex 115.898 -3 4.1277
      vertex 115.898 0 4.1277
    endloop
  endfacet
  facet normal 0.233641 0 0.972323
    outer loop
      vertex 115.898 -3 4.1277
      vertex 115.555 0 4.21012
      vertex 115.555 -3 4.21012
    endloop
  endfacet
  facet normal 0.97264 -0 0.232316
    outer loop
      vertex 114.028 -3 5.99802
      vertex 114.11 0 5.65471
      vertex 114.028 0 5.99802
    endloop
  endfacet
  facet normal 0.97264 0 0.232316
    outer loop
      vertex 114.11 0 5.65471
      vertex 114.028 -3 5.99802
      vertex 114.11 -3 5.65471
    endloop
  endfacet
  facet normal 0.521274 0 -0.853389
    outer loop
      vertex 114.927 -3 8.17029
      vertex 115.229 0 8.35476
      vertex 115.229 -3 8.35476
    endloop
  endfacet
  facet normal 0.521274 0 -0.853389
    outer loop
      vertex 115.229 0 8.35476
      vertex 114.927 -3 8.17029
      vertex 114.927 0 8.17029
    endloop
  endfacet
  facet normal 0 0 -1
    outer loop
      vertex 116.25 -3 8.6
      vertex 119.75 0 8.6
      vertex 119.75 -3 8.6
    endloop
  endfacet
  facet normal -0 0 -1
    outer loop
      vertex 119.75 0 8.6
      vertex 116.25 -3 8.6
      vertex 116.25 0 8.6
    endloop
  endfacet
  facet normal 0.760819 -0 0.648964
    outer loop
      vertex 114.43 -3 5.02748
      vertex 114.659 0 4.75901
      vertex 114.43 0 5.02748
    endloop
  endfacet
  facet normal 0.760819 0 0.648964
    outer loop
      vertex 114.659 0 4.75901
      vertex 114.43 -3 5.02748
      vertex 114.659 -3 4.75901
    endloop
  endfacet
  facet normal -0.0784506 0 0.996918
    outer loop
      vertex 119.75 0 4.1
      vertex 120.102 -3 4.1277
      vertex 120.102 0 4.1277
    endloop
  endfacet
  facet normal -0.0784506 0 0.996918
    outer loop
      vertex 120.102 -3 4.1277
      vertex 119.75 0 4.1
      vertex 119.75 -3 4.1
    endloop
  endfacet
  facet normal 0.382892 0 -0.923793
    outer loop
      vertex 115.229 -3 8.35476
      vertex 115.555 0 8.48988
      vertex 115.555 -3 8.48988
    endloop
  endfacet
  facet normal 0.382892 0 -0.923793
    outer loop
      vertex 115.555 0 8.48988
      vertex 115.229 -3 8.35476
      vertex 115.229 0 8.35476
    endloop
  endfacet
  facet normal -0.0784506 0 -0.996918
    outer loop
      vertex 119.75 -3 8.6
      vertex 120.102 0 8.5723
      vertex 120.102 -3 8.5723
    endloop
  endfacet
  facet normal -0.0784506 0 -0.996918
    outer loop
      vertex 120.102 0 8.5723
      vertex 119.75 -3 8.6
      vertex 119.75 0 8.6
    endloop
  endfacet
  facet normal 0.996851 0 -0.0792995
    outer loop
      vertex 114.028 -3 6.70198
      vertex 114 0 6.35
      vertex 114.028 0 6.70198
    endloop
  endfacet
  facet normal 0.996851 0 -0.0792995
    outer loop
      vertex 114 0 6.35
      vertex 114.028 -3 6.70198
      vertex 114 -3 6.35
    endloop
  endfacet
  facet normal -0.996851 0 -0.0792995
    outer loop
      vertex 122 -3 6.35
      vertex 121.972 0 6.70198
      vertex 122 0 6.35
    endloop
  endfacet
  facet normal -0.996851 -0 -0.0792995
    outer loop
      vertex 121.972 0 6.70198
      vertex 122 -3 6.35
      vertex 121.972 -3 6.70198
    endloop
  endfacet
  facet normal 0.0784506 0 -0.996918
    outer loop
      vertex 115.898 -3 8.5723
      vertex 116.25 0 8.6
      vertex 116.25 -3 8.6
    endloop
  endfacet
  facet normal 0.0784506 0 -0.996918
    outer loop
      vertex 116.25 0 8.6
      vertex 115.898 -3 8.5723
      vertex 115.898 0 8.5723
    endloop
  endfacet
  facet normal -0 0 1
    outer loop
      vertex 116.25 0 4.1
      vertex 119.75 -3 4.1
      vertex 119.75 0 4.1
    endloop
  endfacet
  facet normal 0 0 1
    outer loop
      vertex 119.75 -3 4.1
      vertex 116.25 0 4.1
      vertex 116.25 -3 4.1
    endloop
  endfacet
  facet normal 0.650114 0 -0.759837
    outer loop
      vertex 114.659 -3 7.94099
      vertex 114.927 0 8.17029
      vertex 114.927 -3 8.17029
    endloop
  endfacet
  facet normal 0.650114 0 -0.759837
    outer loop
      vertex 114.927 0 8.17029
      vertex 114.659 -3 7.94099
      vertex 114.659 0 7.94099
    endloop
  endfacet
  facet normal -0.650114 0 -0.759837
    outer loop
      vertex 121.073 -3 8.17029
      vertex 121.341 0 7.94099
      vertex 121.341 -3 7.94099
    endloop
  endfacet
  facet normal -0.650114 0 -0.759837
    outer loop
      vertex 121.341 0 7.94099
      vertex 121.073 -3 8.17029
      vertex 121.073 0 8.17029
    endloop
  endfacet
  facet normal -0.851981 0 0.523573
    outer loop
      vertex 121.57 -3 5.02748
      vertex 121.755 0 5.32852
      vertex 121.57 0 5.02748
    endloop
  endfacet
  facet normal -0.851981 0 0.523573
    outer loop
      vertex 121.755 0 5.32852
      vertex 121.57 -3 5.02748
      vertex 121.755 -3 5.32852
    endloop
  endfacet
  facet normal -0.382892 0 -0.923793
    outer loop
      vertex 120.445 -3 8.48988
      vertex 120.771 0 8.35476
      vertex 120.771 -3 8.35476
    endloop
  endfacet
  facet normal -0.382892 0 -0.923793
    outer loop
      vertex 120.771 0 8.35476
      vertex 120.445 -3 8.48988
      vertex 120.445 0 8.48988
    endloop
  endfacet
  facet normal 0.923992 -0 0.382412
    outer loop
      vertex 114.11 -3 5.65471
      vertex 114.245 0 5.32852
      vertex 114.11 0 5.65471
    endloop
  endfacet
  facet normal 0.923992 0 0.382412
    outer loop
      vertex 114.245 0 5.32852
      vertex 114.11 -3 5.65471
      vertex 114.245 -3 5.32852
    endloop
  endfacet
  facet normal -0.521274 0 -0.853389
    outer loop
      vertex 120.771 -3 8.35476
      vertex 121.073 0 8.17029
      vertex 121.073 -3 8.17029
    endloop
  endfacet
  facet normal -0.521274 0 -0.853389
    outer loop
      vertex 121.073 0 8.17029
      vertex 120.771 -3 8.35476
      vertex 120.771 0 8.35476
    endloop
  endfacet
  facet normal -0.97264 0 0.232316
    outer loop
      vertex 121.89 -3 5.65471
      vertex 121.972 0 5.99802
      vertex 121.89 0 5.65471
    endloop
  endfacet
  facet normal -0.97264 0 0.232316
    outer loop
      vertex 121.972 0 5.99802
      vertex 121.89 -3 5.65471
      vertex 121.972 -3 5.99802
    endloop
  endfacet
  facet normal 0.851981 -0 0.523573
    outer loop
      vertex 114.245 -3 5.32852
      vertex 114.43 0 5.02748
      vertex 114.245 0 5.32852
    endloop
  endfacet
  facet normal 0.851981 0 0.523573
    outer loop
      vertex 114.43 0 5.02748
      vertex 114.245 -3 5.32852
      vertex 114.43 -3 5.02748
    endloop
  endfacet
  facet normal -0.760819 0 0.648964
    outer loop
      vertex 121.341 -3 4.75901
      vertex 121.57 0 5.02748
      vertex 121.341 0 4.75901
    endloop
  endfacet
  facet normal -0.760819 0 0.648964
    outer loop
      vertex 121.57 0 5.02748
      vertex 121.341 -3 4.75901
      vertex 121.57 -3 5.02748
    endloop
  endfacet
  facet normal -0.97264 0 -0.232316
    outer loop
      vertex 121.972 -3 6.70198
      vertex 121.89 0 7.04529
      vertex 121.972 0 6.70198
    endloop
  endfacet
  facet normal -0.97264 -0 -0.232316
    outer loop
      vertex 121.89 0 7.04529
      vertex 121.972 -3 6.70198
      vertex 121.89 -3 7.04529
    endloop
  endfacet
  facet normal 0.851981 0 -0.523573
    outer loop
      vertex 114.43 -3 7.67252
      vertex 114.245 0 7.37148
      vertex 114.43 0 7.67252
    endloop
  endfacet
  facet normal 0.851981 0 -0.523573
    outer loop
      vertex 114.245 0 7.37148
      vertex 114.43 -3 7.67252
      vertex 114.245 -3 7.37148
    endloop
  endfacet
  facet normal 0.996851 -0 0.0792995
    outer loop
      vertex 114 -3 6.35
      vertex 114.028 0 5.99802
      vertex 114 0 6.35
    endloop
  endfacet
  facet normal 0.996851 0 0.0792995
    outer loop
      vertex 114.028 0 5.99802
      vertex 114 -3 6.35
      vertex 114.028 -3 5.99802
    endloop
  endfacet
  facet normal -0.233641 0 -0.972323
    outer loop
      vertex 120.102 -3 8.5723
      vertex 120.445 0 8.48988
      vertex 120.445 -3 8.48988
    endloop
  endfacet
  facet normal -0.233641 0 -0.972323
    outer loop
      vertex 120.445 0 8.48988
      vertex 120.102 -3 8.5723
      vertex 120.102 0 8.5723
    endloop
  endfacet
  facet normal -0.996851 0 0.0792995
    outer loop
      vertex 121.972 -3 5.99802
      vertex 122 0 6.35
      vertex 121.972 0 5.99802
    endloop
  endfacet
  facet normal -0.996851 0 0.0792995
    outer loop
      vertex 122 0 6.35
      vertex 121.972 -3 5.99802
      vertex 122 -3 6.35
    endloop
  endfacet
  facet normal -0.760819 0 -0.648964
    outer loop
      vertex 121.57 -3 7.67252
      vertex 121.341 0 7.94099
      vertex 121.57 0 7.67252
    endloop
  endfacet
  facet normal -0.760819 -0 -0.648964
    outer loop
      vertex 121.341 0 7.94099
      vertex 121.57 -3 7.67252
      vertex 121.341 -3 7.94099
    endloop
  endfacet
  facet normal 0.760819 0 -0.648964
    outer loop
      vertex 114.659 -3 7.94099
      vertex 114.43 0 7.67252
      vertex 114.659 0 7.94099
    endloop
  endfacet
  facet normal 0.760819 0 -0.648964
    outer loop
      vertex 114.43 0 7.67252
      vertex 114.659 -3 7.94099
      vertex 114.43 -3 7.67252
    endloop
  endfacet
  facet normal 0.0784506 0 0.996918
    outer loop
      vertex 115.898 0 4.1277
      vertex 116.25 -3 4.1
      vertex 116.25 0 4.1
    endloop
  endfacet
  facet normal 0.0784506 0 0.996918
    outer loop
      vertex 116.25 -3 4.1
      vertex 115.898 0 4.1277
      vertex 115.898 -3 4.1277
    endloop
  endfacet
  facet normal -0.923992 0 -0.382412
    outer loop
      vertex 121.89 -3 7.04529
      vertex 121.755 0 7.37148
      vertex 121.89 0 7.04529
    endloop
  endfacet
  facet normal -0.923992 -0 -0.382412
    outer loop
      vertex 121.755 0 7.37148
      vertex 121.89 -3 7.04529
      vertex 121.755 -3 7.37148
    endloop
  endfacet
  facet normal 0.382868 0 0.923803
    outer loop
      vertex 115.229 0 4.34523
      vertex 115.555 -3 4.21012
      vertex 115.555 0 4.21012
    endloop
  endfacet
  facet normal 0.382868 0 0.923803
    outer loop
      vertex 115.555 -3 4.21012
      vertex 115.229 0 4.34523
      vertex 115.229 -3 4.34523
    endloop
  endfacet
  facet normal -0.382868 0 0.923803
    outer loop
      vertex 120.445 0 4.21012
      vertex 120.771 -3 4.34523
      vertex 120.771 0 4.34523
    endloop
  endfacet
  facet normal -0.382868 0 0.923803
    outer loop
      vertex 120.771 -3 4.34523
      vertex 120.445 0 4.21012
      vertex 120.445 -3 4.21012
    endloop
  endfacet
  facet normal -0.233641 0 0.972323
    outer loop
      vertex 120.102 0 4.1277
      vertex 120.445 -3 4.21012
      vertex 120.445 0 4.21012
    endloop
  endfacet
  facet normal -0.233641 0 0.972323
    outer loop
      vertex 120.445 -3 4.21012
      vertex 120.102 0 4.1277
      vertex 120.102 -3 4.1277
    endloop
  endfacet
  facet normal -0.521295 0 0.853377
    outer loop
      vertex 120.771 0 4.34523
      vertex 121.073 -3 4.52971
      vertex 121.073 0 4.52971
    endloop
  endfacet
  facet normal -0.521295 0 0.853377
    outer loop
      vertex 121.073 -3 4.52971
      vertex 120.771 0 4.34523
      vertex 120.771 -3 4.34523
    endloop
  endfacet
  facet normal -0.650114 0 0.759837
    outer loop
      vertex 121.073 0 4.52971
      vertex 121.341 -3 4.75901
      vertex 121.341 0 4.75901
    endloop
  endfacet
  facet normal -0.650114 0 0.759837
    outer loop
      vertex 121.341 -3 4.75901
      vertex 121.073 0 4.52971
      vertex 121.073 -3 4.52971
    endloop
  endfacet
  facet normal 0.97264 0 -0.232316
    outer loop
      vertex 114.11 -3 7.04529
      vertex 114.028 0 6.70198
      vertex 114.11 0 7.04529
    endloop
  endfacet
  facet normal 0.97264 0 -0.232316
    outer loop
      vertex 114.028 0 6.70198
      vertex 114.11 -3 7.04529
      vertex 114.028 -3 6.70198
    endloop
  endfacet
  facet normal -0.923992 0 0.382412
    outer loop
      vertex 121.755 -3 5.32852
      vertex 121.89 0 5.65471
      vertex 121.755 0 5.32852
    endloop
  endfacet
  facet normal -0.923992 0 0.382412
    outer loop
      vertex 121.89 0 5.65471
      vertex 121.755 -3 5.32852
      vertex 121.89 -3 5.65471
    endloop
  endfacet
  facet normal 0.522363 0 0.852723
    outer loop
      vertex 114.927 0 125.18
      vertex 115.229 -3 124.995
      vertex 115.229 0 124.995
    endloop
  endfacet
  facet normal 0.522363 0 0.852723
    outer loop
      vertex 115.229 -3 124.995
      vertex 114.927 0 125.18
      vertex 114.927 -3 125.18
    endloop
  endfacet
  facet normal 0.923913 0 -0.382602
    outer loop
      vertex 114.245 -3 128.021
      vertex 114.11 0 127.695
      vertex 114.245 0 128.021
    endloop
  endfacet
  facet normal 0.923913 0 -0.382602
    outer loop
      vertex 114.11 0 127.695
      vertex 114.245 -3 128.021
      vertex 114.11 -3 127.695
    endloop
  endfacet
  facet normal 0.232515 0 -0.972593
    outer loop
      vertex 115.555 -3 129.14
      vertex 115.898 0 129.222
      vertex 115.898 -3 129.222
    endloop
  endfacet
  facet normal 0.232515 0 -0.972593
    outer loop
      vertex 115.898 0 129.222
      vertex 115.555 -3 129.14
      vertex 115.555 0 129.14
    endloop
  endfacet
  facet normal -0.852723 0 -0.522363
    outer loop
      vertex 121.755 -3 128.021
      vertex 121.57 0 128.323
      vertex 121.755 0 128.021
    endloop
  endfacet
  facet normal -0.852723 -0 -0.522363
    outer loop
      vertex 121.57 0 128.323
      vertex 121.755 -3 128.021
      vertex 121.57 -3 128.323
    endloop
  endfacet
  facet normal 0.649623 0 0.760257
    outer loop
      vertex 114.659 0 125.409
      vertex 114.927 -3 125.18
      vertex 114.927 0 125.18
    endloop
  endfacet
  facet normal 0.649623 0 0.760257
    outer loop
      vertex 114.927 -3 125.18
      vertex 114.659 0 125.409
      vertex 114.659 -3 125.409
    endloop
  endfacet
  facet normal 0.232515 0 0.972593
    outer loop
      vertex 115.555 0 124.86
      vertex 115.898 -3 124.778
      vertex 115.898 0 124.778
    endloop
  endfacet
  facet normal 0.232515 0 0.972593
    outer loop
      vertex 115.898 -3 124.778
      vertex 115.555 0 124.86
      vertex 115.555 -3 124.86
    endloop
  endfacet
  facet normal 0.522363 0 -0.852723
    outer loop
      vertex 114.927 -3 128.82
      vertex 115.229 0 129.005
      vertex 115.229 -3 129.005
    endloop
  endfacet
  facet normal 0.522363 0 -0.852723
    outer loop
      vertex 115.229 0 129.005
      vertex 114.927 -3 128.82
      vertex 114.927 0 128.82
    endloop
  endfacet
  facet normal 0 0 -1
    outer loop
      vertex 116.25 -3 129.25
      vertex 119.75 0 129.25
      vertex 119.75 -3 129.25
    endloop
  endfacet
  facet normal -0 0 -1
    outer loop
      vertex 119.75 0 129.25
      vertex 116.25 -3 129.25
      vertex 116.25 0 129.25
    endloop
  endfacet
  facet normal 0.760257 -0 0.649623
    outer loop
      vertex 114.43 -3 125.677
      vertex 114.659 0 125.409
      vertex 114.43 0 125.677
    endloop
  endfacet
  facet normal 0.760257 0 0.649623
    outer loop
      vertex 114.659 0 125.409
      vertex 114.43 -3 125.677
      vertex 114.659 -3 125.409
    endloop
  endfacet
  facet normal -0.079295 0 0.996851
    outer loop
      vertex 119.75 0 124.75
      vertex 120.102 -3 124.778
      vertex 120.102 0 124.778
    endloop
  endfacet
  facet normal -0.079295 0 0.996851
    outer loop
      vertex 120.102 -3 124.778
      vertex 119.75 0 124.75
      vertex 119.75 -3 124.75
    endloop
  endfacet
  facet normal 0.382602 0 -0.923913
    outer loop
      vertex 115.229 -3 129.005
      vertex 115.555 0 129.14
      vertex 115.555 -3 129.14
    endloop
  endfacet
  facet normal 0.382602 0 -0.923913
    outer loop
      vertex 115.555 0 129.14
      vertex 115.229 -3 129.005
      vertex 115.229 0 129.005
    endloop
  endfacet
  facet normal -0.079295 0 -0.996851
    outer loop
      vertex 119.75 -3 129.25
      vertex 120.102 0 129.222
      vertex 120.102 -3 129.222
    endloop
  endfacet
  facet normal -0.079295 0 -0.996851
    outer loop
      vertex 120.102 0 129.222
      vertex 119.75 -3 129.25
      vertex 119.75 0 129.25
    endloop
  endfacet
  facet normal 0.996851 0 -0.079295
    outer loop
      vertex 114.028 -3 127.352
      vertex 114 0 127
      vertex 114.028 0 127.352
    endloop
  endfacet
  facet normal 0.996851 0 -0.079295
    outer loop
      vertex 114 0 127
      vertex 114.028 -3 127.352
      vertex 114 -3 127
    endloop
  endfacet
  facet normal 0.079295 0 -0.996851
    outer loop
      vertex 115.898 -3 129.222
      vertex 116.25 0 129.25
      vertex 116.25 -3 129.25
    endloop
  endfacet
  facet normal 0.079295 0 -0.996851
    outer loop
      vertex 116.25 0 129.25
      vertex 115.898 -3 129.222
      vertex 115.898 0 129.222
    endloop
  endfacet
  facet normal -0 0 1
    outer loop
      vertex 116.25 0 124.75
      vertex 119.75 -3 124.75
      vertex 119.75 0 124.75
    endloop
  endfacet
  facet normal 0 0 1
    outer loop
      vertex 119.75 -3 124.75
      vertex 116.25 0 124.75
      vertex 116.25 -3 124.75
    endloop
  endfacet
  facet normal 0.649623 0 -0.760257
    outer loop
      vertex 114.659 -3 128.591
      vertex 114.927 0 128.82
      vertex 114.927 -3 128.82
    endloop
  endfacet
  facet normal 0.649623 0 -0.760257
    outer loop
      vertex 114.927 0 128.82
      vertex 114.659 -3 128.591
      vertex 114.659 0 128.591
    endloop
  endfacet
  facet normal -0.649623 0 -0.760257
    outer loop
      vertex 121.073 -3 128.82
      vertex 121.341 0 128.591
      vertex 121.341 -3 128.591
    endloop
  endfacet
  facet normal -0.649623 0 -0.760257
    outer loop
      vertex 121.341 0 128.591
      vertex 121.073 -3 128.82
      vertex 121.073 0 128.82
    endloop
  endfacet
  facet normal -0.852723 0 0.522363
    outer loop
      vertex 121.57 -3 125.677
      vertex 121.755 0 125.979
      vertex 121.57 0 125.677
    endloop
  endfacet
  facet normal -0.852723 0 0.522363
    outer loop
      vertex 121.755 0 125.979
      vertex 121.57 -3 125.677
      vertex 121.755 -3 125.979
    endloop
  endfacet
  facet normal -0.382602 0 -0.923913
    outer loop
      vertex 120.445 -3 129.14
      vertex 120.771 0 129.005
      vertex 120.771 -3 129.005
    endloop
  endfacet
  facet normal -0.382602 0 -0.923913
    outer loop
      vertex 120.771 0 129.005
      vertex 120.445 -3 129.14
      vertex 120.445 0 129.14
    endloop
  endfacet
  facet normal 0.923913 -0 0.382602
    outer loop
      vertex 114.11 -3 126.305
      vertex 114.245 0 125.979
      vertex 114.11 0 126.305
    endloop
  endfacet
  facet normal 0.923913 0 0.382602
    outer loop
      vertex 114.245 0 125.979
      vertex 114.11 -3 126.305
      vertex 114.245 -3 125.979
    endloop
  endfacet
  facet normal -0.522363 0 -0.852723
    outer loop
      vertex 120.771 -3 129.005
      vertex 121.073 0 128.82
      vertex 121.073 -3 128.82
    endloop
  endfacet
  facet normal -0.522363 0 -0.852723
    outer loop
      vertex 121.073 0 128.82
      vertex 120.771 -3 129.005
      vertex 120.771 0 129.005
    endloop
  endfacet
  facet normal -0.972593 0 0.232515
    outer loop
      vertex 121.89 -3 126.305
      vertex 121.972 0 126.648
      vertex 121.89 0 126.305
    endloop
  endfacet
  facet normal -0.972593 0 0.232515
    outer loop
      vertex 121.972 0 126.648
      vertex 121.89 -3 126.305
      vertex 121.972 -3 126.648
    endloop
  endfacet
  facet normal 0.852723 -0 0.522363
    outer loop
      vertex 114.245 -3 125.979
      vertex 114.43 0 125.677
      vertex 114.245 0 125.979
    endloop
  endfacet
  facet normal 0.852723 0 0.522363
    outer loop
      vertex 114.43 0 125.677
      vertex 114.245 -3 125.979
      vertex 114.43 -3 125.677
    endloop
  endfacet
  facet normal -0.760257 0 0.649623
    outer loop
      vertex 121.341 -3 125.409
      vertex 121.57 0 125.677
      vertex 121.341 0 125.409
    endloop
  endfacet
  facet normal -0.760257 0 0.649623
    outer loop
      vertex 121.57 0 125.677
      vertex 121.341 -3 125.409
      vertex 121.57 -3 125.677
    endloop
  endfacet
  facet normal -0.972593 0 -0.232515
    outer loop
      vertex 121.972 -3 127.352
      vertex 121.89 0 127.695
      vertex 121.972 0 127.352
    endloop
  endfacet
  facet normal -0.972593 -0 -0.232515
    outer loop
      vertex 121.89 0 127.695
      vertex 121.972 -3 127.352
      vertex 121.89 -3 127.695
    endloop
  endfacet
  facet normal 0.852723 0 -0.522363
    outer loop
      vertex 114.43 -3 128.323
      vertex 114.245 0 128.021
      vertex 114.43 0 128.323
    endloop
  endfacet
  facet normal 0.852723 0 -0.522363
    outer loop
      vertex 114.245 0 128.021
      vertex 114.43 -3 128.323
      vertex 114.245 -3 128.021
    endloop
  endfacet
  facet normal 0.996851 -0 0.079295
    outer loop
      vertex 114 -3 127
      vertex 114.028 0 126.648
      vertex 114 0 127
    endloop
  endfacet
  facet normal 0.996851 0 0.079295
    outer loop
      vertex 114.028 0 126.648
      vertex 114 -3 127
      vertex 114.028 -3 126.648
    endloop
  endfacet
  facet normal -0.232515 0 -0.972593
    outer loop
      vertex 120.102 -3 129.222
      vertex 120.445 0 129.14
      vertex 120.445 -3 129.14
    endloop
  endfacet
  facet normal -0.232515 0 -0.972593
    outer loop
      vertex 120.445 0 129.14
      vertex 120.102 -3 129.222
      vertex 120.102 0 129.222
    endloop
  endfacet
  facet normal -0.996851 0 0.079295
    outer loop
      vertex 121.972 -3 126.648
      vertex 122 0 127
      vertex 121.972 0 126.648
    endloop
  endfacet
  facet normal -0.996851 0 0.079295
    outer loop
      vertex 122 0 127
      vertex 121.972 -3 126.648
      vertex 122 -3 127
    endloop
  endfacet
  facet normal -0.760257 0 -0.649623
    outer loop
      vertex 121.57 -3 128.323
      vertex 121.341 0 128.591
      vertex 121.57 0 128.323
    endloop
  endfacet
  facet normal -0.760257 -0 -0.649623
    outer loop
      vertex 121.341 0 128.591
      vertex 121.57 -3 128.323
      vertex 121.341 -3 128.591
    endloop
  endfacet
  facet normal 0.760257 0 -0.649623
    outer loop
      vertex 114.659 -3 128.591
      vertex 114.43 0 128.323
      vertex 114.659 0 128.591
    endloop
  endfacet
  facet normal 0.760257 0 -0.649623
    outer loop
      vertex 114.43 0 128.323
      vertex 114.659 -3 128.591
      vertex 114.43 -3 128.323
    endloop
  endfacet
  facet normal 0.079295 0 0.996851
    outer loop
      vertex 115.898 0 124.778
      vertex 116.25 -3 124.75
      vertex 116.25 0 124.75
    endloop
  endfacet
  facet normal 0.079295 0 0.996851
    outer loop
      vertex 116.25 -3 124.75
      vertex 115.898 0 124.778
      vertex 115.898 -3 124.778
    endloop
  endfacet
  facet normal -0.923913 0 -0.382602
    outer loop
      vertex 121.89 -3 127.695
      vertex 121.755 0 128.021
      vertex 121.89 0 127.695
    endloop
  endfacet
  facet normal -0.923913 -0 -0.382602
    outer loop
      vertex 121.755 0 128.021
      vertex 121.89 -3 127.695
      vertex 121.755 -3 128.021
    endloop
  endfacet
  facet normal 0.972593 -0 0.232515
    outer loop
      vertex 114.028 -3 126.648
      vertex 114.11 0 126.305
      vertex 114.028 0 126.648
    endloop
  endfacet
  facet normal 0.972593 0 0.232515
    outer loop
      vertex 114.11 0 126.305
      vertex 114.028 -3 126.648
      vertex 114.11 -3 126.305
    endloop
  endfacet
  facet normal 0.382602 0 0.923913
    outer loop
      vertex 115.229 0 124.995
      vertex 115.555 -3 124.86
      vertex 115.555 0 124.86
    endloop
  endfacet
  facet normal 0.382602 0 0.923913
    outer loop
      vertex 115.555 -3 124.86
      vertex 115.229 0 124.995
      vertex 115.229 -3 124.995
    endloop
  endfacet
  facet normal -0.996851 0 -0.079295
    outer loop
      vertex 122 -3 127
      vertex 121.972 0 127.352
      vertex 122 0 127
    endloop
  endfacet
  facet normal -0.996851 -0 -0.079295
    outer loop
      vertex 121.972 0 127.352
      vertex 122 -3 127
      vertex 121.972 -3 127.352
    endloop
  endfacet
  facet normal -0.382602 0 0.923913
    outer loop
      vertex 120.445 0 124.86
      vertex 120.771 -3 124.995
      vertex 120.771 0 124.995
    endloop
  endfacet
  facet normal -0.382602 0 0.923913
    outer loop
      vertex 120.771 -3 124.995
      vertex 120.445 0 124.86
      vertex 120.445 -3 124.86
    endloop
  endfacet
  facet normal -0.232515 0 0.972593
    outer loop
      vertex 120.102 0 124.778
      vertex 120.445 -3 124.86
      vertex 120.445 0 124.86
    endloop
  endfacet
  facet normal -0.232515 0 0.972593
    outer loop
      vertex 120.445 -3 124.86
      vertex 120.102 0 124.778
      vertex 120.102 -3 124.778
    endloop
  endfacet
  facet normal -0.522363 0 0.852723
    outer loop
      vertex 120.771 0 124.995
      vertex 121.073 -3 125.18
      vertex 121.073 0 125.18
    endloop
  endfacet
  facet normal -0.522363 0 0.852723
    outer loop
      vertex 121.073 -3 125.18
      vertex 120.771 0 124.995
      vertex 120.771 -3 124.995
    endloop
  endfacet
  facet normal -0.649623 0 0.760257
    outer loop
      vertex 121.073 0 125.18
      vertex 121.341 -3 125.409
      vertex 121.341 0 125.409
    endloop
  endfacet
  facet normal -0.649623 0 0.760257
    outer loop
      vertex 121.341 -3 125.409
      vertex 121.073 0 125.18
      vertex 121.073 -3 125.18
    endloop
  endfacet
  facet normal 0.972593 0 -0.232515
    outer loop
      vertex 114.11 -3 127.695
      vertex 114.028 0 127.352
      vertex 114.11 0 127.695
    endloop
  endfacet
  facet normal 0.972593 0 -0.232515
    outer loop
      vertex 114.028 0 127.352
      vertex 114.11 -3 127.695
      vertex 114.028 -3 127.352
    endloop
  endfacet
  facet normal -0.923913 0 0.382602
    outer loop
      vertex 121.755 -3 125.979
      vertex 121.89 0 126.305
      vertex 121.755 0 125.979
    endloop
  endfacet
  facet normal -0.923913 0 0.382602
    outer loop
      vertex 121.89 0 126.305
      vertex 121.755 -3 125.979
      vertex 121.89 -3 126.305
    endloop
  endfacet
  facet normal 1 -0 0
    outer loop
      vertex 125 -3 133.35
      vertex 125 0 0
      vertex 125 0 133.35
    endloop
  endfacet
  facet normal 1 0 0
    outer loop
      vertex 125 0 0
      vertex 125 -3 133.35
      vertex 125 -3 0
    endloop
  endfacet
  facet normal 0 0 1
    outer loop
      vertex -30.5 125 133.35
      vertex -33.5 125 133.35
      vertex -30.5 0 133.35
    endloop
  endfacet
  facet normal 0 0 1
    outer loop
      vertex 33.5 125 133.35
      vertex 30.5 125 133.35
      vertex 33.5 0 133.35
    endloop
  endfacet
  facet normal -0 0 1
    outer loop
      vertex 33.5 0 133.35
      vertex 125 -3 133.35
      vertex 125 0 133.35
    endloop
  endfacet
  facet normal 0 0 1
    outer loop
      vertex 30.5 0 133.35
      vertex 33.5 0 133.35
      vertex 30.5 125 133.35
    endloop
  endfacet
  facet normal -0 0 1
    outer loop
      vertex 30.5 0 133.35
      vertex 125 -3 133.35
      vertex 33.5 0 133.35
    endloop
  endfacet
  facet normal -0 0 1
    outer loop
      vertex -30.5 0 133.35
      vertex 125 -3 133.35
      vertex 30.5 0 133.35
    endloop
  endfacet
  facet normal 0 0 1
    outer loop
      vertex -33.5 0 133.35
      vertex -30.5 0 133.35
      vertex -33.5 125 133.35
    endloop
  endfacet
  facet normal 0 0 1
    outer loop
      vertex -125 -3 133.35
      vertex -30.5 0 133.35
      vertex -33.5 0 133.35
    endloop
  endfacet
  facet normal 0 0 1
    outer loop
      vertex -125 -3 133.35
      vertex -33.5 0 133.35
      vertex -125 0 133.35
    endloop
  endfacet
  facet normal 0 0 1
    outer loop
      vertex -30.5 0 133.35
      vertex -125 -3 133.35
      vertex 125 -3 133.35
    endloop
  endfacet
  facet normal 0 0 -1
    outer loop
      vertex 125 -3 0
      vertex 33.5 0 0
      vertex 125 0 0
    endloop
  endfacet
  facet normal 0 0 -1
    outer loop
      vertex 33.5 0 0
      vertex 23.5 5 0
      vertex 33.5 125 0
    endloop
  endfacet
  facet normal 0 0 -1
    outer loop
      vertex 33.5 0 0
      vertex -23.5 5 0
      vertex 23.5 5 0
    endloop
  endfacet
  facet normal -0 0 -1
    outer loop
      vertex -23.5 5 0
      vertex -33.5 0 0
      vertex -23.5 120 0
    endloop
  endfacet
  facet normal 0 0 -1
    outer loop
      vertex 33.5 0 0
      vertex -33.5 0 0
      vertex -23.5 5 0
    endloop
  endfacet
  facet normal 0 0 -1
    outer loop
      vertex 125 -3 0
      vertex -33.5 0 0
      vertex 33.5 0 0
    endloop
  endfacet
  facet normal 0 0 -1
    outer loop
      vertex -125 -3 0
      vertex -33.5 0 0
      vertex 125 -3 0
    endloop
  endfacet
  facet normal -0 0 -1
    outer loop
      vertex -33.5 0 0
      vertex -125 -3 0
      vertex -125 0 0
    endloop
  endfacet
  facet normal 0 0 -1
    outer loop
      vertex 23.5 120 0
      vertex 33.5 125 0
      vertex 23.5 5 0
    endloop
  endfacet
  facet normal 0 0 -1
    outer loop
      vertex -23.5 120 0
      vertex 33.5 125 0
      vertex 23.5 120 0
    endloop
  endfacet
  facet normal 0 0 -1
    outer loop
      vertex -23.5 120 0
      vertex -33.5 125 0
      vertex 33.5 125 0
    endloop
  endfacet
  facet normal 0 0 -1
    outer loop
      vertex -33.5 125 0
      vertex -23.5 120 0
      vertex -33.5 0 0
    endloop
  endfacet
  facet normal -1 0 0
    outer loop
      vertex -125 -3 0
      vertex -125 0 133.35
      vertex -125 0 0
    endloop
  endfacet
  facet normal -1 -0 0
    outer loop
      vertex -125 0 133.35
      vertex -125 -3 0
      vertex -125 -3 133.35
    endloop
  endfacet
  facet normal 0 1 -0
    outer loop
      vertex -115.555 0 129.14
      vertex -125 0 133.35
      vertex -33.5 0 133.35
    endloop
  endfacet
  facet normal 0 1 0
    outer loop
      vertex -125 0 133.35
      vertex -115.898 0 129.222
      vertex -116.25 0 129.25
    endloop
  endfacet
  facet normal 0 1 0
    outer loop
      vertex -125 0 133.35
      vertex -115.555 0 129.14
      vertex -115.898 0 129.222
    endloop
  endfacet
  facet normal 0 1 0
    outer loop
      vertex -33.5 0 133.35
      vertex -115.229 0 129.005
      vertex -115.555 0 129.14
    endloop
  endfacet
  facet normal 0 1 0
    outer loop
      vertex -33.5 0 133.35
      vertex -114.927 0 128.82
      vertex -115.229 0 129.005
    endloop
  endfacet
  facet normal 0 1 0
    outer loop
      vertex -33.5 0 133.35
      vertex -114.659 0 128.591
      vertex -114.927 0 128.82
    endloop
  endfacet
  facet normal 0 1 0
    outer loop
      vertex -33.5 0 133.35
      vertex -114.43 0 128.323
      vertex -114.659 0 128.591
    endloop
  endfacet
  facet normal 0 1 0
    outer loop
      vertex -33.5 0 133.35
      vertex -114.245 0 128.021
      vertex -114.43 0 128.323
    endloop
  endfacet
  facet normal 0 1 0
    outer loop
      vertex -33.5 0 133.35
      vertex -114.11 0 127.695
      vertex -114.245 0 128.021
    endloop
  endfacet
  facet normal 0 1 0
    outer loop
      vertex -33.5 0 133.35
      vertex -114.028 0 127.352
      vertex -114.11 0 127.695
    endloop
  endfacet
  facet normal 0 1 0
    outer loop
      vertex -33.5 0 133.35
      vertex -114 0 127
      vertex -114.028 0 127.352
    endloop
  endfacet
  facet normal 0 1 0
    outer loop
      vertex -33.5 0 133.35
      vertex -114.028 0 126.648
      vertex -114 0 127
    endloop
  endfacet
  facet normal 0 1 0
    outer loop
      vertex -33.5 0 133.35
      vertex -114.11 0 126.305
      vertex -114.028 0 126.648
    endloop
  endfacet
  facet normal 0 1 0
    outer loop
      vertex -33.5 0 133.35
      vertex -114.245 0 125.979
      vertex -114.11 0 126.305
    endloop
  endfacet
  facet normal 0 1 0
    outer loop
      vertex -33.5 0 133.35
      vertex -114.43 0 125.677
      vertex -114.245 0 125.979
    endloop
  endfacet
  facet normal 0 1 0
    outer loop
      vertex -33.5 0 133.35
      vertex -114.659 0 125.409
      vertex -114.43 0 125.677
    endloop
  endfacet
  facet normal 0 1 0
    outer loop
      vertex -33.5 0 133.35
      vertex -114.927 0 125.18
      vertex -114.659 0 125.409
    endloop
  endfacet
  facet normal 0 1 0
    outer loop
      vertex -114.927 0 8.17029
      vertex -114.927 0 125.18
      vertex -33.5 0 133.35
    endloop
  endfacet
  facet normal 0 1 0
    outer loop
      vertex -114.927 0 125.18
      vertex -114.927 0 8.17029
      vertex -115.229 0 124.995
    endloop
  endfacet
  facet normal -0 1 0
    outer loop
      vertex -115.229 0 8.35476
      vertex -115.229 0 124.995
      vertex -114.927 0 8.17029
    endloop
  endfacet
  facet normal 0 1 0
    outer loop
      vertex -116.25 0 124.75
      vertex -116.25 0 8.6
      vertex -119.75 0 124.75
    endloop
  endfacet
  facet normal 0 1 0
    outer loop
      vertex -115.898 0 124.778
      vertex -116.25 0 8.6
      vertex -116.25 0 124.75
    endloop
  endfacet
  facet normal 0 1 0
    outer loop
      vertex -115.229 0 124.995
      vertex -115.229 0 8.35476
      vertex -115.555 0 124.86
    endloop
  endfacet
  facet normal 0 1 0
    outer loop
      vertex -115.898 0 124.778
      vertex -115.898 0 8.5723
      vertex -116.25 0 8.6
    endloop
  endfacet
  facet normal 0 1 0
    outer loop
      vertex -115.898 0 124.778
      vertex -115.555 0 8.48988
      vertex -115.898 0 8.5723
    endloop
  endfacet
  facet normal 0 1 0
    outer loop
      vertex -115.555 0 124.86
      vertex -115.555 0 8.48988
      vertex -115.898 0 124.778
    endloop
  endfacet
  facet normal -0 1 0
    outer loop
      vertex -115.555 0 8.48988
      vertex -115.555 0 124.86
      vertex -115.229 0 8.35476
    endloop
  endfacet
  facet normal 0 1 -0
    outer loop
      vertex -33.5 0 0
      vertex -114.927 0 8.17029
      vertex -33.5 0 133.35
    endloop
  endfacet
  facet normal 0 1 0
    outer loop
      vertex -114.927 0 8.17029
      vertex -33.5 0 0
      vertex -114.659 0 7.94099
    endloop
  endfacet
  facet normal 0 1 0
    outer loop
      vertex -114.659 0 7.94099
      vertex -33.5 0 0
      vertex -114.43 0 7.67252
    endloop
  endfacet
  facet normal 0 1 0
    outer loop
      vertex -114.43 0 7.67252
      vertex -33.5 0 0
      vertex -114.245 0 7.37148
    endloop
  endfacet
  facet normal 0 1 0
    outer loop
      vertex -114.245 0 7.37148
      vertex -33.5 0 0
      vertex -114.11 0 7.04529
    endloop
  endfacet
  facet normal 0 1 0
    outer loop
      vertex -114.11 0 7.04529
      vertex -33.5 0 0
      vertex -114.028 0 6.70198
    endloop
  endfacet
  facet normal 0 1 0
    outer loop
      vertex -114.028 0 6.70198
      vertex -33.5 0 0
      vertex -114 0 6.35
    endloop
  endfacet
  facet normal 0 1 0
    outer loop
      vertex -114 0 6.35
      vertex -33.5 0 0
      vertex -114.028 0 5.99802
    endloop
  endfacet
  facet normal 0 1 0
    outer loop
      vertex -114.028 0 5.99802
      vertex -33.5 0 0
      vertex -114.11 0 5.65471
    endloop
  endfacet
  facet normal 0 1 0
    outer loop
      vertex -114.11 0 5.65471
      vertex -33.5 0 0
      vertex -114.245 0 5.32852
    endloop
  endfacet
  facet normal 0 1 0
    outer loop
      vertex -115.898 0 4.1277
      vertex -125 0 0
      vertex -116.25 0 4.1
    endloop
  endfacet
  facet normal 0 1 0
    outer loop
      vertex -115.555 0 4.21012
      vertex -125 0 0
      vertex -115.898 0 4.1277
    endloop
  endfacet
  facet normal 0 1 0
    outer loop
      vertex -125 0 0
      vertex -115.555 0 4.21012
      vertex -33.5 0 0
    endloop
  endfacet
  facet normal 0 1 0
    outer loop
      vertex -115.229 0 4.34523
      vertex -33.5 0 0
      vertex -115.555 0 4.21012
    endloop
  endfacet
  facet normal 0 1 0
    outer loop
      vertex -114.927 0 4.52971
      vertex -33.5 0 0
      vertex -115.229 0 4.34523
    endloop
  endfacet
  facet normal 0 1 0
    outer loop
      vertex -114.659 0 4.75901
      vertex -33.5 0 0
      vertex -114.927 0 4.52971
    endloop
  endfacet
  facet normal 0 1 0
    outer loop
      vertex -114.43 0 5.02748
      vertex -33.5 0 0
      vertex -114.659 0 4.75901
    endloop
  endfacet
  facet normal 0 1 0
    outer loop
      vertex -114.245 0 5.32852
      vertex -33.5 0 0
      vertex -114.43 0 5.02748
    endloop
  endfacet
  facet normal 0 1 -0
    outer loop
      vertex -119.75 0 129.25
      vertex -125 0 133.35
      vertex -116.25 0 129.25
    endloop
  endfacet
  facet normal 0 1 -0
    outer loop
      vertex -120.102 0 129.222
      vertex -125 0 133.35
      vertex -119.75 0 129.25
    endloop
  endfacet
  facet normal 0 1 -0
    outer loop
      vertex -120.445 0 129.14
      vertex -125 0 133.35
      vertex -120.102 0 129.222
    endloop
  endfacet
  facet normal 0 1 -0
    outer loop
      vertex -120.771 0 129.005
      vertex -125 0 133.35
      vertex -120.445 0 129.14
    endloop
  endfacet
  facet normal 0 1 -0
    outer loop
      vertex -121.073 0 128.82
      vertex -125 0 133.35
      vertex -120.771 0 129.005
    endloop
  endfacet
  facet normal 0 1 -0
    outer loop
      vertex -121.341 0 128.591
      vertex -125 0 133.35
      vertex -121.073 0 128.82
    endloop
  endfacet
  facet normal 0 1 -0
    outer loop
      vertex -121.57 0 128.323
      vertex -125 0 133.35
      vertex -121.341 0 128.591
    endloop
  endfacet
  facet normal 0 1 -0
    outer loop
      vertex -121.755 0 128.021
      vertex -125 0 133.35
      vertex -121.57 0 128.323
    endloop
  endfacet
  facet normal 0 1 -0
    outer loop
      vertex -121.89 0 127.695
      vertex -125 0 133.35
      vertex -121.755 0 128.021
    endloop
  endfacet
  facet normal 0 1 -0
    outer loop
      vertex -121.972 0 127.352
      vertex -125 0 133.35
      vertex -121.89 0 127.695
    endloop
  endfacet
  facet normal 0 1 -0
    outer loop
      vertex -122 0 127
      vertex -125 0 133.35
      vertex -121.972 0 127.352
    endloop
  endfacet
  facet normal 0 1 0
    outer loop
      vertex -121.972 0 126.648
      vertex -125 0 133.35
      vertex -122 0 127
    endloop
  endfacet
  facet normal 0 1 0
    outer loop
      vertex -121.89 0 126.305
      vertex -125 0 133.35
      vertex -121.972 0 126.648
    endloop
  endfacet
  facet normal 0 1 0
    outer loop
      vertex -121.755 0 125.979
      vertex -125 0 133.35
      vertex -121.89 0 126.305
    endloop
  endfacet
  facet normal 0 1 0
    outer loop
      vertex -119.75 0 8.6
      vertex -119.75 0 124.75
      vertex -116.25 0 8.6
    endloop
  endfacet
  facet normal 0 1 0
    outer loop
      vertex -119.75 0 124.75
      vertex -119.75 0 8.6
      vertex -120.102 0 124.778
    endloop
  endfacet
  facet normal 0 1 0
    outer loop
      vertex -120.102 0 8.5723
      vertex -120.102 0 124.778
      vertex -119.75 0 8.6
    endloop
  endfacet
  facet normal 0 1 0
    outer loop
      vertex -120.102 0 124.778
      vertex -120.102 0 8.5723
      vertex -120.445 0 124.86
    endloop
  endfacet
  facet normal 0 1 0
    outer loop
      vertex -120.445 0 8.48988
      vertex -120.445 0 124.86
      vertex -120.102 0 8.5723
    endloop
  endfacet
  facet normal 0 1 0
    outer loop
      vertex -120.445 0 124.86
      vertex -120.445 0 8.48988
      vertex -120.771 0 124.995
    endloop
  endfacet
  facet normal 0 1 0
    outer loop
      vertex -120.771 0 8.35476
      vertex -120.771 0 124.995
      vertex -120.445 0 8.48988
    endloop
  endfacet
  facet normal 0 1 0
    outer loop
      vertex -120.771 0 124.995
      vertex -120.771 0 8.35476
      vertex -121.073 0 125.18
    endloop
  endfacet
  facet normal 0 1 0
    outer loop
      vertex -121.073 0 8.17029
      vertex -121.073 0 125.18
      vertex -120.771 0 8.35476
    endloop
  endfacet
  facet normal 0 1 0
    outer loop
      vertex -121.073 0 125.18
      vertex -121.073 0 8.17029
      vertex -121.341 0 125.409
    endloop
  endfacet
  facet normal 0 1 0
    outer loop
      vertex -121.341 0 7.94099
      vertex -121.341 0 125.409
      vertex -121.073 0 8.17029
    endloop
  endfacet
  facet normal 0 1 0
    outer loop
      vertex -121.341 0 125.409
      vertex -121.341 0 7.94099
      vertex -121.57 0 125.677
    endloop
  endfacet
  facet normal 0 1 0
    outer loop
      vertex -121.57 0 7.67252
      vertex -121.57 0 125.677
      vertex -121.341 0 7.94099
    endloop
  endfacet
  facet normal 0 1 0
    outer loop
      vertex -121.57 0 125.677
      vertex -121.57 0 7.67252
      vertex -121.755 0 125.979
    endloop
  endfacet
  facet normal 0 1 0
    outer loop
      vertex -121.755 0 7.37148
      vertex -121.755 0 125.979
      vertex -121.57 0 7.67252
    endloop
  endfacet
  facet normal 0 1 0
    outer loop
      vertex -121.755 0 125.979
      vertex -121.755 0 7.37148
      vertex -125 0 133.35
    endloop
  endfacet
  facet normal 0 1 -0
    outer loop
      vertex -121.89 0 7.04529
      vertex -125 0 133.35
      vertex -121.755 0 7.37148
    endloop
  endfacet
  facet normal 0 1 0
    outer loop
      vertex -125 0 0
      vertex -121.89 0 7.04529
      vertex -121.972 0 6.70198
    endloop
  endfacet
  facet normal 0 1 0
    outer loop
      vertex -125 0 0
      vertex -121.972 0 6.70198
      vertex -122 0 6.35
    endloop
  endfacet
  facet normal 0 1 0
    outer loop
      vertex -121.89 0 7.04529
      vertex -125 0 0
      vertex -125 0 133.35
    endloop
  endfacet
  facet normal 0 1 0
    outer loop
      vertex -121.972 0 5.99802
      vertex -125 0 0
      vertex -122 0 6.35
    endloop
  endfacet
  facet normal 0 1 0
    outer loop
      vertex -121.89 0 5.65471
      vertex -125 0 0
      vertex -121.972 0 5.99802
    endloop
  endfacet
  facet normal 0 1 0
    outer loop
      vertex -121.755 0 5.32852
      vertex -125 0 0
      vertex -121.89 0 5.65471
    endloop
  endfacet
  facet normal 0 1 0
    outer loop
      vertex -121.57 0 5.02748
      vertex -125 0 0
      vertex -121.755 0 5.32852
    endloop
  endfacet
  facet normal 0 1 0
    outer loop
      vertex -121.341 0 4.75901
      vertex -125 0 0
      vertex -121.57 0 5.02748
    endloop
  endfacet
  facet normal 0 1 0
    outer loop
      vertex -121.073 0 4.52971
      vertex -125 0 0
      vertex -121.341 0 4.75901
    endloop
  endfacet
  facet normal 0 1 0
    outer loop
      vertex -120.771 0 4.34523
      vertex -125 0 0
      vertex -121.073 0 4.52971
    endloop
  endfacet
  facet normal 0 1 0
    outer loop
      vertex -120.445 0 4.21012
      vertex -125 0 0
      vertex -120.771 0 4.34523
    endloop
  endfacet
  facet normal 0 1 0
    outer loop
      vertex -120.102 0 4.1277
      vertex -125 0 0
      vertex -120.445 0 4.21012
    endloop
  endfacet
  facet normal 0 1 0
    outer loop
      vertex -119.75 0 4.1
      vertex -125 0 0
      vertex -120.102 0 4.1277
    endloop
  endfacet
  facet normal 0 1 0
    outer loop
      vertex -116.25 0 4.1
      vertex -125 0 0
      vertex -119.75 0 4.1
    endloop
  endfacet
  facet normal 0 1 0
    outer loop
      vertex 116.25 0 129.25
      vertex 125 0 133.35
      vertex 119.75 0 129.25
    endloop
  endfacet
  facet normal 0 1 0
    outer loop
      vertex 125 0 133.35
      vertex 120.102 0 129.222
      vertex 119.75 0 129.25
    endloop
  endfacet
  facet normal 0 1 0
    outer loop
      vertex 125 0 133.35
      vertex 120.445 0 129.14
      vertex 120.102 0 129.222
    endloop
  endfacet
  facet normal 0 1 0
    outer loop
      vertex 125 0 133.35
      vertex 120.771 0 129.005
      vertex 120.445 0 129.14
    endloop
  endfacet
  facet normal 0 1 0
    outer loop
      vertex 125 0 133.35
      vertex 121.073 0 128.82
      vertex 120.771 0 129.005
    endloop
  endfacet
  facet normal 0 1 0
    outer loop
      vertex 125 0 133.35
      vertex 121.341 0 128.591
      vertex 121.073 0 128.82
    endloop
  endfacet
  facet normal 0 1 0
    outer loop
      vertex 125 0 133.35
      vertex 121.57 0 128.323
      vertex 121.341 0 128.591
    endloop
  endfacet
  facet normal 0 1 0
    outer loop
      vertex 125 0 133.35
      vertex 121.755 0 128.021
      vertex 121.57 0 128.323
    endloop
  endfacet
  facet normal 0 1 0
    outer loop
      vertex 125 0 133.35
      vertex 121.89 0 127.695
      vertex 121.755 0 128.021
    endloop
  endfacet
  facet normal 0 1 0
    outer loop
      vertex 125 0 133.35
      vertex 121.972 0 127.352
      vertex 121.89 0 127.695
    endloop
  endfacet
  facet normal 0 1 0
    outer loop
      vertex 125 0 133.35
      vertex 122 0 127
      vertex 121.972 0 127.352
    endloop
  endfacet
  facet normal 0 1 0
    outer loop
      vertex 125 0 133.35
      vertex 121.972 0 126.648
      vertex 122 0 127
    endloop
  endfacet
  facet normal 0 1 0
    outer loop
      vertex 125 0 133.35
      vertex 121.89 0 126.305
      vertex 121.972 0 126.648
    endloop
  endfacet
  facet normal 0 1 0
    outer loop
      vertex 125 0 133.35
      vertex 121.755 0 125.979
      vertex 121.89 0 126.305
    endloop
  endfacet
  facet normal 0 1 0
    outer loop
      vertex 119.75 0 124.75
      vertex 119.75 0 8.6
      vertex 116.25 0 124.75
    endloop
  endfacet
  facet normal 0 1 0
    outer loop
      vertex 120.102 0 124.778
      vertex 119.75 0 8.6
      vertex 119.75 0 124.75
    endloop
  endfacet
  facet normal 0 1 0
    outer loop
      vertex 120.102 0 8.5723
      vertex 120.102 0 124.778
      vertex 120.445 0 124.86
    endloop
  endfacet
  facet normal 0 1 0
    outer loop
      vertex 120.445 0 8.48988
      vertex 120.445 0 124.86
      vertex 120.771 0 124.995
    endloop
  endfacet
  facet normal 0 1 0
    outer loop
      vertex 120.771 0 8.35476
      vertex 120.771 0 124.995
      vertex 121.073 0 125.18
    endloop
  endfacet
  facet normal 0 1 0
    outer loop
      vertex 121.073 0 8.17029
      vertex 121.073 0 125.18
      vertex 121.341 0 125.409
    endloop
  endfacet
  facet normal 0 1 0
    outer loop
      vertex 121.341 0 7.94099
      vertex 121.341 0 125.409
      vertex 121.57 0 125.677
    endloop
  endfacet
  facet normal 0 1 0
    outer loop
      vertex 121.57 0 7.67252
      vertex 121.57 0 125.677
      vertex 121.755 0 125.979
    endloop
  endfacet
  facet normal 0 1 0
    outer loop
      vertex 121.755 0 7.37148
      vertex 121.755 0 125.979
      vertex 125 0 133.35
    endloop
  endfacet
  facet normal 0 1 0
    outer loop
      vertex 120.102 0 124.778
      vertex 120.102 0 8.5723
      vertex 119.75 0 8.6
    endloop
  endfacet
  facet normal 0 1 0
    outer loop
      vertex 120.445 0 124.86
      vertex 120.445 0 8.48988
      vertex 120.102 0 8.5723
    endloop
  endfacet
  facet normal 0 1 0
    outer loop
      vertex 120.771 0 124.995
      vertex 120.771 0 8.35476
      vertex 120.445 0 8.48988
    endloop
  endfacet
  facet normal 0 1 0
    outer loop
      vertex 121.073 0 125.18
      vertex 121.073 0 8.17029
      vertex 120.771 0 8.35476
    endloop
  endfacet
  facet normal 0 1 0
    outer loop
      vertex 121.341 0 125.409
      vertex 121.341 0 7.94099
      vertex 121.073 0 8.17029
    endloop
  endfacet
  facet normal 0 1 0
    outer loop
      vertex 121.57 0 125.677
      vertex 121.57 0 7.67252
      vertex 121.341 0 7.94099
    endloop
  endfacet
  facet normal 0 1 0
    outer loop
      vertex 121.755 0 125.979
      vertex 121.755 0 7.37148
      vertex 121.57 0 7.67252
    endloop
  endfacet
  facet normal 0 1 0
    outer loop
      vertex 125 0 133.35
      vertex 121.89 0 7.04529
      vertex 121.755 0 7.37148
    endloop
  endfacet
  facet normal 0 1 -0
    outer loop
      vertex 125 0 0
      vertex 121.89 0 7.04529
      vertex 125 0 133.35
    endloop
  endfacet
  facet normal 0 1 0
    outer loop
      vertex 121.89 0 7.04529
      vertex 125 0 0
      vertex 121.972 0 6.70198
    endloop
  endfacet
  facet normal 0 1 0
    outer loop
      vertex 119.75 0 4.1
      vertex 125 0 0
      vertex 116.25 0 4.1
    endloop
  endfacet
  facet normal 0 1 0
    outer loop
      vertex 120.102 0 4.1277
      vertex 125 0 0
      vertex 119.75 0 4.1
    endloop
  endfacet
  facet normal 0 1 0
    outer loop
      vertex 120.445 0 4.21012
      vertex 125 0 0
      vertex 120.102 0 4.1277
    endloop
  endfacet
  facet normal 0 1 0
    outer loop
      vertex 120.771 0 4.34523
      vertex 125 0 0
      vertex 120.445 0 4.21012
    endloop
  endfacet
  facet normal 0 1 0
    outer loop
      vertex 121.073 0 4.52971
      vertex 125 0 0
      vertex 120.771 0 4.34523
    endloop
  endfacet
  facet normal 0 1 0
    outer loop
      vertex 121.341 0 4.75901
      vertex 125 0 0
      vertex 121.073 0 4.52971
    endloop
  endfacet
  facet normal 0 1 0
    outer loop
      vertex 121.57 0 5.02748
      vertex 125 0 0
      vertex 121.341 0 4.75901
    endloop
  endfacet
  facet normal 0 1 0
    outer loop
      vertex 121.755 0 5.32852
      vertex 125 0 0
      vertex 121.57 0 5.02748
    endloop
  endfacet
  facet normal 0 1 0
    outer loop
      vertex 121.89 0 5.65471
      vertex 125 0 0
      vertex 121.755 0 5.32852
    endloop
  endfacet
  facet normal 0 1 0
    outer loop
      vertex 121.972 0 5.99802
      vertex 125 0 0
      vertex 121.89 0 5.65471
    endloop
  endfacet
  facet normal 0 1 0
    outer loop
      vertex 122 0 6.35
      vertex 125 0 0
      vertex 121.972 0 5.99802
    endloop
  endfacet
  facet normal 0 1 0
    outer loop
      vertex 121.972 0 6.70198
      vertex 125 0 0
      vertex 122 0 6.35
    endloop
  endfacet
  facet normal 0 1 0
    outer loop
      vertex 115.898 0 129.222
      vertex 125 0 133.35
      vertex 116.25 0 129.25
    endloop
  endfacet
  facet normal 0 1 0
    outer loop
      vertex 115.555 0 129.14
      vertex 125 0 133.35
      vertex 115.898 0 129.222
    endloop
  endfacet
  facet normal 0 1 0
    outer loop
      vertex 125 0 133.35
      vertex 115.555 0 129.14
      vertex 33.5 0 133.35
    endloop
  endfacet
  facet normal 0 1 -0
    outer loop
      vertex 115.229 0 129.005
      vertex 33.5 0 133.35
      vertex 115.555 0 129.14
    endloop
  endfacet
  facet normal 0 1 -0
    outer loop
      vertex 114.927 0 128.82
      vertex 33.5 0 133.35
      vertex 115.229 0 129.005
    endloop
  endfacet
  facet normal 0 1 -0
    outer loop
      vertex 114.659 0 128.591
      vertex 33.5 0 133.35
      vertex 114.927 0 128.82
    endloop
  endfacet
  facet normal 0 1 -0
    outer loop
      vertex 114.43 0 128.323
      vertex 33.5 0 133.35
      vertex 114.659 0 128.591
    endloop
  endfacet
  facet normal 0 1 -0
    outer loop
      vertex 114.245 0 128.021
      vertex 33.5 0 133.35
      vertex 114.43 0 128.323
    endloop
  endfacet
  facet normal 0 1 -0
    outer loop
      vertex 114.11 0 127.695
      vertex 33.5 0 133.35
      vertex 114.245 0 128.021
    endloop
  endfacet
  facet normal 0 1 -0
    outer loop
      vertex 114.028 0 127.352
      vertex 33.5 0 133.35
      vertex 114.11 0 127.695
    endloop
  endfacet
  facet normal 0 1 -0
    outer loop
      vertex 114 0 127
      vertex 33.5 0 133.35
      vertex 114.028 0 127.352
    endloop
  endfacet
  facet normal 0 1 0
    outer loop
      vertex 114.028 0 126.648
      vertex 33.5 0 133.35
      vertex 114 0 127
    endloop
  endfacet
  facet normal 0 1 0
    outer loop
      vertex 114.11 0 126.305
      vertex 33.5 0 133.35
      vertex 114.028 0 126.648
    endloop
  endfacet
  facet normal 0 1 0
    outer loop
      vertex 114.245 0 125.979
      vertex 33.5 0 133.35
      vertex 114.11 0 126.305
    endloop
  endfacet
  facet normal 0 1 0
    outer loop
      vertex 114.43 0 125.677
      vertex 33.5 0 133.35
      vertex 114.245 0 125.979
    endloop
  endfacet
  facet normal 0 1 0
    outer loop
      vertex 114.659 0 125.409
      vertex 33.5 0 133.35
      vertex 114.43 0 125.677
    endloop
  endfacet
  facet normal 0 1 0
    outer loop
      vertex 114.927 0 125.18
      vertex 33.5 0 133.35
      vertex 114.659 0 125.409
    endloop
  endfacet
  facet normal 0 1 0
    outer loop
      vertex 114.927 0 8.17029
      vertex 114.927 0 125.18
      vertex 115.229 0 124.995
    endloop
  endfacet
  facet normal 0 1 0
    outer loop
      vertex 115.229 0 8.35476
      vertex 115.229 0 124.995
      vertex 115.555 0 124.86
    endloop
  endfacet
  facet normal 0 1 0
    outer loop
      vertex 115.555 0 8.48988
      vertex 115.555 0 124.86
      vertex 115.898 0 124.778
    endloop
  endfacet
  facet normal 0 1 0
    outer loop
      vertex 116.25 0 8.6
      vertex 116.25 0 124.75
      vertex 119.75 0 8.6
    endloop
  endfacet
  facet normal 0 1 0
    outer loop
      vertex 116.25 0 124.75
      vertex 116.25 0 8.6
      vertex 115.898 0 124.778
    endloop
  endfacet
  facet normal 0 1 0
    outer loop
      vertex 115.898 0 8.5723
      vertex 115.898 0 124.778
      vertex 116.25 0 8.6
    endloop
  endfacet
  facet normal 0 1 0
    outer loop
      vertex 115.555 0 8.48988
      vertex 115.898 0 124.778
      vertex 115.898 0 8.5723
    endloop
  endfacet
  facet normal 0 1 0
    outer loop
      vertex 115.555 0 124.86
      vertex 115.555 0 8.48988
      vertex 115.229 0 8.35476
    endloop
  endfacet
  facet normal 0 1 0
    outer loop
      vertex 115.229 0 124.995
      vertex 115.229 0 8.35476
      vertex 114.927 0 8.17029
    endloop
  endfacet
  facet normal 0 1 0
    outer loop
      vertex 114.927 0 125.18
      vertex 114.927 0 8.17029
      vertex 33.5 0 133.35
    endloop
  endfacet
  facet normal 0 1 0
    outer loop
      vertex 33.5 0 0
      vertex 114.927 0 8.17029
      vertex 114.659 0 7.94099
    endloop
  endfacet
  facet normal 0 1 0
    outer loop
      vertex 33.5 0 0
      vertex 114.659 0 7.94099
      vertex 114.43 0 7.67252
    endloop
  endfacet
  facet normal 0 1 0
    outer loop
      vertex 33.5 0 0
      vertex 114.43 0 7.67252
      vertex 114.245 0 7.37148
    endloop
  endfacet
  facet normal 0 1 0
    outer loop
      vertex 33.5 0 0
      vertex 114.245 0 7.37148
      vertex 114.11 0 7.04529
    endloop
  endfacet
  facet normal 0 1 0
    outer loop
      vertex 33.5 0 0
      vertex 114.11 0 7.04529
      vertex 114.028 0 6.70198
    endloop
  endfacet
  facet normal 0 1 0
    outer loop
      vertex 33.5 0 0
      vertex 114.028 0 6.70198
      vertex 114 0 6.35
    endloop
  endfacet
  facet normal 0 1 0
    outer loop
      vertex 33.5 0 0
      vertex 114 0 6.35
      vertex 114.028 0 5.99802
    endloop
  endfacet
  facet normal 0 1 0
    outer loop
      vertex 33.5 0 0
      vertex 114.028 0 5.99802
      vertex 114.11 0 5.65471
    endloop
  endfacet
  facet normal 0 1 0
    outer loop
      vertex 33.5 0 0
      vertex 114.11 0 5.65471
      vertex 114.245 0 5.32852
    endloop
  endfacet
  facet normal 0 1 0
    outer loop
      vertex 33.5 0 0
      vertex 114.245 0 5.32852
      vertex 114.43 0 5.02748
    endloop
  endfacet
  facet normal 0 1 0
    outer loop
      vertex 125 0 0
      vertex 115.898 0 4.1277
      vertex 116.25 0 4.1
    endloop
  endfacet
  facet normal 0 1 0
    outer loop
      vertex 125 0 0
      vertex 115.555 0 4.21012
      vertex 115.898 0 4.1277
    endloop
  endfacet
  facet normal 0 1 0
    outer loop
      vertex 33.5 0 0
      vertex 115.555 0 4.21012
      vertex 125 0 0
    endloop
  endfacet
  facet normal 0 1 0
    outer loop
      vertex 114.927 0 8.17029
      vertex 33.5 0 0
      vertex 33.5 0 133.35
    endloop
  endfacet
  facet normal 0 1 0
    outer loop
      vertex 114.659 0 4.75901
      vertex 33.5 0 0
      vertex 114.43 0 5.02748
    endloop
  endfacet
  facet normal 0 1 0
    outer loop
      vertex 114.927 0 4.52971
      vertex 33.5 0 0
      vertex 114.659 0 4.75901
    endloop
  endfacet
  facet normal 0 1 0
    outer loop
      vertex 115.229 0 4.34523
      vertex 33.5 0 0
      vertex 114.927 0 4.52971
    endloop
  endfacet
  facet normal 0 1 0
    outer loop
      vertex 115.555 0 4.21012
      vertex 33.5 0 0
      vertex 115.229 0 4.34523
    endloop
  endfacet
  facet normal 0 1 0
    outer loop
      vertex 30.5 0 133.35
      vertex 24.5 0 129.35
      vertex -30.5 0 133.35
    endloop
  endfacet
  facet normal 0 1 0
    outer loop
      vertex 30.5 0 133.35
      vertex 24.5 0 8
      vertex 24.5 0 129.35
    endloop
  endfacet
  facet normal 0 1 0
    outer loop
      vertex 24.5 0 8
      vertex 30.5 0 4
      vertex -24.5 0 8
    endloop
  endfacet
  facet normal 0 1 -0
    outer loop
      vertex 30.5 0 4
      vertex 24.5 0 8
      vertex 30.5 0 133.35
    endloop
  endfacet
  facet normal 0 1 -0
    outer loop
      vertex -24.5 0 129.35
      vertex -30.5 0 133.35
      vertex 24.5 0 129.35
    endloop
  endfacet
  facet normal 0 1 -0
    outer loop
      vertex -24.5 0 8
      vertex -30.5 0 133.35
      vertex -24.5 0 129.35
    endloop
  endfacet
  facet normal 0 1 0
    outer loop
      vertex -24.5 0 8
      vertex -30.5 0 4
      vertex -30.5 0 133.35
    endloop
  endfacet
  facet normal 0 1 0
    outer loop
      vertex -30.5 0 4
      vertex -24.5 0 8
      vertex 30.5 0 4
    endloop
  endfacet
  facet normal 0 -1 0
    outer loop
      vertex 125 -3 133.35
      vertex 115.898 -3 129.222
      vertex 116.25 -3 129.25
    endloop
  endfacet
  facet normal 0 -1 0
    outer loop
      vertex 125 -3 133.35
      vertex 115.555 -3 129.14
      vertex 115.898 -3 129.222
    endloop
  endfacet
  facet normal 0 -1 0
    outer loop
      vertex 24.5 -3 129.35
      vertex 115.229 -3 129.005
      vertex 115.555 -3 129.14
    endloop
  endfacet
  facet normal 0 -1 0
    outer loop
      vertex 24.5 -3 129.35
      vertex 114.927 -3 128.82
      vertex 115.229 -3 129.005
    endloop
  endfacet
  facet normal 0 -1 0
    outer loop
      vertex 24.5 -3 129.35
      vertex 114.659 -3 128.591
      vertex 114.927 -3 128.82
    endloop
  endfacet
  facet normal 0 -1 0
    outer loop
      vertex 24.5 -3 129.35
      vertex 114.43 -3 128.323
      vertex 114.659 -3 128.591
    endloop
  endfacet
  facet normal 0 -1 0
    outer loop
      vertex 24.5 -3 129.35
      vertex 114.245 -3 128.021
      vertex 114.43 -3 128.323
    endloop
  endfacet
  facet normal 0 -1 0
    outer loop
      vertex 24.5 -3 129.35
      vertex 114.11 -3 127.695
      vertex 114.245 -3 128.021
    endloop
  endfacet
  facet normal 0 -1 0
    outer loop
      vertex 24.5 -3 129.35
      vertex 114.028 -3 127.352
      vertex 114.11 -3 127.695
    endloop
  endfacet
  facet normal 0 -1 0
    outer loop
      vertex 24.5 -3 129.35
      vertex 114 -3 127
      vertex 114.028 -3 127.352
    endloop
  endfacet
  facet normal 0 -1 0
    outer loop
      vertex 24.5 -3 129.35
      vertex 114.028 -3 126.648
      vertex 114 -3 127
    endloop
  endfacet
  facet normal 0 -1 0
    outer loop
      vertex 24.5 -3 129.35
      vertex 114.11 -3 126.305
      vertex 114.028 -3 126.648
    endloop
  endfacet
  facet normal 0 -1 0
    outer loop
      vertex 24.5 -3 129.35
      vertex 114.245 -3 125.979
      vertex 114.11 -3 126.305
    endloop
  endfacet
  facet normal 0 -1 0
    outer loop
      vertex 24.5 -3 129.35
      vertex 114.43 -3 125.677
      vertex 114.245 -3 125.979
    endloop
  endfacet
  facet normal 0 -1 0
    outer loop
      vertex 24.5 -3 129.35
      vertex 114.659 -3 125.409
      vertex 114.43 -3 125.677
    endloop
  endfacet
  facet normal 0 -1 0
    outer loop
      vertex 24.5 -3 129.35
      vertex 114.927 -3 125.18
      vertex 114.659 -3 125.409
    endloop
  endfacet
  facet normal 0 -1 0
    outer loop
      vertex 24.5 -3 8
      vertex 114.927 -3 125.18
      vertex 24.5 -3 129.35
    endloop
  endfacet
  facet normal -0 -1 0
    outer loop
      vertex 114.927 -3 8.17029
      vertex 114.927 -3 125.18
      vertex 24.5 -3 8
    endloop
  endfacet
  facet normal 0 -1 0
    outer loop
      vertex 114.927 -3 125.18
      vertex 114.927 -3 8.17029
      vertex 115.229 -3 124.995
    endloop
  endfacet
  facet normal -0 -1 0
    outer loop
      vertex 115.229 -3 8.35476
      vertex 115.229 -3 124.995
      vertex 114.927 -3 8.17029
    endloop
  endfacet
  facet normal 0 -1 0
    outer loop
      vertex 116.25 -3 124.75
      vertex 116.25 -3 8.6
      vertex 119.75 -3 124.75
    endloop
  endfacet
  facet normal 0 -1 0
    outer loop
      vertex 115.229 -3 124.995
      vertex 115.229 -3 8.35476
      vertex 115.555 -3 124.86
    endloop
  endfacet
  facet normal 0 -1 -0
    outer loop
      vertex 116.25 -3 124.75
      vertex 115.898 -3 8.5723
      vertex 116.25 -3 8.6
    endloop
  endfacet
  facet normal 0 -1 0
    outer loop
      vertex 115.898 -3 124.778
      vertex 115.898 -3 8.5723
      vertex 116.25 -3 124.75
    endloop
  endfacet
  facet normal -0 -1 0
    outer loop
      vertex 115.898 -3 8.5723
      vertex 115.898 -3 124.778
      vertex 115.555 -3 8.48988
    endloop
  endfacet
  facet normal 0 -1 0
    outer loop
      vertex 115.555 -3 124.86
      vertex 115.555 -3 8.48988
      vertex 115.898 -3 124.778
    endloop
  endfacet
  facet normal -0 -1 0
    outer loop
      vertex 115.555 -3 8.48988
      vertex 115.555 -3 124.86
      vertex 115.229 -3 8.35476
    endloop
  endfacet
  facet normal 0 -1 0
    outer loop
      vertex 24.5 -3 8
      vertex 114.659 -3 7.94099
      vertex 114.927 -3 8.17029
    endloop
  endfacet
  facet normal 0 -1 0
    outer loop
      vertex -114.245 -3 7.37148
      vertex -24.5 -3 8
      vertex -114.43 -3 7.67252
    endloop
  endfacet
  facet normal 0 -1 0
    outer loop
      vertex -114.11 -3 7.04529
      vertex -24.5 -3 8
      vertex -114.245 -3 7.37148
    endloop
  endfacet
  facet normal 0 -1 0
    outer loop
      vertex 24.5 -3 8
      vertex 114.43 -3 7.67252
      vertex 114.659 -3 7.94099
    endloop
  endfacet
  facet normal 0 -1 0
    outer loop
      vertex -114.028 -3 6.70198
      vertex -24.5 -3 8
      vertex -114.11 -3 7.04529
    endloop
  endfacet
  facet normal 0 -1 0
    outer loop
      vertex 24.5 -3 8
      vertex 114.245 -3 7.37148
      vertex 114.43 -3 7.67252
    endloop
  endfacet
  facet normal 0 -1 0
    outer loop
      vertex -114 -3 6.35
      vertex -24.5 -3 8
      vertex -114.028 -3 6.70198
    endloop
  endfacet
  facet normal 0 -1 0
    outer loop
      vertex 24.5 -3 8
      vertex 114.11 -3 7.04529
      vertex 114.245 -3 7.37148
    endloop
  endfacet
  facet normal 0 -1 0
    outer loop
      vertex -114.028 -3 5.99802
      vertex -24.5 -3 8
      vertex -114 -3 6.35
    endloop
  endfacet
  facet normal 0 -1 0
    outer loop
      vertex 24.5 -3 8
      vertex 114.028 -3 6.70198
      vertex 114.11 -3 7.04529
    endloop
  endfacet
  facet normal 0 -1 0
    outer loop
      vertex -114.11 -3 5.65471
      vertex -24.5 -3 8
      vertex -114.028 -3 5.99802
    endloop
  endfacet
  facet normal 0 -1 0
    outer loop
      vertex 24.5 -3 8
      vertex 114 -3 6.35
      vertex 114.028 -3 6.70198
    endloop
  endfacet
  facet normal 0 -1 0
    outer loop
      vertex -114.245 -3 5.32852
      vertex -24.5 -3 8
      vertex -114.11 -3 5.65471
    endloop
  endfacet
  facet normal 0 -1 0
    outer loop
      vertex 24.5 -3 8
      vertex 114.028 -3 5.99802
      vertex 114 -3 6.35
    endloop
  endfacet
  facet normal 0 -1 0
    outer loop
      vertex -114.43 -3 5.02748
      vertex -24.5 -3 8
      vertex -114.245 -3 5.32852
    endloop
  endfacet
  facet normal 0 -1 0
    outer loop
      vertex 24.5 -3 8
      vertex 114.11 -3 5.65471
      vertex 114.028 -3 5.99802
    endloop
  endfacet
  facet normal 0 -1 0
    outer loop
      vertex -114.659 -3 4.75901
      vertex -24.5 -3 8
      vertex -114.43 -3 5.02748
    endloop
  endfacet
  facet normal 0 -1 0
    outer loop
      vertex 24.5 -3 8
      vertex 114.245 -3 5.32852
      vertex 114.11 -3 5.65471
    endloop
  endfacet
  facet normal 0 -1 0
    outer loop
      vertex -114.927 -3 4.52971
      vertex -24.5 -3 8
      vertex -114.659 -3 4.75901
    endloop
  endfacet
  facet normal 0 -1 0
    outer loop
      vertex 24.5 -3 8
      vertex 114.43 -3 5.02748
      vertex 114.245 -3 5.32852
    endloop
  endfacet
  facet normal 0 -1 0
    outer loop
      vertex -115.229 -3 4.34523
      vertex -24.5 -3 8
      vertex -114.927 -3 4.52971
    endloop
  endfacet
  facet normal 0 -1 0
    outer loop
      vertex 24.5 -3 8
      vertex 114.659 -3 4.75901
      vertex 114.43 -3 5.02748
    endloop
  endfacet
  facet normal 0 -1 0
    outer loop
      vertex -115.555 -3 4.21012
      vertex -24.5 -3 8
      vertex -115.229 -3 4.34523
    endloop
  endfacet
  facet normal 0 -1 0
    outer loop
      vertex 24.5 -3 8
      vertex 114.927 -3 4.52971
      vertex 114.659 -3 4.75901
    endloop
  endfacet
  facet normal 0 -1 0
    outer loop
      vertex -125 -3 0
      vertex -24.5 -3 8
      vertex -115.555 -3 4.21012
    endloop
  endfacet
  facet normal 0 -1 0
    outer loop
      vertex 24.5 -3 8
      vertex 115.229 -3 4.34523
      vertex 114.927 -3 4.52971
    endloop
  endfacet
  facet normal 0 -1 -0
    outer loop
      vertex -24.5 -3 8
      vertex -125 -3 0
      vertex 24.5 -3 8
    endloop
  endfacet
  facet normal 0 -1 0
    outer loop
      vertex 24.5 -3 8
      vertex 115.555 -3 4.21012
      vertex 115.229 -3 4.34523
    endloop
  endfacet
  facet normal 0 -1 0
    outer loop
      vertex -125 -3 0
      vertex -115.555 -3 4.21012
      vertex -115.898 -3 4.1277
    endloop
  endfacet
  facet normal 0 -1 0
    outer loop
      vertex 125 -3 0
      vertex 24.5 -3 8
      vertex -125 -3 0
    endloop
  endfacet
  facet normal 0 -1 0
    outer loop
      vertex -125 -3 0
      vertex -115.898 -3 4.1277
      vertex -116.25 -3 4.1
    endloop
  endfacet
  facet normal 0 -1 0
    outer loop
      vertex 24.5 -3 8
      vertex 125 -3 0
      vertex 115.555 -3 4.21012
    endloop
  endfacet
  facet normal 0 -1 0
    outer loop
      vertex -125 -3 133.35
      vertex -24.5 -3 129.35
      vertex 125 -3 133.35
    endloop
  endfacet
  facet normal 0 -1 0
    outer loop
      vertex -116.25 -3 129.25
      vertex -125 -3 133.35
      vertex -119.75 -3 129.25
    endloop
  endfacet
  facet normal 0 -1 0
    outer loop
      vertex -125 -3 133.35
      vertex -120.102 -3 129.222
      vertex -119.75 -3 129.25
    endloop
  endfacet
  facet normal 0 -1 0
    outer loop
      vertex -125 -3 133.35
      vertex -120.445 -3 129.14
      vertex -120.102 -3 129.222
    endloop
  endfacet
  facet normal 0 -1 0
    outer loop
      vertex -125 -3 133.35
      vertex -120.771 -3 129.005
      vertex -120.445 -3 129.14
    endloop
  endfacet
  facet normal 0 -1 0
    outer loop
      vertex -125 -3 133.35
      vertex -121.073 -3 128.82
      vertex -120.771 -3 129.005
    endloop
  endfacet
  facet normal 0 -1 0
    outer loop
      vertex -125 -3 133.35
      vertex -121.341 -3 128.591
      vertex -121.073 -3 128.82
    endloop
  endfacet
  facet normal 0 -1 0
    outer loop
      vertex -125 -3 133.35
      vertex -121.57 -3 128.323
      vertex -121.341 -3 128.591
    endloop
  endfacet
  facet normal 0 -1 0
    outer loop
      vertex -125 -3 133.35
      vertex -121.755 -3 128.021
      vertex -121.57 -3 128.323
    endloop
  endfacet
  facet normal 0 -1 0
    outer loop
      vertex -125 -3 133.35
      vertex -121.89 -3 127.695
      vertex -121.755 -3 128.021
    endloop
  endfacet
  facet normal 0 -1 0
    outer loop
      vertex -125 -3 133.35
      vertex -121.972 -3 127.352
      vertex -121.89 -3 127.695
    endloop
  endfacet
  facet normal 0 -1 0
    outer loop
      vertex -125 -3 133.35
      vertex -122 -3 127
      vertex -121.972 -3 127.352
    endloop
  endfacet
  facet normal 0 -1 0
    outer loop
      vertex -125 -3 133.35
      vertex -121.972 -3 126.648
      vertex -122 -3 127
    endloop
  endfacet
  facet normal 0 -1 0
    outer loop
      vertex -125 -3 133.35
      vertex -121.89 -3 126.305
      vertex -121.972 -3 126.648
    endloop
  endfacet
  facet normal 0 -1 0
    outer loop
      vertex -125 -3 133.35
      vertex -121.755 -3 125.979
      vertex -121.89 -3 126.305
    endloop
  endfacet
  facet normal 0 -1 0
    outer loop
      vertex -119.75 -3 124.75
      vertex -119.75 -3 8.6
      vertex -116.25 -3 124.75
    endloop
  endfacet
  facet normal 0 -1 0
    outer loop
      vertex -120.102 -3 124.778
      vertex -119.75 -3 8.6
      vertex -119.75 -3 124.75
    endloop
  endfacet
  facet normal 0 -1 0
    outer loop
      vertex -120.102 -3 8.5723
      vertex -120.102 -3 124.778
      vertex -120.445 -3 124.86
    endloop
  endfacet
  facet normal 0 -1 0
    outer loop
      vertex -120.445 -3 8.48988
      vertex -120.445 -3 124.86
      vertex -120.771 -3 124.995
    endloop
  endfacet
  facet normal 0 -1 0
    outer loop
      vertex -120.771 -3 8.35476
      vertex -120.771 -3 124.995
      vertex -121.073 -3 125.18
    endloop
  endfacet
  facet normal 0 -1 0
    outer loop
      vertex -121.073 -3 8.17029
      vertex -121.073 -3 125.18
      vertex -121.341 -3 125.409
    endloop
  endfacet
  facet normal 0 -1 0
    outer loop
      vertex -121.341 -3 7.94099
      vertex -121.341 -3 125.409
      vertex -121.57 -3 125.677
    endloop
  endfacet
  facet normal 0 -1 0
    outer loop
      vertex -121.57 -3 7.67252
      vertex -121.57 -3 125.677
      vertex -121.755 -3 125.979
    endloop
  endfacet
  facet normal 0 -1 0
    outer loop
      vertex -121.755 -3 7.37148
      vertex -121.755 -3 125.979
      vertex -125 -3 133.35
    endloop
  endfacet
  facet normal 0 -1 0
    outer loop
      vertex -120.102 -3 124.778
      vertex -120.102 -3 8.5723
      vertex -119.75 -3 8.6
    endloop
  endfacet
  facet normal 0 -1 0
    outer loop
      vertex -120.445 -3 124.86
      vertex -120.445 -3 8.48988
      vertex -120.102 -3 8.5723
    endloop
  endfacet
  facet normal 0 -1 0
    outer loop
      vertex -120.771 -3 124.995
      vertex -120.771 -3 8.35476
      vertex -120.445 -3 8.48988
    endloop
  endfacet
  facet normal 0 -1 0
    outer loop
      vertex -121.073 -3 125.18
      vertex -121.073 -3 8.17029
      vertex -120.771 -3 8.35476
    endloop
  endfacet
  facet normal 0 -1 0
    outer loop
      vertex -121.341 -3 125.409
      vertex -121.341 -3 7.94099
      vertex -121.073 -3 8.17029
    endloop
  endfacet
  facet normal 0 -1 0
    outer loop
      vertex -121.57 -3 125.677
      vertex -121.57 -3 7.67252
      vertex -121.341 -3 7.94099
    endloop
  endfacet
  facet normal 0 -1 0
    outer loop
      vertex -121.755 -3 125.979
      vertex -121.755 -3 7.37148
      vertex -121.57 -3 7.67252
    endloop
  endfacet
  facet normal 0 -1 0
    outer loop
      vertex -125 -3 133.35
      vertex -121.89 -3 7.04529
      vertex -121.755 -3 7.37148
    endloop
  endfacet
  facet normal 0 -1 0
    outer loop
      vertex -125 -3 0
      vertex -121.89 -3 7.04529
      vertex -125 -3 133.35
    endloop
  endfacet
  facet normal 0 -1 0
    outer loop
      vertex -121.89 -3 7.04529
      vertex -125 -3 0
      vertex -121.972 -3 6.70198
    endloop
  endfacet
  facet normal 0 -1 0
    outer loop
      vertex -125 -3 0
      vertex -116.25 -3 4.1
      vertex -119.75 -3 4.1
    endloop
  endfacet
  facet normal 0 -1 0
    outer loop
      vertex 115.555 -3 4.21012
      vertex 125 -3 0
      vertex 115.898 -3 4.1277
    endloop
  endfacet
  facet normal 0 -1 0
    outer loop
      vertex 115.898 -3 4.1277
      vertex 125 -3 0
      vertex 116.25 -3 4.1
    endloop
  endfacet
  facet normal 0 -1 -0
    outer loop
      vertex -120.102 -3 4.1277
      vertex -125 -3 0
      vertex -119.75 -3 4.1
    endloop
  endfacet
  facet normal 0 -1 -0
    outer loop
      vertex -120.445 -3 4.21012
      vertex -125 -3 0
      vertex -120.102 -3 4.1277
    endloop
  endfacet
  facet normal 0 -1 -0
    outer loop
      vertex -120.771 -3 4.34523
      vertex -125 -3 0
      vertex -120.445 -3 4.21012
    endloop
  endfacet
  facet normal 0 -1 -0
    outer loop
      vertex -121.073 -3 4.52971
      vertex -125 -3 0
      vertex -120.771 -3 4.34523
    endloop
  endfacet
  facet normal 0 -1 -0
    outer loop
      vertex -121.341 -3 4.75901
      vertex -125 -3 0
      vertex -121.073 -3 4.52971
    endloop
  endfacet
  facet normal 0 -1 -0
    outer loop
      vertex -121.57 -3 5.02748
      vertex -125 -3 0
      vertex -121.341 -3 4.75901
    endloop
  endfacet
  facet normal 0 -1 -0
    outer loop
      vertex -121.755 -3 5.32852
      vertex -125 -3 0
      vertex -121.57 -3 5.02748
    endloop
  endfacet
  facet normal 0 -1 -0
    outer loop
      vertex -121.89 -3 5.65471
      vertex -125 -3 0
      vertex -121.755 -3 5.32852
    endloop
  endfacet
  facet normal 0 -1 -0
    outer loop
      vertex -121.972 -3 5.99802
      vertex -125 -3 0
      vertex -121.89 -3 5.65471
    endloop
  endfacet
  facet normal 0 -1 -0
    outer loop
      vertex -122 -3 6.35
      vertex -125 -3 0
      vertex -121.972 -3 5.99802
    endloop
  endfacet
  facet normal 0 -1 0
    outer loop
      vertex -121.972 -3 6.70198
      vertex -125 -3 0
      vertex -122 -3 6.35
    endloop
  endfacet
  facet normal 0 -1 0
    outer loop
      vertex 24.5 -3 129.35
      vertex 125 -3 133.35
      vertex -24.5 -3 129.35
    endloop
  endfacet
  facet normal 0 -1 0
    outer loop
      vertex 115.555 -3 129.14
      vertex 125 -3 133.35
      vertex 24.5 -3 129.35
    endloop
  endfacet
  facet normal 0 -1 0
    outer loop
      vertex 119.75 -3 129.25
      vertex 125 -3 133.35
      vertex 116.25 -3 129.25
    endloop
  endfacet
  facet normal 0 -1 0
    outer loop
      vertex 120.102 -3 129.222
      vertex 125 -3 133.35
      vertex 119.75 -3 129.25
    endloop
  endfacet
  facet normal 0 -1 0
    outer loop
      vertex 120.445 -3 129.14
      vertex 125 -3 133.35
      vertex 120.102 -3 129.222
    endloop
  endfacet
  facet normal 0 -1 0
    outer loop
      vertex 120.771 -3 129.005
      vertex 125 -3 133.35
      vertex 120.445 -3 129.14
    endloop
  endfacet
  facet normal 0 -1 0
    outer loop
      vertex 121.073 -3 128.82
      vertex 125 -3 133.35
      vertex 120.771 -3 129.005
    endloop
  endfacet
  facet normal 0 -1 0
    outer loop
      vertex 121.341 -3 128.591
      vertex 125 -3 133.35
      vertex 121.073 -3 128.82
    endloop
  endfacet
  facet normal 0 -1 0
    outer loop
      vertex 121.57 -3 128.323
      vertex 125 -3 133.35
      vertex 121.341 -3 128.591
    endloop
  endfacet
  facet normal 0 -1 0
    outer loop
      vertex 121.755 -3 128.021
      vertex 125 -3 133.35
      vertex 121.57 -3 128.323
    endloop
  endfacet
  facet normal 0 -1 0
    outer loop
      vertex 121.89 -3 127.695
      vertex 125 -3 133.35
      vertex 121.755 -3 128.021
    endloop
  endfacet
  facet normal 0 -1 0
    outer loop
      vertex 121.972 -3 127.352
      vertex 125 -3 133.35
      vertex 121.89 -3 127.695
    endloop
  endfacet
  facet normal 0 -1 0
    outer loop
      vertex 122 -3 127
      vertex 125 -3 133.35
      vertex 121.972 -3 127.352
    endloop
  endfacet
  facet normal 0 -1 0
    outer loop
      vertex 121.972 -3 126.648
      vertex 125 -3 133.35
      vertex 122 -3 127
    endloop
  endfacet
  facet normal 0 -1 0
    outer loop
      vertex 121.89 -3 126.305
      vertex 125 -3 133.35
      vertex 121.972 -3 126.648
    endloop
  endfacet
  facet normal 0 -1 0
    outer loop
      vertex 121.755 -3 125.979
      vertex 125 -3 133.35
      vertex 121.89 -3 126.305
    endloop
  endfacet
  facet normal 0 -1 0
    outer loop
      vertex 119.75 -3 8.6
      vertex 119.75 -3 124.75
      vertex 116.25 -3 8.6
    endloop
  endfacet
  facet normal 0 -1 0
    outer loop
      vertex 119.75 -3 124.75
      vertex 119.75 -3 8.6
      vertex 120.102 -3 124.778
    endloop
  endfacet
  facet normal 0 -1 0
    outer loop
      vertex 120.102 -3 8.5723
      vertex 120.102 -3 124.778
      vertex 119.75 -3 8.6
    endloop
  endfacet
  facet normal 0 -1 0
    outer loop
      vertex 120.102 -3 124.778
      vertex 120.102 -3 8.5723
      vertex 120.445 -3 124.86
    endloop
  endfacet
  facet normal 0 -1 0
    outer loop
      vertex 120.445 -3 8.48988
      vertex 120.445 -3 124.86
      vertex 120.102 -3 8.5723
    endloop
  endfacet
  facet normal 0 -1 0
    outer loop
      vertex 120.445 -3 124.86
      vertex 120.445 -3 8.48988
      vertex 120.771 -3 124.995
    endloop
  endfacet
  facet normal 0 -1 0
    outer loop
      vertex 120.771 -3 8.35476
      vertex 120.771 -3 124.995
      vertex 120.445 -3 8.48988
    endloop
  endfacet
  facet normal 0 -1 0
    outer loop
      vertex 120.771 -3 124.995
      vertex 120.771 -3 8.35476
      vertex 121.073 -3 125.18
    endloop
  endfacet
  facet normal 0 -1 0
    outer loop
      vertex 121.073 -3 8.17029
      vertex 121.073 -3 125.18
      vertex 120.771 -3 8.35476
    endloop
  endfacet
  facet normal 0 -1 0
    outer loop
      vertex 121.073 -3 125.18
      vertex 121.073 -3 8.17029
      vertex 121.341 -3 125.409
    endloop
  endfacet
  facet normal 0 -1 0
    outer loop
      vertex 121.341 -3 7.94099
      vertex 121.341 -3 125.409
      vertex 121.073 -3 8.17029
    endloop
  endfacet
  facet normal 0 -1 0
    outer loop
      vertex 121.341 -3 125.409
      vertex 121.341 -3 7.94099
      vertex 121.57 -3 125.677
    endloop
  endfacet
  facet normal 0 -1 0
    outer loop
      vertex 121.57 -3 7.67252
      vertex 121.57 -3 125.677
      vertex 121.341 -3 7.94099
    endloop
  endfacet
  facet normal 0 -1 0
    outer loop
      vertex 121.57 -3 125.677
      vertex 121.57 -3 7.67252
      vertex 121.755 -3 125.979
    endloop
  endfacet
  facet normal 0 -1 0
    outer loop
      vertex 121.755 -3 7.37148
      vertex 121.755 -3 125.979
      vertex 121.57 -3 7.67252
    endloop
  endfacet
  facet normal 0 -1 0
    outer loop
      vertex 121.755 -3 125.979
      vertex 121.755 -3 7.37148
      vertex 125 -3 133.35
    endloop
  endfacet
  facet normal 0 -1 0
    outer loop
      vertex 121.89 -3 7.04529
      vertex 125 -3 133.35
      vertex 121.755 -3 7.37148
    endloop
  endfacet
  facet normal 0 -1 0
    outer loop
      vertex 125 -3 0
      vertex 121.89 -3 7.04529
      vertex 121.972 -3 6.70198
    endloop
  endfacet
  facet normal 0 -1 0
    outer loop
      vertex 125 -3 0
      vertex 121.972 -3 6.70198
      vertex 122 -3 6.35
    endloop
  endfacet
  facet normal 0 -1 0
    outer loop
      vertex 121.89 -3 7.04529
      vertex 125 -3 0
      vertex 125 -3 133.35
    endloop
  endfacet
  facet normal 0 -1 0
    outer loop
      vertex 121.972 -3 5.99802
      vertex 125 -3 0
      vertex 122 -3 6.35
    endloop
  endfacet
  facet normal 0 -1 0
    outer loop
      vertex 121.89 -3 5.65471
      vertex 125 -3 0
      vertex 121.972 -3 5.99802
    endloop
  endfacet
  facet normal 0 -1 0
    outer loop
      vertex 121.755 -3 5.32852
      vertex 125 -3 0
      vertex 121.89 -3 5.65471
    endloop
  endfacet
  facet normal 0 -1 0
    outer loop
      vertex 121.57 -3 5.02748
      vertex 125 -3 0
      vertex 121.755 -3 5.32852
    endloop
  endfacet
  facet normal 0 -1 0
    outer loop
      vertex 121.341 -3 4.75901
      vertex 125 -3 0
      vertex 121.57 -3 5.02748
    endloop
  endfacet
  facet normal 0 -1 0
    outer loop
      vertex 121.073 -3 4.52971
      vertex 125 -3 0
      vertex 121.341 -3 4.75901
    endloop
  endfacet
  facet normal 0 -1 0
    outer loop
      vertex 120.771 -3 4.34523
      vertex 125 -3 0
      vertex 121.073 -3 4.52971
    endloop
  endfacet
  facet normal 0 -1 0
    outer loop
      vertex 120.445 -3 4.21012
      vertex 125 -3 0
      vertex 120.771 -3 4.34523
    endloop
  endfacet
  facet normal 0 -1 0
    outer loop
      vertex 120.102 -3 4.1277
      vertex 125 -3 0
      vertex 120.445 -3 4.21012
    endloop
  endfacet
  facet normal 0 -1 0
    outer loop
      vertex 119.75 -3 4.1
      vertex 125 -3 0
      vertex 120.102 -3 4.1277
    endloop
  endfacet
  facet normal 0 -1 0
    outer loop
      vertex 116.25 -3 4.1
      vertex 125 -3 0
      vertex 119.75 -3 4.1
    endloop
  endfacet
  facet normal 0 -1 0
    outer loop
      vertex -115.898 -3 129.222
      vertex -125 -3 133.35
      vertex -116.25 -3 129.25
    endloop
  endfacet
  facet normal 0 -1 0
    outer loop
      vertex -115.555 -3 129.14
      vertex -125 -3 133.35
      vertex -115.898 -3 129.222
    endloop
  endfacet
  facet normal 0 -1 0
    outer loop
      vertex -125 -3 133.35
      vertex -115.555 -3 129.14
      vertex -24.5 -3 129.35
    endloop
  endfacet
  facet normal 0 -1 0
    outer loop
      vertex -115.229 -3 129.005
      vertex -24.5 -3 129.35
      vertex -115.555 -3 129.14
    endloop
  endfacet
  facet normal 0 -1 0
    outer loop
      vertex -114.927 -3 128.82
      vertex -24.5 -3 129.35
      vertex -115.229 -3 129.005
    endloop
  endfacet
  facet normal 0 -1 0
    outer loop
      vertex -114.659 -3 128.591
      vertex -24.5 -3 129.35
      vertex -114.927 -3 128.82
    endloop
  endfacet
  facet normal 0 -1 0
    outer loop
      vertex -114.43 -3 128.323
      vertex -24.5 -3 129.35
      vertex -114.659 -3 128.591
    endloop
  endfacet
  facet normal 0 -1 0
    outer loop
      vertex -114.245 -3 128.021
      vertex -24.5 -3 129.35
      vertex -114.43 -3 128.323
    endloop
  endfacet
  facet normal 0 -1 0
    outer loop
      vertex -114.11 -3 127.695
      vertex -24.5 -3 129.35
      vertex -114.245 -3 128.021
    endloop
  endfacet
  facet normal 0 -1 0
    outer loop
      vertex -114.028 -3 127.352
      vertex -24.5 -3 129.35
      vertex -114.11 -3 127.695
    endloop
  endfacet
  facet normal 0 -1 0
    outer loop
      vertex -114 -3 127
      vertex -24.5 -3 129.35
      vertex -114.028 -3 127.352
    endloop
  endfacet
  facet normal 0 -1 0
    outer loop
      vertex -114.028 -3 126.648
      vertex -24.5 -3 129.35
      vertex -114 -3 127
    endloop
  endfacet
  facet normal 0 -1 0
    outer loop
      vertex -114.11 -3 126.305
      vertex -24.5 -3 129.35
      vertex -114.028 -3 126.648
    endloop
  endfacet
  facet normal 0 -1 0
    outer loop
      vertex -114.245 -3 125.979
      vertex -24.5 -3 129.35
      vertex -114.11 -3 126.305
    endloop
  endfacet
  facet normal 0 -1 0
    outer loop
      vertex -114.43 -3 125.677
      vertex -24.5 -3 129.35
      vertex -114.245 -3 125.979
    endloop
  endfacet
  facet normal 0 -1 0
    outer loop
      vertex -114.659 -3 125.409
      vertex -24.5 -3 129.35
      vertex -114.43 -3 125.677
    endloop
  endfacet
  facet normal 0 -1 0
    outer loop
      vertex -114.927 -3 125.18
      vertex -24.5 -3 129.35
      vertex -114.659 -3 125.409
    endloop
  endfacet
  facet normal 0 -1 0
    outer loop
      vertex -114.927 -3 8.17029
      vertex -114.927 -3 125.18
      vertex -115.229 -3 124.995
    endloop
  endfacet
  facet normal 0 -1 0
    outer loop
      vertex -115.229 -3 8.35476
      vertex -115.229 -3 124.995
      vertex -115.555 -3 124.86
    endloop
  endfacet
  facet normal 0 -1 0
    outer loop
      vertex -115.555 -3 8.48988
      vertex -115.555 -3 124.86
      vertex -115.898 -3 124.778
    endloop
  endfacet
  facet normal 0 -1 0
    outer loop
      vertex -115.898 -3 8.5723
      vertex -115.898 -3 124.778
      vertex -116.25 -3 124.75
    endloop
  endfacet
  facet normal 0 -1 0
    outer loop
      vertex -116.25 -3 8.6
      vertex -116.25 -3 124.75
      vertex -119.75 -3 8.6
    endloop
  endfacet
  facet normal 0 -1 0
    outer loop
      vertex -115.898 -3 8.5723
      vertex -116.25 -3 124.75
      vertex -116.25 -3 8.6
    endloop
  endfacet
  facet normal 0 -1 0
    outer loop
      vertex -115.898 -3 124.778
      vertex -115.898 -3 8.5723
      vertex -115.555 -3 8.48988
    endloop
  endfacet
  facet normal 0 -1 0
    outer loop
      vertex -115.555 -3 124.86
      vertex -115.555 -3 8.48988
      vertex -115.229 -3 8.35476
    endloop
  endfacet
  facet normal 0 -1 0
    outer loop
      vertex -115.229 -3 124.995
      vertex -115.229 -3 8.35476
      vertex -114.927 -3 8.17029
    endloop
  endfacet
  facet normal 0 -1 0
    outer loop
      vertex -114.927 -3 125.18
      vertex -114.927 -3 8.17029
      vertex -24.5 -3 8
    endloop
  endfacet
  facet normal 0 -1 0
    outer loop
      vertex -114.927 -3 125.18
      vertex -24.5 -3 8
      vertex -24.5 -3 129.35
    endloop
  endfacet
  facet normal 0 -1 0
    outer loop
      vertex -114.43 -3 7.67252
      vertex -24.5 -3 8
      vertex -114.659 -3 7.94099
    endloop
  endfacet
  facet normal 0 -1 0
    outer loop
      vertex -114.659 -3 7.94099
      vertex -24.5 -3 8
      vertex -114.927 -3 8.17029
    endloop
  endfacet
  facet normal -1 0 0
    outer loop
      vertex 24.5 -3 8
      vertex 24.5 0 129.35
      vertex 24.5 0 8
    endloop
  endfacet
  facet normal -1 -0 0
    outer loop
      vertex 24.5 0 129.35
      vertex 24.5 -3 8
      vertex 24.5 -3 129.35
    endloop
  endfacet
  facet normal 0 0 -1
    outer loop
      vertex -24.5 -3 129.35
      vertex 24.5 0 129.35
      vertex 24.5 -3 129.35
    endloop
  endfacet
  facet normal -0 0 -1
    outer loop
      vertex 24.5 0 129.35
      vertex -24.5 -3 129.35
      vertex -24.5 0 129.35
    endloop
  endfacet
  facet normal -0 0 1
    outer loop
      vertex -24.5 0 8
      vertex 24.5 -3 8
      vertex 24.5 0 8
    endloop
  endfacet
  facet normal 0 0 1
    outer loop
      vertex 24.5 -3 8
      vertex -24.5 0 8
      vertex -24.5 -3 8
    endloop
  endfacet
  facet normal 1 -0 0
    outer loop
      vertex -24.5 -3 129.35
      vertex -24.5 0 8
      vertex -24.5 0 129.35
    endloop
  endfacet
  facet normal 1 0 0
    outer loop
      vertex -24.5 0 8
      vertex -24.5 -3 129.35
      vertex -24.5 -3 8
    endloop
  endfacet
  facet normal 1 0 0
    outer loop
      vertex 33.5 117.5 12
      vertex 33.5 125 133.35
      vertex 33.5 117.5 125.35
    endloop
  endfacet
  facet normal 1 0 0
    outer loop
      vertex 33.5 125 133.35
      vertex 33.5 105 125.35
      vertex 33.5 117.5 125.35
    endloop
  endfacet
  facet normal 1 0 0
    outer loop
      vertex 33.5 105 125.35
      vertex 33.5 96.25 125.35
      vertex 33.5 105 12
    endloop
  endfacet
  facet normal 1 0 0
    outer loop
      vertex 33.5 125 133.35
      vertex 33.5 96.25 125.35
      vertex 33.5 105 125.35
    endloop
  endfacet
  facet normal 1 0 0
    outer loop
      vertex 33.5 125 133.35
      vertex 33.5 83.75 125.35
      vertex 33.5 96.25 125.35
    endloop
  endfacet
  facet normal 1 0 0
    outer loop
      vertex 33.5 83.75 125.35
      vertex 33.5 75 125.35
      vertex 33.5 83.75 12
    endloop
  endfacet
  facet normal 1 0 0
    outer loop
      vertex 33.5 125 133.35
      vertex 33.5 75 125.35
      vertex 33.5 83.75 125.35
    endloop
  endfacet
  facet normal 1 0 0
    outer loop
      vertex 33.5 125 133.35
      vertex 33.5 62.5 125.35
      vertex 33.5 75 125.35
    endloop
  endfacet
  facet normal 1 0 0
    outer loop
      vertex 33.5 62.5 125.35
      vertex 33.5 53.75 125.35
      vertex 33.5 62.5 12
    endloop
  endfacet
  facet normal 1 -0 0
    outer loop
      vertex 33.5 0 133.35
      vertex 33.5 62.5 125.35
      vertex 33.5 125 133.35
    endloop
  endfacet
  facet normal 1 0 0
    outer loop
      vertex 33.5 62.5 125.35
      vertex 33.5 0 133.35
      vertex 33.5 53.75 125.35
    endloop
  endfacet
  facet normal 1 0 0
    outer loop
      vertex 33.5 41.25 125.35
      vertex 33.5 32.5 125.35
      vertex 33.5 41.25 12
    endloop
  endfacet
  facet normal 1 0 0
    outer loop
      vertex 33.5 53.75 125.35
      vertex 33.5 0 133.35
      vertex 33.5 41.25 125.35
    endloop
  endfacet
  facet normal 1 0 0
    outer loop
      vertex 33.5 41.25 125.35
      vertex 33.5 0 133.35
      vertex 33.5 32.5 125.35
    endloop
  endfacet
  facet normal 1 0 0
    outer loop
      vertex 33.5 20 125.35
      vertex 33.5 0 133.35
      vertex 33.5 20 12
    endloop
  endfacet
  facet normal 1 0 0
    outer loop
      vertex 33.5 32.5 125.35
      vertex 33.5 0 133.35
      vertex 33.5 20 125.35
    endloop
  endfacet
  facet normal 1 0 0
    outer loop
      vertex 33.5 125 133.35
      vertex 33.5 117.5 12
      vertex 33.5 125 0
    endloop
  endfacet
  facet normal 1 -0 0
    outer loop
      vertex 33.5 105 12
      vertex 33.5 125 0
      vertex 33.5 117.5 12
    endloop
  endfacet
  facet normal 1 0 0
    outer loop
      vertex 33.5 96.25 12
      vertex 33.5 105 12
      vertex 33.5 96.25 125.35
    endloop
  endfacet
  facet normal 1 -0 0
    outer loop
      vertex 33.5 96.25 12
      vertex 33.5 125 0
      vertex 33.5 105 12
    endloop
  endfacet
  facet normal 1 -0 0
    outer loop
      vertex 33.5 83.75 12
      vertex 33.5 125 0
      vertex 33.5 96.25 12
    endloop
  endfacet
  facet normal 1 0 0
    outer loop
      vertex 33.5 75 12
      vertex 33.5 83.75 12
      vertex 33.5 75 125.35
    endloop
  endfacet
  facet normal 1 -0 0
    outer loop
      vertex 33.5 75 12
      vertex 33.5 125 0
      vertex 33.5 83.75 12
    endloop
  endfacet
  facet normal 1 -0 0
    outer loop
      vertex 33.5 62.5 12
      vertex 33.5 125 0
      vertex 33.5 75 12
    endloop
  endfacet
  facet normal 1 0 0
    outer loop
      vertex 33.5 53.75 12
      vertex 33.5 62.5 12
      vertex 33.5 53.75 125.35
    endloop
  endfacet
  facet normal 1 0 0
    outer loop
      vertex 33.5 0 0
      vertex 33.5 62.5 12
      vertex 33.5 53.75 12
    endloop
  endfacet
  facet normal 1 0 0
    outer loop
      vertex 33.5 0 0
      vertex 33.5 53.75 12
      vertex 33.5 41.25 12
    endloop
  endfacet
  facet normal 1 0 0
    outer loop
      vertex 33.5 32.5 12
      vertex 33.5 41.25 12
      vertex 33.5 32.5 125.35
    endloop
  endfacet
  facet normal 1 0 0
    outer loop
      vertex 33.5 0 0
      vertex 33.5 41.25 12
      vertex 33.5 32.5 12
    endloop
  endfacet
  facet normal 1 0 0
    outer loop
      vertex 33.5 0 0
      vertex 33.5 32.5 12
      vertex 33.5 20 12
    endloop
  endfacet
  facet normal 1 0 0
    outer loop
      vertex 33.5 62.5 12
      vertex 33.5 0 0
      vertex 33.5 125 0
    endloop
  endfacet
  facet normal 1 0 0
    outer loop
      vertex 33.5 0 0
      vertex 33.5 20 12
      vertex 33.5 0 133.35
    endloop
  endfacet
  facet normal 0 0 1
    outer loop
      vertex 30.5 125 4
      vertex 23.5 120 4
      vertex 30.5 0 4
    endloop
  endfacet
  facet normal 0 0 1
    outer loop
      vertex 30.5 125 4
      vertex -23.5 120 4
      vertex 23.5 120 4
    endloop
  endfacet
  facet normal 0 0 1
    outer loop
      vertex -23.5 120 4
      vertex -30.5 125 4
      vertex -23.5 5 4
    endloop
  endfacet
  facet normal -0 0 1
    outer loop
      vertex -30.5 125 4
      vertex -23.5 120 4
      vertex 30.5 125 4
    endloop
  endfacet
  facet normal -0 0 1
    outer loop
      vertex 23.5 5 4
      vertex 30.5 0 4
      vertex 23.5 120 4
    endloop
  endfacet
  facet normal -0 0 1
    outer loop
      vertex -23.5 5 4
      vertex 30.5 0 4
      vertex 23.5 5 4
    endloop
  endfacet
  facet normal 0 0 1
    outer loop
      vertex -23.5 5 4
      vertex -30.5 0 4
      vertex 30.5 0 4
    endloop
  endfacet
  facet normal 0 0 1
    outer loop
      vertex -30.5 0 4
      vertex -23.5 5 4
      vertex -30.5 125 4
    endloop
  endfacet
  facet normal -1 0 0
    outer loop
      vertex -33.5 125 0
      vertex -33.5 117.5 12
      vertex -33.5 125 133.35
    endloop
  endfacet
  facet normal -1 0 0
    outer loop
      vertex -33.5 125 0
      vertex -33.5 105 12
      vertex -33.5 117.5 12
    endloop
  endfacet
  facet normal -1 0 0
    outer loop
      vertex -33.5 105 12
      vertex -33.5 96.25 12
      vertex -33.5 105 125.35
    endloop
  endfacet
  facet normal -1 0 0
    outer loop
      vertex -33.5 125 0
      vertex -33.5 96.25 12
      vertex -33.5 105 12
    endloop
  endfacet
  facet normal -1 0 0
    outer loop
      vertex -33.5 125 0
      vertex -33.5 83.75 12
      vertex -33.5 96.25 12
    endloop
  endfacet
  facet normal -1 0 0
    outer loop
      vertex -33.5 83.75 12
      vertex -33.5 75 12
      vertex -33.5 83.75 125.35
    endloop
  endfacet
  facet normal -1 0 0
    outer loop
      vertex -33.5 125 0
      vertex -33.5 75 12
      vertex -33.5 83.75 12
    endloop
  endfacet
  facet normal -1 0 0
    outer loop
      vertex -33.5 125 0
      vertex -33.5 62.5 12
      vertex -33.5 75 12
    endloop
  endfacet
  facet normal -1 0 0
    outer loop
      vertex -33.5 62.5 12
      vertex -33.5 53.75 12
      vertex -33.5 62.5 125.35
    endloop
  endfacet
  facet normal -1 0 0
    outer loop
      vertex -33.5 0 0
      vertex -33.5 62.5 12
      vertex -33.5 125 0
    endloop
  endfacet
  facet normal -1 -0 0
    outer loop
      vertex -33.5 62.5 12
      vertex -33.5 0 0
      vertex -33.5 53.75 12
    endloop
  endfacet
  facet normal -1 0 0
    outer loop
      vertex -33.5 41.25 12
      vertex -33.5 32.5 12
      vertex -33.5 41.25 125.35
    endloop
  endfacet
  facet normal -1 -0 0
    outer loop
      vertex -33.5 53.75 12
      vertex -33.5 0 0
      vertex -33.5 41.25 12
    endloop
  endfacet
  facet normal -1 -0 0
    outer loop
      vertex -33.5 41.25 12
      vertex -33.5 0 0
      vertex -33.5 32.5 12
    endloop
  endfacet
  facet normal -1 0 0
    outer loop
      vertex -33.5 0 133.35
      vertex -33.5 20 12
      vertex -33.5 0 0
    endloop
  endfacet
  facet normal -1 -0 0
    outer loop
      vertex -33.5 32.5 12
      vertex -33.5 0 0
      vertex -33.5 20 12
    endloop
  endfacet
  facet normal -1 0 0
    outer loop
      vertex -33.5 117.5 125.35
      vertex -33.5 125 133.35
      vertex -33.5 117.5 12
    endloop
  endfacet
  facet normal -1 0 0
    outer loop
      vertex -33.5 105 125.35
      vertex -33.5 125 133.35
      vertex -33.5 117.5 125.35
    endloop
  endfacet
  facet normal -1 0 0
    outer loop
      vertex -33.5 96.25 125.35
      vertex -33.5 105 125.35
      vertex -33.5 96.25 12
    endloop
  endfacet
  facet normal -1 0 0
    outer loop
      vertex -33.5 96.25 125.35
      vertex -33.5 125 133.35
      vertex -33.5 105 125.35
    endloop
  endfacet
  facet normal -1 0 0
    outer loop
      vertex -33.5 83.75 125.35
      vertex -33.5 125 133.35
      vertex -33.5 96.25 125.35
    endloop
  endfacet
  facet normal -1 0 0
    outer loop
      vertex -33.5 75 125.35
      vertex -33.5 83.75 125.35
      vertex -33.5 75 12
    endloop
  endfacet
  facet normal -1 0 0
    outer loop
      vertex -33.5 75 125.35
      vertex -33.5 125 133.35
      vertex -33.5 83.75 125.35
    endloop
  endfacet
  facet normal -1 0 0
    outer loop
      vertex -33.5 62.5 125.35
      vertex -33.5 125 133.35
      vertex -33.5 75 125.35
    endloop
  endfacet
  facet normal -1 0 0
    outer loop
      vertex -33.5 53.75 125.35
      vertex -33.5 62.5 125.35
      vertex -33.5 53.75 12
    endloop
  endfacet
  facet normal -1 0 0
    outer loop
      vertex -33.5 0 133.35
      vertex -33.5 62.5 125.35
      vertex -33.5 53.75 125.35
    endloop
  endfacet
  facet normal -1 0 0
    outer loop
      vertex -33.5 0 133.35
      vertex -33.5 53.75 125.35
      vertex -33.5 41.25 125.35
    endloop
  endfacet
  facet normal -1 0 0
    outer loop
      vertex -33.5 32.5 125.35
      vertex -33.5 41.25 125.35
      vertex -33.5 32.5 12
    endloop
  endfacet
  facet normal -1 0 0
    outer loop
      vertex -33.5 0 133.35
      vertex -33.5 41.25 125.35
      vertex -33.5 32.5 125.35
    endloop
  endfacet
  facet normal -1 0 0
    outer loop
      vertex -33.5 0 133.35
      vertex -33.5 32.5 125.35
      vertex -33.5 20 125.35
    endloop
  endfacet
  facet normal -1 0 0
    outer loop
      vertex -33.5 62.5 125.35
      vertex -33.5 0 133.35
      vertex -33.5 125 133.35
    endloop
  endfacet
  facet normal -1 0 0
    outer loop
      vertex -33.5 20 12
      vertex -33.5 0 133.35
      vertex -33.5 20 125.35
    endloop
  endfacet
  facet normal 0 1 0
    outer loop
      vertex 33.5 125 133.35
      vertex 30.5 125 4
      vertex 30.5 125 133.35
    endloop
  endfacet
  facet normal 0 1 0
    outer loop
      vertex 30.5 125 4
      vertex 33.5 125 0
      vertex -30.5 125 4
    endloop
  endfacet
  facet normal 0 1 -0
    outer loop
      vertex 33.5 125 0
      vertex 30.5 125 4
      vertex 33.5 125 133.35
    endloop
  endfacet
  facet normal 0 1 -0
    outer loop
      vertex -30.5 125 4
      vertex -33.5 125 133.35
      vertex -30.5 125 133.35
    endloop
  endfacet
  facet normal 0 1 0
    outer loop
      vertex -30.5 125 4
      vertex -33.5 125 0
      vertex -33.5 125 133.35
    endloop
  endfacet
  facet normal 0 1 0
    outer loop
      vertex -33.5 125 0
      vertex -30.5 125 4
      vertex 33.5 125 0
    endloop
  endfacet
  facet normal -1 0 0
    outer loop
      vertex 23.5 5 0
      vertex 23.5 120 4
      vertex 23.5 120 0
    endloop
  endfacet
  facet normal -1 -0 0
    outer loop
      vertex 23.5 120 4
      vertex 23.5 5 0
      vertex 23.5 5 4
    endloop
  endfacet
  facet normal 1 -0 0
    outer loop
      vertex -23.5 5 4
      vertex -23.5 120 0
      vertex -23.5 120 4
    endloop
  endfacet
  facet normal 1 0 0
    outer loop
      vertex -23.5 120 0
      vertex -23.5 5 4
      vertex -23.5 5 0
    endloop
  endfacet
  facet normal 0 -1 0
    outer loop
      vertex -23.5 120 0
      vertex 23.5 120 4
      vertex -23.5 120 4
    endloop
  endfacet
  facet normal 0 -1 -0
    outer loop
      vertex 23.5 120 4
      vertex -23.5 120 0
      vertex 23.5 120 0
    endloop
  endfacet
  facet normal 0 1 -0
    outer loop
      vertex 23.5 5 0
      vertex -23.5 5 4
      vertex 23.5 5 4
    endloop
  endfacet
  facet normal 0 1 0
    outer loop
      vertex -23.5 5 4
      vertex 23.5 5 0
      vertex -23.5 5 0
    endloop
  endfacet
  facet normal 0 0 -1
    outer loop
      vertex -33.5 20 125.35
      vertex -30.5 32.5 125.35
      vertex -30.5 20 125.35
    endloop
  endfacet
  facet normal -0 0 -1
    outer loop
      vertex -30.5 32.5 125.35
      vertex -33.5 20 125.35
      vertex -33.5 32.5 125.35
    endloop
  endfacet
  facet normal -0 0 1
    outer loop
      vertex -33.5 32.5 12
      vertex -30.5 20 12
      vertex -30.5 32.5 12
    endloop
  endfacet
  facet normal 0 0 1
    outer loop
      vertex -30.5 20 12
      vertex -33.5 32.5 12
      vertex -33.5 20 12
    endloop
  endfacet
  facet normal 0 -1 0
    outer loop
      vertex -33.5 32.5 12
      vertex -30.5 32.5 125.35
      vertex -33.5 32.5 125.35
    endloop
  endfacet
  facet normal 0 -1 -0
    outer loop
      vertex -30.5 32.5 125.35
      vertex -33.5 32.5 12
      vertex -30.5 32.5 12
    endloop
  endfacet
  facet normal 0 1 -0
    outer loop
      vertex -30.5 20 12
      vertex -33.5 20 125.35
      vertex -30.5 20 125.35
    endloop
  endfacet
  facet normal 0 1 0
    outer loop
      vertex -33.5 20 125.35
      vertex -30.5 20 12
      vertex -33.5 20 12
    endloop
  endfacet
  facet normal 0 0 -1
    outer loop
      vertex -33.5 41.25 125.35
      vertex -30.5 53.75 125.35
      vertex -30.5 41.25 125.35
    endloop
  endfacet
  facet normal -0 0 -1
    outer loop
      vertex -30.5 53.75 125.35
      vertex -33.5 41.25 125.35
      vertex -33.5 53.75 125.35
    endloop
  endfacet
  facet normal -0 0 1
    outer loop
      vertex -33.5 53.75 12
      vertex -30.5 41.25 12
      vertex -30.5 53.75 12
    endloop
  endfacet
  facet normal 0 0 1
    outer loop
      vertex -30.5 41.25 12
      vertex -33.5 53.75 12
      vertex -33.5 41.25 12
    endloop
  endfacet
  facet normal 0 -1 0
    outer loop
      vertex -33.5 53.75 12
      vertex -30.5 53.75 125.35
      vertex -33.5 53.75 125.35
    endloop
  endfacet
  facet normal 0 -1 -0
    outer loop
      vertex -30.5 53.75 125.35
      vertex -33.5 53.75 12
      vertex -30.5 53.75 12
    endloop
  endfacet
  facet normal 0 1 -0
    outer loop
      vertex -30.5 41.25 12
      vertex -33.5 41.25 125.35
      vertex -30.5 41.25 125.35
    endloop
  endfacet
  facet normal 0 1 0
    outer loop
      vertex -33.5 41.25 125.35
      vertex -30.5 41.25 12
      vertex -33.5 41.25 12
    endloop
  endfacet
  facet normal 0 0 -1
    outer loop
      vertex -33.5 62.5 125.35
      vertex -30.5 75 125.35
      vertex -30.5 62.5 125.35
    endloop
  endfacet
  facet normal -0 0 -1
    outer loop
      vertex -30.5 75 125.35
      vertex -33.5 62.5 125.35
      vertex -33.5 75 125.35
    endloop
  endfacet
  facet normal -0 0 1
    outer loop
      vertex -33.5 75 12
      vertex -30.5 62.5 12
      vertex -30.5 75 12
    endloop
  endfacet
  facet normal 0 0 1
    outer loop
      vertex -30.5 62.5 12
      vertex -33.5 75 12
      vertex -33.5 62.5 12
    endloop
  endfacet
  facet normal 0 -1 0
    outer loop
      vertex -33.5 75 12
      vertex -30.5 75 125.35
      vertex -33.5 75 125.35
    endloop
  endfacet
  facet normal 0 -1 -0
    outer loop
      vertex -30.5 75 125.35
      vertex -33.5 75 12
      vertex -30.5 75 12
    endloop
  endfacet
  facet normal 0 1 -0
    outer loop
      vertex -30.5 62.5 12
      vertex -33.5 62.5 125.35
      vertex -30.5 62.5 125.35
    endloop
  endfacet
  facet normal 0 1 0
    outer loop
      vertex -33.5 62.5 125.35
      vertex -30.5 62.5 12
      vertex -33.5 62.5 12
    endloop
  endfacet
  facet normal 0 0 -1
    outer loop
      vertex -33.5 83.75 125.35
      vertex -30.5 96.25 125.35
      vertex -30.5 83.75 125.35
    endloop
  endfacet
  facet normal -0 0 -1
    outer loop
      vertex -30.5 96.25 125.35
      vertex -33.5 83.75 125.35
      vertex -33.5 96.25 125.35
    endloop
  endfacet
  facet normal -0 0 1
    outer loop
      vertex -33.5 96.25 12
      vertex -30.5 83.75 12
      vertex -30.5 96.25 12
    endloop
  endfacet
  facet normal 0 0 1
    outer loop
      vertex -30.5 83.75 12
      vertex -33.5 96.25 12
      vertex -33.5 83.75 12
    endloop
  endfacet
  facet normal 0 -1 0
    outer loop
      vertex -33.5 96.25 12
      vertex -30.5 96.25 125.35
      vertex -33.5 96.25 125.35
    endloop
  endfacet
  facet normal 0 -1 -0
    outer loop
      vertex -30.5 96.25 125.35
      vertex -33.5 96.25 12
      vertex -30.5 96.25 12
    endloop
  endfacet
  facet normal 0 1 -0
    outer loop
      vertex -30.5 83.75 12
      vertex -33.5 83.75 125.35
      vertex -30.5 83.75 125.35
    endloop
  endfacet
  facet normal 0 1 0
    outer loop
      vertex -33.5 83.75 125.35
      vertex -30.5 83.75 12
      vertex -33.5 83.75 12
    endloop
  endfacet
  facet normal 0 0 -1
    outer loop
      vertex -33.5 105 125.35
      vertex -30.5 117.5 125.35
      vertex -30.5 105 125.35
    endloop
  endfacet
  facet normal -0 0 -1
    outer loop
      vertex -30.5 117.5 125.35
      vertex -33.5 105 125.35
      vertex -33.5 117.5 125.35
    endloop
  endfacet
  facet normal -0 0 1
    outer loop
      vertex -33.5 117.5 12
      vertex -30.5 105 12
      vertex -30.5 117.5 12
    endloop
  endfacet
  facet normal 0 0 1
    outer loop
      vertex -30.5 105 12
      vertex -33.5 117.5 12
      vertex -33.5 105 12
    endloop
  endfacet
  facet normal 0 -1 0
    outer loop
      vertex -33.5 117.5 12
      vertex -30.5 117.5 125.35
      vertex -33.5 117.5 125.35
    endloop
  endfacet
  facet normal 0 -1 -0
    outer loop
      vertex -30.5 117.5 125.35
      vertex -33.5 117.5 12
      vertex -30.5 117.5 12
    endloop
  endfacet
  facet normal 0 1 -0
    outer loop
      vertex -30.5 105 12
      vertex -33.5 105 125.35
      vertex -30.5 105 125.35
    endloop
  endfacet
  facet normal 0 1 0
    outer loop
      vertex -33.5 105 125.35
      vertex -30.5 105 12
      vertex -33.5 105 12
    endloop
  endfacet
  facet normal 1 0 0
    outer loop
      vertex -30.5 125 133.35
      vertex -30.5 117.5 125.35
      vertex -30.5 125 4
    endloop
  endfacet
  facet normal 1 0 0
    outer loop
      vertex -30.5 125 133.35
      vertex -30.5 105 125.35
      vertex -30.5 117.5 125.35
    endloop
  endfacet
  facet normal 1 0 0
    outer loop
      vertex -30.5 105 125.35
      vertex -30.5 96.25 125.35
      vertex -30.5 105 12
    endloop
  endfacet
  facet normal 1 0 0
    outer loop
      vertex -30.5 125 133.35
      vertex -30.5 96.25 125.35
      vertex -30.5 105 125.35
    endloop
  endfacet
  facet normal 1 0 0
    outer loop
      vertex -30.5 125 133.35
      vertex -30.5 83.75 125.35
      vertex -30.5 96.25 125.35
    endloop
  endfacet
  facet normal 1 0 0
    outer loop
      vertex -30.5 83.75 125.35
      vertex -30.5 75 125.35
      vertex -30.5 83.75 12
    endloop
  endfacet
  facet normal 1 0 0
    outer loop
      vertex -30.5 125 133.35
      vertex -30.5 75 125.35
      vertex -30.5 83.75 125.35
    endloop
  endfacet
  facet normal 1 0 0
    outer loop
      vertex -30.5 125 133.35
      vertex -30.5 62.5 125.35
      vertex -30.5 75 125.35
    endloop
  endfacet
  facet normal 1 0 0
    outer loop
      vertex -30.5 62.5 125.35
      vertex -30.5 53.75 125.35
      vertex -30.5 62.5 12
    endloop
  endfacet
  facet normal 1 -0 0
    outer loop
      vertex -30.5 0 133.35
      vertex -30.5 62.5 125.35
      vertex -30.5 125 133.35
    endloop
  endfacet
  facet normal 1 0 0
    outer loop
      vertex -30.5 62.5 125.35
      vertex -30.5 0 133.35
      vertex -30.5 53.75 125.35
    endloop
  endfacet
  facet normal 1 0 0
    outer loop
      vertex -30.5 41.25 125.35
      vertex -30.5 32.5 125.35
      vertex -30.5 41.25 12
    endloop
  endfacet
  facet normal 1 0 0
    outer loop
      vertex -30.5 53.75 125.35
      vertex -30.5 0 133.35
      vertex -30.5 41.25 125.35
    endloop
  endfacet
  facet normal 1 0 0
    outer loop
      vertex -30.5 41.25 125.35
      vertex -30.5 0 133.35
      vertex -30.5 32.5 125.35
    endloop
  endfacet
  facet normal 1 0 0
    outer loop
      vertex -30.5 20 125.35
      vertex -30.5 0 133.35
      vertex -30.5 20 12
    endloop
  endfacet
  facet normal 1 0 0
    outer loop
      vertex -30.5 32.5 125.35
      vertex -30.5 0 133.35
      vertex -30.5 20 125.35
    endloop
  endfacet
  facet normal 1 -0 0
    outer loop
      vertex -30.5 117.5 12
      vertex -30.5 125 4
      vertex -30.5 117.5 125.35
    endloop
  endfacet
  facet normal 1 -0 0
    outer loop
      vertex -30.5 105 12
      vertex -30.5 125 4
      vertex -30.5 117.5 12
    endloop
  endfacet
  facet normal 1 0 0
    outer loop
      vertex -30.5 96.25 12
      vertex -30.5 105 12
      vertex -30.5 96.25 125.35
    endloop
  endfacet
  facet normal 1 -0 0
    outer loop
      vertex -30.5 96.25 12
      vertex -30.5 125 4
      vertex -30.5 105 12
    endloop
  endfacet
  facet normal 1 -0 0
    outer loop
      vertex -30.5 83.75 12
      vertex -30.5 125 4
      vertex -30.5 96.25 12
    endloop
  endfacet
  facet normal 1 0 0
    outer loop
      vertex -30.5 75 12
      vertex -30.5 83.75 12
      vertex -30.5 75 125.35
    endloop
  endfacet
  facet normal 1 -0 0
    outer loop
      vertex -30.5 75 12
      vertex -30.5 125 4
      vertex -30.5 83.75 12
    endloop
  endfacet
  facet normal 1 -0 0
    outer loop
      vertex -30.5 62.5 12
      vertex -30.5 125 4
      vertex -30.5 75 12
    endloop
  endfacet
  facet normal 1 0 0
    outer loop
      vertex -30.5 53.75 12
      vertex -30.5 62.5 12
      vertex -30.5 53.75 125.35
    endloop
  endfacet
  facet normal 1 0 0
    outer loop
      vertex -30.5 0 4
      vertex -30.5 62.5 12
      vertex -30.5 53.75 12
    endloop
  endfacet
  facet normal 1 0 0
    outer loop
      vertex -30.5 0 4
      vertex -30.5 53.75 12
      vertex -30.5 41.25 12
    endloop
  endfacet
  facet normal 1 0 0
    outer loop
      vertex -30.5 32.5 12
      vertex -30.5 41.25 12
      vertex -30.5 32.5 125.35
    endloop
  endfacet
  facet normal 1 0 0
    outer loop
      vertex -30.5 0 4
      vertex -30.5 41.25 12
      vertex -30.5 32.5 12
    endloop
  endfacet
  facet normal 1 0 0
    outer loop
      vertex -30.5 0 4
      vertex -30.5 32.5 12
      vertex -30.5 20 12
    endloop
  endfacet
  facet normal 1 0 0
    outer loop
      vertex -30.5 62.5 12
      vertex -30.5 0 4
      vertex -30.5 125 4
    endloop
  endfacet
  facet normal 1 0 0
    outer loop
      vertex -30.5 0 4
      vertex -30.5 20 12
      vertex -30.5 0 133.35
    endloop
  endfacet
  facet normal 0 0 -1
    outer loop
      vertex 30.5 20 125.35
      vertex 33.5 32.5 125.35
      vertex 33.5 20 125.35
    endloop
  endfacet
  facet normal -0 0 -1
    outer loop
      vertex 33.5 32.5 125.35
      vertex 30.5 20 125.35
      vertex 30.5 32.5 125.35
    endloop
  endfacet
  facet normal -0 0 1
    outer loop
      vertex 30.5 32.5 12
      vertex 33.5 20 12
      vertex 33.5 32.5 12
    endloop
  endfacet
  facet normal 0 0 1
    outer loop
      vertex 33.5 20 12
      vertex 30.5 32.5 12
      vertex 30.5 20 12
    endloop
  endfacet
  facet normal 0 -1 0
    outer loop
      vertex 30.5 32.5 12
      vertex 33.5 32.5 125.35
      vertex 30.5 32.5 125.35
    endloop
  endfacet
  facet normal 0 -1 -0
    outer loop
      vertex 33.5 32.5 125.35
      vertex 30.5 32.5 12
      vertex 33.5 32.5 12
    endloop
  endfacet
  facet normal 0 1 -0
    outer loop
      vertex 33.5 20 12
      vertex 30.5 20 125.35
      vertex 33.5 20 125.35
    endloop
  endfacet
  facet normal 0 1 0
    outer loop
      vertex 30.5 20 125.35
      vertex 33.5 20 12
      vertex 30.5 20 12
    endloop
  endfacet
  facet normal 0 0 -1
    outer loop
      vertex 30.5 41.25 125.35
      vertex 33.5 53.75 125.35
      vertex 33.5 41.25 125.35
    endloop
  endfacet
  facet normal -0 0 -1
    outer loop
      vertex 33.5 53.75 125.35
      vertex 30.5 41.25 125.35
      vertex 30.5 53.75 125.35
    endloop
  endfacet
  facet normal -0 0 1
    outer loop
      vertex 30.5 53.75 12
      vertex 33.5 41.25 12
      vertex 33.5 53.75 12
    endloop
  endfacet
  facet normal 0 0 1
    outer loop
      vertex 33.5 41.25 12
      vertex 30.5 53.75 12
      vertex 30.5 41.25 12
    endloop
  endfacet
  facet normal 0 -1 0
    outer loop
      vertex 30.5 53.75 12
      vertex 33.5 53.75 125.35
      vertex 30.5 53.75 125.35
    endloop
  endfacet
  facet normal 0 -1 -0
    outer loop
      vertex 33.5 53.75 125.35
      vertex 30.5 53.75 12
      vertex 33.5 53.75 12
    endloop
  endfacet
  facet normal 0 1 -0
    outer loop
      vertex 33.5 41.25 12
      vertex 30.5 41.25 125.35
      vertex 33.5 41.25 125.35
    endloop
  endfacet
  facet normal 0 1 0
    outer loop
      vertex 30.5 41.25 125.35
      vertex 33.5 41.25 12
      vertex 30.5 41.25 12
    endloop
  endfacet
  facet normal 0 0 -1
    outer loop
      vertex 30.5 62.5 125.35
      vertex 33.5 75 125.35
      vertex 33.5 62.5 125.35
    endloop
  endfacet
  facet normal -0 0 -1
    outer loop
      vertex 33.5 75 125.35
      vertex 30.5 62.5 125.35
      vertex 30.5 75 125.35
    endloop
  endfacet
  facet normal -0 0 1
    outer loop
      vertex 30.5 75 12
      vertex 33.5 62.5 12
      vertex 33.5 75 12
    endloop
  endfacet
  facet normal 0 0 1
    outer loop
      vertex 33.5 62.5 12
      vertex 30.5 75 12
      vertex 30.5 62.5 12
    endloop
  endfacet
  facet normal 0 -1 0
    outer loop
      vertex 30.5 75 12
      vertex 33.5 75 125.35
      vertex 30.5 75 125.35
    endloop
  endfacet
  facet normal 0 -1 -0
    outer loop
      vertex 33.5 75 125.35
      vertex 30.5 75 12
      vertex 33.5 75 12
    endloop
  endfacet
  facet normal 0 1 -0
    outer loop
      vertex 33.5 62.5 12
      vertex 30.5 62.5 125.35
      vertex 33.5 62.5 125.35
    endloop
  endfacet
  facet normal 0 1 0
    outer loop
      vertex 30.5 62.5 125.35
      vertex 33.5 62.5 12
      vertex 30.5 62.5 12
    endloop
  endfacet
  facet normal 0 0 -1
    outer loop
      vertex 30.5 83.75 125.35
      vertex 33.5 96.25 125.35
      vertex 33.5 83.75 125.35
    endloop
  endfacet
  facet normal -0 0 -1
    outer loop
      vertex 33.5 96.25 125.35
      vertex 30.5 83.75 125.35
      vertex 30.5 96.25 125.35
    endloop
  endfacet
  facet normal -0 0 1
    outer loop
      vertex 30.5 96.25 12
      vertex 33.5 83.75 12
      vertex 33.5 96.25 12
    endloop
  endfacet
  facet normal 0 0 1
    outer loop
      vertex 33.5 83.75 12
      vertex 30.5 96.25 12
      vertex 30.5 83.75 12
    endloop
  endfacet
  facet normal 0 -1 0
    outer loop
      vertex 30.5 96.25 12
      vertex 33.5 96.25 125.35
      vertex 30.5 96.25 125.35
    endloop
  endfacet
  facet normal 0 -1 -0
    outer loop
      vertex 33.5 96.25 125.35
      vertex 30.5 96.25 12
      vertex 33.5 96.25 12
    endloop
  endfacet
  facet normal 0 1 -0
    outer loop
      vertex 33.5 83.75 12
      vertex 30.5 83.75 125.35
      vertex 33.5 83.75 125.35
    endloop
  endfacet
  facet normal 0 1 0
    outer loop
      vertex 30.5 83.75 125.35
      vertex 33.5 83.75 12
      vertex 30.5 83.75 12
    endloop
  endfacet
  facet normal 0 0 -1
    outer loop
      vertex 30.5 105 125.35
      vertex 33.5 117.5 125.35
      vertex 33.5 105 125.35
    endloop
  endfacet
  facet normal -0 0 -1
    outer loop
      vertex 33.5 117.5 125.35
      vertex 30.5 105 125.35
      vertex 30.5 117.5 125.35
    endloop
  endfacet
  facet normal -0 0 1
    outer loop
      vertex 30.5 117.5 12
      vertex 33.5 105 12
      vertex 33.5 117.5 12
    endloop
  endfacet
  facet normal 0 0 1
    outer loop
      vertex 33.5 105 12
      vertex 30.5 117.5 12
      vertex 30.5 105 12
    endloop
  endfacet
  facet normal 0 -1 0
    outer loop
      vertex 30.5 117.5 12
      vertex 33.5 117.5 125.35
      vertex 30.5 117.5 125.35
    endloop
  endfacet
  facet normal 0 -1 -0
    outer loop
      vertex 33.5 117.5 125.35
      vertex 30.5 117.5 12
      vertex 33.5 117.5 12
    endloop
  endfacet
  facet normal 0 1 -0
    outer loop
      vertex 33.5 105 12
      vertex 30.5 105 125.35
      vertex 33.5 105 125.35
    endloop
  endfacet
  facet normal 0 1 0
    outer loop
      vertex 30.5 105 125.35
      vertex 33.5 105 12
      vertex 30.5 105 12
    endloop
  endfacet
  facet normal -1 0 0
    outer loop
      vertex 30.5 125 4
      vertex 30.5 117.5 12
      vertex 30.5 125 133.35
    endloop
  endfacet
  facet normal -1 0 0
    outer loop
      vertex 30.5 125 4
      vertex 30.5 105 12
      vertex 30.5 117.5 12
    endloop
  endfacet
  facet normal -1 0 0
    outer loop
      vertex 30.5 105 12
      vertex 30.5 96.25 12
      vertex 30.5 105 125.35
    endloop
  endfacet
  facet normal -1 0 0
    outer loop
      vertex 30.5 125 4
      vertex 30.5 96.25 12
      vertex 30.5 105 12
    endloop
  endfacet
  facet normal -1 0 0
    outer loop
      vertex 30.5 125 4
      vertex 30.5 83.75 12
      vertex 30.5 96.25 12
    endloop
  endfacet
  facet normal -1 0 0
    outer loop
      vertex 30.5 83.75 12
      vertex 30.5 75 12
      vertex 30.5 83.75 125.35
    endloop
  endfacet
  facet normal -1 0 0
    outer loop
      vertex 30.5 125 4
      vertex 30.5 75 12
      vertex 30.5 83.75 12
    endloop
  endfacet
  facet normal -1 0 0
    outer loop
      vertex 30.5 125 4
      vertex 30.5 62.5 12
      vertex 30.5 75 12
    endloop
  endfacet
  facet normal -1 0 0
    outer loop
      vertex 30.5 62.5 12
      vertex 30.5 53.75 12
      vertex 30.5 62.5 125.35
    endloop
  endfacet
  facet normal -1 0 0
    outer loop
      vertex 30.5 0 4
      vertex 30.5 62.5 12
      vertex 30.5 125 4
    endloop
  endfacet
  facet normal -1 -0 0
    outer loop
      vertex 30.5 62.5 12
      vertex 30.5 0 4
      vertex 30.5 53.75 12
    endloop
  endfacet
  facet normal -1 0 0
    outer loop
      vertex 30.5 41.25 12
      vertex 30.5 32.5 12
      vertex 30.5 41.25 125.35
    endloop
  endfacet
  facet normal -1 -0 0
    outer loop
      vertex 30.5 53.75 12
      vertex 30.5 0 4
      vertex 30.5 41.25 12
    endloop
  endfacet
  facet normal -1 -0 0
    outer loop
      vertex 30.5 41.25 12
      vertex 30.5 0 4
      vertex 30.5 32.5 12
    endloop
  endfacet
  facet normal -1 -0 0
    outer loop
      vertex 30.5 20 12
      vertex 30.5 0 4
      vertex 30.5 20 125.35
    endloop
  endfacet
  facet normal -1 -0 0
    outer loop
      vertex 30.5 32.5 12
      vertex 30.5 0 4
      vertex 30.5 20 12
    endloop
  endfacet
  facet normal -1 0 0
    outer loop
      vertex 30.5 117.5 125.35
      vertex 30.5 125 133.35
      vertex 30.5 117.5 12
    endloop
  endfacet
  facet normal -1 0 0
    outer loop
      vertex 30.5 105 125.35
      vertex 30.5 125 133.35
      vertex 30.5 117.5 125.35
    endloop
  endfacet
  facet normal -1 0 0
    outer loop
      vertex 30.5 96.25 125.35
      vertex 30.5 105 125.35
      vertex 30.5 96.25 12
    endloop
  endfacet
  facet normal -1 0 0
    outer loop
      vertex 30.5 96.25 125.35
      vertex 30.5 125 133.35
      vertex 30.5 105 125.35
    endloop
  endfacet
  facet normal -1 0 0
    outer loop
      vertex 30.5 83.75 125.35
      vertex 30.5 125 133.35
      vertex 30.5 96.25 125.35
    endloop
  endfacet
  facet normal -1 0 0
    outer loop
      vertex 30.5 75 125.35
      vertex 30.5 83.75 125.35
      vertex 30.5 75 12
    endloop
  endfacet
  facet normal -1 0 0
    outer loop
      vertex 30.5 75 125.35
      vertex 30.5 125 133.35
      vertex 30.5 83.75 125.35
    endloop
  endfacet
  facet normal -1 0 0
    outer loop
      vertex 30.5 62.5 125.35
      vertex 30.5 125 133.35
      vertex 30.5 75 125.35
    endloop
  endfacet
  facet normal -1 0 0
    outer loop
      vertex 30.5 53.75 125.35
      vertex 30.5 62.5 125.35
      vertex 30.5 53.75 12
    endloop
  endfacet
  facet normal -1 0 0
    outer loop
      vertex 30.5 0 133.35
      vertex 30.5 62.5 125.35
      vertex 30.5 53.75 125.35
    endloop
  endfacet
  facet normal -1 0 0
    outer loop
      vertex 30.5 0 133.35
      vertex 30.5 53.75 125.35
      vertex 30.5 41.25 125.35
    endloop
  endfacet
  facet normal -1 0 0
    outer loop
      vertex 30.5 32.5 125.35
      vertex 30.5 41.25 125.35
      vertex 30.5 32.5 12
    endloop
  endfacet
  facet normal -1 0 0
    outer loop
      vertex 30.5 0 133.35
      vertex 30.5 41.25 125.35
      vertex 30.5 32.5 125.35
    endloop
  endfacet
  facet normal -1 0 0
    outer loop
      vertex 30.5 0 133.35
      vertex 30.5 32.5 125.35
      vertex 30.5 20 125.35
    endloop
  endfacet
  facet normal -1 0 0
    outer loop
      vertex 30.5 62.5 125.35
      vertex 30.5 0 133.35
      vertex 30.5 125 133.35
    endloop
  endfacet
  facet normal -1 0 0
    outer loop
      vertex 30.5 0 133.35
      vertex 30.5 20 125.35
      vertex 30.5 0 4
    endloop
  endfacet
endsolid OpenSCAD_Model
