solid OpenSCAD_Model
  facet normal -1 0 0
    outer loop
      vertex -44 -3 8
      vertex -44 0 100
      vertex -44 0 8
    endloop
  endfacet
  facet normal -1 -0 0
    outer loop
      vertex -44 0 100
      vertex -44 -3 8
      vertex -44 -3 100
    endloop
  endfacet
  facet normal 0 0 -1
    outer loop
      vertex -65.5 -3 100
      vertex -44 0 100
      vertex -44 -3 100
    endloop
  endfacet
  facet normal -0 0 -1
    outer loop
      vertex -44 0 100
      vertex -65.5 -3 100
      vertex -65.5 0 100
    endloop
  endfacet
  facet normal -0 0 1
    outer loop
      vertex -65.5 0 8
      vertex -44 -3 8
      vertex -44 0 8
    endloop
  endfacet
  facet normal 0 0 1
    outer loop
      vertex -44 -3 8
      vertex -65.5 0 8
      vertex -65.5 -3 8
    endloop
  endfacet
  facet normal 1 -0 0
    outer loop
      vertex -65.5 -3 100
      vertex -65.5 0 8
      vertex -65.5 0 100
    endloop
  endfacet
  facet normal 1 0 0
    outer loop
      vertex -65.5 0 8
      vertex -65.5 -3 100
      vertex -65.5 -3 8
    endloop
  endfacet
  facet normal -1 0 0
    outer loop
      vertex -7.5 -3 8
      vertex -7.5 0 100
      vertex -7.5 0 8
    endloop
  endfacet
  facet normal -1 -0 0
    outer loop
      vertex -7.5 0 100
      vertex -7.5 -3 8
      vertex -7.5 -3 100
    endloop
  endfacet
  facet normal 0 0 -1
    outer loop
      vertex -29 -3 100
      vertex -7.5 0 100
      vertex -7.5 -3 100
    endloop
  endfacet
  facet normal -0 0 -1
    outer loop
      vertex -7.5 0 100
      vertex -29 -3 100
      vertex -29 0 100
    endloop
  endfacet
  facet normal -0 0 1
    outer loop
      vertex -29 0 8
      vertex -7.5 -3 8
      vertex -7.5 0 8
    endloop
  endfacet
  facet normal 0 0 1
    outer loop
      vertex -7.5 -3 8
      vertex -29 0 8
      vertex -29 -3 8
    endloop
  endfacet
  facet normal 1 -0 0
    outer loop
      vertex -29 -3 100
      vertex -29 0 8
      vertex -29 0 100
    endloop
  endfacet
  facet normal 1 0 0
    outer loop
      vertex -29 0 8
      vertex -29 -3 100
      vertex -29 -3 8
    endloop
  endfacet
  facet normal -1 0 0
    outer loop
      vertex 29 -3 8
      vertex 29 0 100
      vertex 29 0 8
    endloop
  endfacet
  facet normal -1 -0 0
    outer loop
      vertex 29 0 100
      vertex 29 -3 8
      vertex 29 -3 100
    endloop
  endfacet
  facet normal 0 0 -1
    outer loop
      vertex 7.5 -3 100
      vertex 29 0 100
      vertex 29 -3 100
    endloop
  endfacet
  facet normal -0 0 -1
    outer loop
      vertex 29 0 100
      vertex 7.5 -3 100
      vertex 7.5 0 100
    endloop
  endfacet
  facet normal -0 0 1
    outer loop
      vertex 7.5 0 8
      vertex 29 -3 8
      vertex 29 0 8
    endloop
  endfacet
  facet normal 0 0 1
    outer loop
      vertex 29 -3 8
      vertex 7.5 0 8
      vertex 7.5 -3 8
    endloop
  endfacet
  facet normal 1 -0 0
    outer loop
      vertex 7.5 -3 100
      vertex 7.5 0 8
      vertex 7.5 0 100
    endloop
  endfacet
  facet normal 1 0 0
    outer loop
      vertex 7.5 0 8
      vertex 7.5 -3 100
      vertex 7.5 -3 8
    endloop
  endfacet
  facet normal -1 0 0
    outer loop
      vertex 65.5 -3 8
      vertex 65.5 0 100
      vertex 65.5 0 8
    endloop
  endfacet
  facet normal -1 -0 0
    outer loop
      vertex 65.5 0 100
      vertex 65.5 -3 8
      vertex 65.5 -3 100
    endloop
  endfacet
  facet normal 0 0 -1
    outer loop
      vertex 44 -3 100
      vertex 65.5 0 100
      vertex 65.5 -3 100
    endloop
  endfacet
  facet normal -0 0 -1
    outer loop
      vertex 65.5 0 100
      vertex 44 -3 100
      vertex 44 0 100
    endloop
  endfacet
  facet normal -0 0 1
    outer loop
      vertex 44 0 8
      vertex 65.5 -3 8
      vertex 65.5 0 8
    endloop
  endfacet
  facet normal 0 0 1
    outer loop
      vertex 65.5 -3 8
      vertex 44 0 8
      vertex 44 -3 8
    endloop
  endfacet
  facet normal 1 -0 0
    outer loop
      vertex 44 -3 100
      vertex 44 0 8
      vertex 44 0 100
    endloop
  endfacet
  facet normal 1 0 0
    outer loop
      vertex 44 0 8
      vertex 44 -3 100
      vertex 44 -3 8
    endloop
  endfacet
  facet normal 0.996851 0 -0.0792995
    outer loop
      vertex -123.972 -3 6.70198
      vertex -124 0 6.35
      vertex -123.972 0 6.70198
    endloop
  endfacet
  facet normal 0.996851 0 -0.0792995
    outer loop
      vertex -124 0 6.35
      vertex -123.972 -3 6.70198
      vertex -124 -3 6.35
    endloop
  endfacet
  facet normal -0.382892 0 -0.923793
    outer loop
      vertex -113.555 -3 8.48988
      vertex -113.229 0 8.35476
      vertex -113.229 -3 8.35476
    endloop
  endfacet
  facet normal -0.382892 0 -0.923793
    outer loop
      vertex -113.229 0 8.35476
      vertex -113.555 -3 8.48988
      vertex -113.555 0 8.48988
    endloop
  endfacet
  facet normal 0.233641 0 0.972323
    outer loop
      vertex -122.445 0 4.21012
      vertex -122.102 -3 4.1277
      vertex -122.102 0 4.1277
    endloop
  endfacet
  facet normal 0.233641 0 0.972323
    outer loop
      vertex -122.102 -3 4.1277
      vertex -122.445 0 4.21012
      vertex -122.445 -3 4.21012
    endloop
  endfacet
  facet normal 0.650114 0 -0.759837
    outer loop
      vertex -123.341 -3 7.94099
      vertex -123.073 0 8.17029
      vertex -123.073 -3 8.17029
    endloop
  endfacet
  facet normal 0.650114 0 -0.759837
    outer loop
      vertex -123.073 0 8.17029
      vertex -123.341 -3 7.94099
      vertex -123.341 0 7.94099
    endloop
  endfacet
  facet normal -0.851981 0 0.523573
    outer loop
      vertex -112.43 -3 5.02748
      vertex -112.245 0 5.32852
      vertex -112.43 0 5.02748
    endloop
  endfacet
  facet normal -0.851981 0 0.523573
    outer loop
      vertex -112.245 0 5.32852
      vertex -112.43 -3 5.02748
      vertex -112.245 -3 5.32852
    endloop
  endfacet
  facet normal -0.0784506 0 0.996918
    outer loop
      vertex -114.25 0 4.1
      vertex -113.898 -3 4.1277
      vertex -113.898 0 4.1277
    endloop
  endfacet
  facet normal -0.0784506 0 0.996918
    outer loop
      vertex -113.898 -3 4.1277
      vertex -114.25 0 4.1
      vertex -114.25 -3 4.1
    endloop
  endfacet
  facet normal 0 0 -1
    outer loop
      vertex -121.75 -3 8.6
      vertex -114.25 0 8.6
      vertex -114.25 -3 8.6
    endloop
  endfacet
  facet normal -0 0 -1
    outer loop
      vertex -114.25 0 8.6
      vertex -121.75 -3 8.6
      vertex -121.75 0 8.6
    endloop
  endfacet
  facet normal 0.97264 -0 0.232316
    outer loop
      vertex -123.972 -3 5.99802
      vertex -123.89 0 5.65471
      vertex -123.972 0 5.99802
    endloop
  endfacet
  facet normal 0.97264 0 0.232316
    outer loop
      vertex -123.89 0 5.65471
      vertex -123.972 -3 5.99802
      vertex -123.89 -3 5.65471
    endloop
  endfacet
  facet normal 0.923992 -0 0.382412
    outer loop
      vertex -123.89 -3 5.65471
      vertex -123.755 0 5.32852
      vertex -123.89 0 5.65471
    endloop
  endfacet
  facet normal 0.923992 0 0.382412
    outer loop
      vertex -123.755 0 5.32852
      vertex -123.89 -3 5.65471
      vertex -123.755 -3 5.32852
    endloop
  endfacet
  facet normal 0.851981 0 -0.523573
    outer loop
      vertex -123.57 -3 7.67252
      vertex -123.755 0 7.37148
      vertex -123.57 0 7.67252
    endloop
  endfacet
  facet normal 0.851981 0 -0.523573
    outer loop
      vertex -123.755 0 7.37148
      vertex -123.57 -3 7.67252
      vertex -123.755 -3 7.37148
    endloop
  endfacet
  facet normal -0.0784506 0 -0.996918
    outer loop
      vertex -114.25 -3 8.6
      vertex -113.898 0 8.5723
      vertex -113.898 -3 8.5723
    endloop
  endfacet
  facet normal -0.0784506 0 -0.996918
    outer loop
      vertex -113.898 0 8.5723
      vertex -114.25 -3 8.6
      vertex -114.25 0 8.6
    endloop
  endfacet
  facet normal -0 0 1
    outer loop
      vertex -121.75 0 4.1
      vertex -114.25 -3 4.1
      vertex -114.25 0 4.1
    endloop
  endfacet
  facet normal 0 0 1
    outer loop
      vertex -114.25 -3 4.1
      vertex -121.75 0 4.1
      vertex -121.75 -3 4.1
    endloop
  endfacet
  facet normal 0.0784506 0 -0.996918
    outer loop
      vertex -122.102 -3 8.5723
      vertex -121.75 0 8.6
      vertex -121.75 -3 8.6
    endloop
  endfacet
  facet normal 0.0784506 0 -0.996918
    outer loop
      vertex -121.75 0 8.6
      vertex -122.102 -3 8.5723
      vertex -122.102 0 8.5723
    endloop
  endfacet
  facet normal 0.233641 0 -0.972323
    outer loop
      vertex -122.445 -3 8.48988
      vertex -122.102 0 8.5723
      vertex -122.102 -3 8.5723
    endloop
  endfacet
  facet normal 0.233641 0 -0.972323
    outer loop
      vertex -122.102 0 8.5723
      vertex -122.445 -3 8.48988
      vertex -122.445 0 8.48988
    endloop
  endfacet
  facet normal -0.97264 0 -0.232316
    outer loop
      vertex -112.028 -3 6.70198
      vertex -112.11 0 7.04529
      vertex -112.028 0 6.70198
    endloop
  endfacet
  facet normal -0.97264 -0 -0.232316
    outer loop
      vertex -112.11 0 7.04529
      vertex -112.028 -3 6.70198
      vertex -112.11 -3 7.04529
    endloop
  endfacet
  facet normal 0.521274 0 -0.853389
    outer loop
      vertex -123.073 -3 8.17029
      vertex -122.771 0 8.35476
      vertex -122.771 -3 8.35476
    endloop
  endfacet
  facet normal 0.521274 0 -0.853389
    outer loop
      vertex -122.771 0 8.35476
      vertex -123.073 -3 8.17029
      vertex -123.073 0 8.17029
    endloop
  endfacet
  facet normal 0.851981 -0 0.523573
    outer loop
      vertex -123.755 -3 5.32852
      vertex -123.57 0 5.02748
      vertex -123.755 0 5.32852
    endloop
  endfacet
  facet normal 0.851981 0 0.523573
    outer loop
      vertex -123.57 0 5.02748
      vertex -123.755 -3 5.32852
      vertex -123.57 -3 5.02748
    endloop
  endfacet
  facet normal 0.0784506 0 0.996918
    outer loop
      vertex -122.102 0 4.1277
      vertex -121.75 -3 4.1
      vertex -121.75 0 4.1
    endloop
  endfacet
  facet normal 0.0784506 0 0.996918
    outer loop
      vertex -121.75 -3 4.1
      vertex -122.102 0 4.1277
      vertex -122.102 -3 4.1277
    endloop
  endfacet
  facet normal -0.233641 0 -0.972323
    outer loop
      vertex -113.898 -3 8.5723
      vertex -113.555 0 8.48988
      vertex -113.555 -3 8.48988
    endloop
  endfacet
  facet normal -0.233641 0 -0.972323
    outer loop
      vertex -113.555 0 8.48988
      vertex -113.898 -3 8.5723
      vertex -113.898 0 8.5723
    endloop
  endfacet
  facet normal 0.760819 0 -0.648964
    outer loop
      vertex -123.341 -3 7.94099
      vertex -123.57 0 7.67252
      vertex -123.341 0 7.94099
    endloop
  endfacet
  facet normal 0.760819 0 -0.648964
    outer loop
      vertex -123.57 0 7.67252
      vertex -123.341 -3 7.94099
      vertex -123.57 -3 7.67252
    endloop
  endfacet
  facet normal -0.760819 0 0.648964
    outer loop
      vertex -112.659 -3 4.75901
      vertex -112.43 0 5.02748
      vertex -112.659 0 4.75901
    endloop
  endfacet
  facet normal -0.760819 0 0.648964
    outer loop
      vertex -112.43 0 5.02748
      vertex -112.659 -3 4.75901
      vertex -112.43 -3 5.02748
    endloop
  endfacet
  facet normal -0.996851 0 -0.0792995
    outer loop
      vertex -112 -3 6.35
      vertex -112.028 0 6.70198
      vertex -112 0 6.35
    endloop
  endfacet
  facet normal -0.996851 -0 -0.0792995
    outer loop
      vertex -112.028 0 6.70198
      vertex -112 -3 6.35
      vertex -112.028 -3 6.70198
    endloop
  endfacet
  facet normal -0.851981 0 -0.523573
    outer loop
      vertex -112.245 -3 7.37148
      vertex -112.43 0 7.67252
      vertex -112.245 0 7.37148
    endloop
  endfacet
  facet normal -0.851981 -0 -0.523573
    outer loop
      vertex -112.43 0 7.67252
      vertex -112.245 -3 7.37148
      vertex -112.43 -3 7.67252
    endloop
  endfacet
  facet normal 0.97264 0 -0.232316
    outer loop
      vertex -123.89 -3 7.04529
      vertex -123.972 0 6.70198
      vertex -123.89 0 7.04529
    endloop
  endfacet
  facet normal 0.97264 0 -0.232316
    outer loop
      vertex -123.972 0 6.70198
      vertex -123.89 -3 7.04529
      vertex -123.972 -3 6.70198
    endloop
  endfacet
  facet normal -0.382868 0 0.923803
    outer loop
      vertex -113.555 0 4.21012
      vertex -113.229 -3 4.34523
      vertex -113.229 0 4.34523
    endloop
  endfacet
  facet normal -0.382868 0 0.923803
    outer loop
      vertex -113.229 -3 4.34523
      vertex -113.555 0 4.21012
      vertex -113.555 -3 4.21012
    endloop
  endfacet
  facet normal -0.521295 0 0.853377
    outer loop
      vertex -113.229 0 4.34523
      vertex -112.927 -3 4.52971
      vertex -112.927 0 4.52971
    endloop
  endfacet
  facet normal -0.521295 0 0.853377
    outer loop
      vertex -112.927 -3 4.52971
      vertex -113.229 0 4.34523
      vertex -113.229 -3 4.34523
    endloop
  endfacet
  facet normal -0.650114 0 0.759837
    outer loop
      vertex -112.927 0 4.52971
      vertex -112.659 -3 4.75901
      vertex -112.659 0 4.75901
    endloop
  endfacet
  facet normal -0.650114 0 0.759837
    outer loop
      vertex -112.659 -3 4.75901
      vertex -112.927 0 4.52971
      vertex -112.927 -3 4.52971
    endloop
  endfacet
  facet normal -0.650114 0 -0.759837
    outer loop
      vertex -112.927 -3 8.17029
      vertex -112.659 0 7.94099
      vertex -112.659 -3 7.94099
    endloop
  endfacet
  facet normal -0.650114 0 -0.759837
    outer loop
      vertex -112.659 0 7.94099
      vertex -112.927 -3 8.17029
      vertex -112.927 0 8.17029
    endloop
  endfacet
  facet normal 0.923992 0 -0.382412
    outer loop
      vertex -123.755 -3 7.37148
      vertex -123.89 0 7.04529
      vertex -123.755 0 7.37148
    endloop
  endfacet
  facet normal 0.923992 0 -0.382412
    outer loop
      vertex -123.89 0 7.04529
      vertex -123.755 -3 7.37148
      vertex -123.89 -3 7.04529
    endloop
  endfacet
  facet normal 0.382868 0 0.923803
    outer loop
      vertex -122.771 0 4.34523
      vertex -122.445 -3 4.21012
      vertex -122.445 0 4.21012
    endloop
  endfacet
  facet normal 0.382868 0 0.923803
    outer loop
      vertex -122.445 -3 4.21012
      vertex -122.771 0 4.34523
      vertex -122.771 -3 4.34523
    endloop
  endfacet
  facet normal 0.382892 0 -0.923793
    outer loop
      vertex -122.771 -3 8.35476
      vertex -122.445 0 8.48988
      vertex -122.445 -3 8.48988
    endloop
  endfacet
  facet normal 0.382892 0 -0.923793
    outer loop
      vertex -122.445 0 8.48988
      vertex -122.771 -3 8.35476
      vertex -122.771 0 8.35476
    endloop
  endfacet
  facet normal -0.97264 0 0.232316
    outer loop
      vertex -112.11 -3 5.65471
      vertex -112.028 0 5.99802
      vertex -112.11 0 5.65471
    endloop
  endfacet
  facet normal -0.97264 0 0.232316
    outer loop
      vertex -112.028 0 5.99802
      vertex -112.11 -3 5.65471
      vertex -112.028 -3 5.99802
    endloop
  endfacet
  facet normal -0.923992 0 0.382412
    outer loop
      vertex -112.245 -3 5.32852
      vertex -112.11 0 5.65471
      vertex -112.245 0 5.32852
    endloop
  endfacet
  facet normal -0.923992 0 0.382412
    outer loop
      vertex -112.11 0 5.65471
      vertex -112.245 -3 5.32852
      vertex -112.11 -3 5.65471
    endloop
  endfacet
  facet normal -0.233641 0 0.972323
    outer loop
      vertex -113.898 0 4.1277
      vertex -113.555 -3 4.21012
      vertex -113.555 0 4.21012
    endloop
  endfacet
  facet normal -0.233641 0 0.972323
    outer loop
      vertex -113.555 -3 4.21012
      vertex -113.898 0 4.1277
      vertex -113.898 -3 4.1277
    endloop
  endfacet
  facet normal -0.996851 0 0.0792995
    outer loop
      vertex -112.028 -3 5.99802
      vertex -112 0 6.35
      vertex -112.028 0 5.99802
    endloop
  endfacet
  facet normal -0.996851 0 0.0792995
    outer loop
      vertex -112 0 6.35
      vertex -112.028 -3 5.99802
      vertex -112 -3 6.35
    endloop
  endfacet
  facet normal 0.650114 0 0.759837
    outer loop
      vertex -123.341 0 4.75901
      vertex -123.073 -3 4.52971
      vertex -123.073 0 4.52971
    endloop
  endfacet
  facet normal 0.650114 0 0.759837
    outer loop
      vertex -123.073 -3 4.52971
      vertex -123.341 0 4.75901
      vertex -123.341 -3 4.75901
    endloop
  endfacet
  facet normal 0.521295 0 0.853377
    outer loop
      vertex -123.073 0 4.52971
      vertex -122.771 -3 4.34523
      vertex -122.771 0 4.34523
    endloop
  endfacet
  facet normal 0.521295 0 0.853377
    outer loop
      vertex -122.771 -3 4.34523
      vertex -123.073 0 4.52971
      vertex -123.073 -3 4.52971
    endloop
  endfacet
  facet normal 0.996851 -0 0.0792995
    outer loop
      vertex -124 -3 6.35
      vertex -123.972 0 5.99802
      vertex -124 0 6.35
    endloop
  endfacet
  facet normal 0.996851 0 0.0792995
    outer loop
      vertex -123.972 0 5.99802
      vertex -124 -3 6.35
      vertex -123.972 -3 5.99802
    endloop
  endfacet
  facet normal -0.521274 0 -0.853389
    outer loop
      vertex -113.229 -3 8.35476
      vertex -112.927 0 8.17029
      vertex -112.927 -3 8.17029
    endloop
  endfacet
  facet normal -0.521274 0 -0.853389
    outer loop
      vertex -112.927 0 8.17029
      vertex -113.229 -3 8.35476
      vertex -113.229 0 8.35476
    endloop
  endfacet
  facet normal -0.923992 0 -0.382412
    outer loop
      vertex -112.11 -3 7.04529
      vertex -112.245 0 7.37148
      vertex -112.11 0 7.04529
    endloop
  endfacet
  facet normal -0.923992 -0 -0.382412
    outer loop
      vertex -112.245 0 7.37148
      vertex -112.11 -3 7.04529
      vertex -112.245 -3 7.37148
    endloop
  endfacet
  facet normal 0.760819 -0 0.648964
    outer loop
      vertex -123.57 -3 5.02748
      vertex -123.341 0 4.75901
      vertex -123.57 0 5.02748
    endloop
  endfacet
  facet normal 0.760819 0 0.648964
    outer loop
      vertex -123.341 0 4.75901
      vertex -123.57 -3 5.02748
      vertex -123.341 -3 4.75901
    endloop
  endfacet
  facet normal -0.760819 0 -0.648964
    outer loop
      vertex -112.43 -3 7.67252
      vertex -112.659 0 7.94099
      vertex -112.43 0 7.67252
    endloop
  endfacet
  facet normal -0.760819 -0 -0.648964
    outer loop
      vertex -112.659 0 7.94099
      vertex -112.43 -3 7.67252
      vertex -112.659 -3 7.94099
    endloop
  endfacet
  facet normal 0.760257 -0 0.649623
    outer loop
      vertex -123.57 -3 125.677
      vertex -123.341 0 125.409
      vertex -123.57 0 125.677
    endloop
  endfacet
  facet normal 0.760257 0 0.649623
    outer loop
      vertex -123.341 0 125.409
      vertex -123.57 -3 125.677
      vertex -123.341 -3 125.409
    endloop
  endfacet
  facet normal -0.923913 0 -0.382602
    outer loop
      vertex -112.11 -3 127.695
      vertex -112.245 0 128.021
      vertex -112.11 0 127.695
    endloop
  endfacet
  facet normal -0.923913 -0 -0.382602
    outer loop
      vertex -112.245 0 128.021
      vertex -112.11 -3 127.695
      vertex -112.245 -3 128.021
    endloop
  endfacet
  facet normal -0.852723 0 0.522363
    outer loop
      vertex -112.43 -3 125.677
      vertex -112.245 0 125.979
      vertex -112.43 0 125.677
    endloop
  endfacet
  facet normal -0.852723 0 0.522363
    outer loop
      vertex -112.245 0 125.979
      vertex -112.43 -3 125.677
      vertex -112.245 -3 125.979
    endloop
  endfacet
  facet normal -0.079295 0 -0.996851
    outer loop
      vertex -114.25 -3 129.25
      vertex -113.898 0 129.222
      vertex -113.898 -3 129.222
    endloop
  endfacet
  facet normal -0.079295 0 -0.996851
    outer loop
      vertex -113.898 0 129.222
      vertex -114.25 -3 129.25
      vertex -114.25 0 129.25
    endloop
  endfacet
  facet normal -0.649623 0 0.760257
    outer loop
      vertex -112.927 0 125.18
      vertex -112.659 -3 125.409
      vertex -112.659 0 125.409
    endloop
  endfacet
  facet normal -0.649623 0 0.760257
    outer loop
      vertex -112.659 -3 125.409
      vertex -112.927 0 125.18
      vertex -112.927 -3 125.18
    endloop
  endfacet
  facet normal 0.972593 -0 0.232515
    outer loop
      vertex -123.972 -3 126.648
      vertex -123.89 0 126.305
      vertex -123.972 0 126.648
    endloop
  endfacet
  facet normal 0.972593 0 0.232515
    outer loop
      vertex -123.89 0 126.305
      vertex -123.972 -3 126.648
      vertex -123.89 -3 126.305
    endloop
  endfacet
  facet normal -0.972593 0 -0.232515
    outer loop
      vertex -112.028 -3 127.352
      vertex -112.11 0 127.695
      vertex -112.028 0 127.352
    endloop
  endfacet
  facet normal -0.972593 -0 -0.232515
    outer loop
      vertex -112.11 0 127.695
      vertex -112.028 -3 127.352
      vertex -112.11 -3 127.695
    endloop
  endfacet
  facet normal -0.232515 0 0.972593
    outer loop
      vertex -113.898 0 124.778
      vertex -113.555 -3 124.86
      vertex -113.555 0 124.86
    endloop
  endfacet
  facet normal -0.232515 0 0.972593
    outer loop
      vertex -113.555 -3 124.86
      vertex -113.898 0 124.778
      vertex -113.898 -3 124.778
    endloop
  endfacet
  facet normal -0 0 1
    outer loop
      vertex -121.75 0 124.75
      vertex -114.25 -3 124.75
      vertex -114.25 0 124.75
    endloop
  endfacet
  facet normal 0 0 1
    outer loop
      vertex -114.25 -3 124.75
      vertex -121.75 0 124.75
      vertex -121.75 -3 124.75
    endloop
  endfacet
  facet normal -0.522363 0 0.852723
    outer loop
      vertex -113.229 0 124.995
      vertex -112.927 -3 125.18
      vertex -112.927 0 125.18
    endloop
  endfacet
  facet normal -0.522363 0 0.852723
    outer loop
      vertex -112.927 -3 125.18
      vertex -113.229 0 124.995
      vertex -113.229 -3 124.995
    endloop
  endfacet
  facet normal 0.996851 -0 0.079295
    outer loop
      vertex -124 -3 127
      vertex -123.972 0 126.648
      vertex -124 0 127
    endloop
  endfacet
  facet normal 0.996851 0 0.079295
    outer loop
      vertex -123.972 0 126.648
      vertex -124 -3 127
      vertex -123.972 -3 126.648
    endloop
  endfacet
  facet normal 0.522363 0 -0.852723
    outer loop
      vertex -123.073 -3 128.82
      vertex -122.771 0 129.005
      vertex -122.771 -3 129.005
    endloop
  endfacet
  facet normal 0.522363 0 -0.852723
    outer loop
      vertex -122.771 0 129.005
      vertex -123.073 -3 128.82
      vertex -123.073 0 128.82
    endloop
  endfacet
  facet normal -0.996851 0 -0.079295
    outer loop
      vertex -112 -3 127
      vertex -112.028 0 127.352
      vertex -112 0 127
    endloop
  endfacet
  facet normal -0.996851 -0 -0.079295
    outer loop
      vertex -112.028 0 127.352
      vertex -112 -3 127
      vertex -112.028 -3 127.352
    endloop
  endfacet
  facet normal 0.923913 -0 0.382602
    outer loop
      vertex -123.89 -3 126.305
      vertex -123.755 0 125.979
      vertex -123.89 0 126.305
    endloop
  endfacet
  facet normal 0.923913 0 0.382602
    outer loop
      vertex -123.755 0 125.979
      vertex -123.89 -3 126.305
      vertex -123.755 -3 125.979
    endloop
  endfacet
  facet normal -0.923913 0 0.382602
    outer loop
      vertex -112.245 -3 125.979
      vertex -112.11 0 126.305
      vertex -112.245 0 125.979
    endloop
  endfacet
  facet normal -0.923913 0 0.382602
    outer loop
      vertex -112.11 0 126.305
      vertex -112.245 -3 125.979
      vertex -112.11 -3 126.305
    endloop
  endfacet
  facet normal -0.382602 0 0.923913
    outer loop
      vertex -113.555 0 124.86
      vertex -113.229 -3 124.995
      vertex -113.229 0 124.995
    endloop
  endfacet
  facet normal -0.382602 0 0.923913
    outer loop
      vertex -113.229 -3 124.995
      vertex -113.555 0 124.86
      vertex -113.555 -3 124.86
    endloop
  endfacet
  facet normal 0.232515 0 -0.972593
    outer loop
      vertex -122.445 -3 129.14
      vertex -122.102 0 129.222
      vertex -122.102 -3 129.222
    endloop
  endfacet
  facet normal 0.232515 0 -0.972593
    outer loop
      vertex -122.102 0 129.222
      vertex -122.445 -3 129.14
      vertex -122.445 0 129.14
    endloop
  endfacet
  facet normal -0.382602 0 -0.923913
    outer loop
      vertex -113.555 -3 129.14
      vertex -113.229 0 129.005
      vertex -113.229 -3 129.005
    endloop
  endfacet
  facet normal -0.382602 0 -0.923913
    outer loop
      vertex -113.229 0 129.005
      vertex -113.555 -3 129.14
      vertex -113.555 0 129.14
    endloop
  endfacet
  facet normal 0.649623 0 0.760257
    outer loop
      vertex -123.341 0 125.409
      vertex -123.073 -3 125.18
      vertex -123.073 0 125.18
    endloop
  endfacet
  facet normal 0.649623 0 0.760257
    outer loop
      vertex -123.073 -3 125.18
      vertex -123.341 0 125.409
      vertex -123.341 -3 125.409
    endloop
  endfacet
  facet normal 0.079295 0 0.996851
    outer loop
      vertex -122.102 0 124.778
      vertex -121.75 -3 124.75
      vertex -121.75 0 124.75
    endloop
  endfacet
  facet normal 0.079295 0 0.996851
    outer loop
      vertex -121.75 -3 124.75
      vertex -122.102 0 124.778
      vertex -122.102 -3 124.778
    endloop
  endfacet
  facet normal -0.079295 0 0.996851
    outer loop
      vertex -114.25 0 124.75
      vertex -113.898 -3 124.778
      vertex -113.898 0 124.778
    endloop
  endfacet
  facet normal -0.079295 0 0.996851
    outer loop
      vertex -113.898 -3 124.778
      vertex -114.25 0 124.75
      vertex -114.25 -3 124.75
    endloop
  endfacet
  facet normal 0.079295 0 -0.996851
    outer loop
      vertex -122.102 -3 129.222
      vertex -121.75 0 129.25
      vertex -121.75 -3 129.25
    endloop
  endfacet
  facet normal 0.079295 0 -0.996851
    outer loop
      vertex -121.75 0 129.25
      vertex -122.102 -3 129.222
      vertex -122.102 0 129.222
    endloop
  endfacet
  facet normal 0.232515 0 0.972593
    outer loop
      vertex -122.445 0 124.86
      vertex -122.102 -3 124.778
      vertex -122.102 0 124.778
    endloop
  endfacet
  facet normal 0.232515 0 0.972593
    outer loop
      vertex -122.102 -3 124.778
      vertex -122.445 0 124.86
      vertex -122.445 -3 124.86
    endloop
  endfacet
  facet normal 0.649623 0 -0.760257
    outer loop
      vertex -123.341 -3 128.591
      vertex -123.073 0 128.82
      vertex -123.073 -3 128.82
    endloop
  endfacet
  facet normal 0.649623 0 -0.760257
    outer loop
      vertex -123.073 0 128.82
      vertex -123.341 -3 128.591
      vertex -123.341 0 128.591
    endloop
  endfacet
  facet normal 0.923913 0 -0.382602
    outer loop
      vertex -123.755 -3 128.021
      vertex -123.89 0 127.695
      vertex -123.755 0 128.021
    endloop
  endfacet
  facet normal 0.923913 0 -0.382602
    outer loop
      vertex -123.89 0 127.695
      vertex -123.755 -3 128.021
      vertex -123.89 -3 127.695
    endloop
  endfacet
  facet normal 0.852723 0 -0.522363
    outer loop
      vertex -123.57 -3 128.323
      vertex -123.755 0 128.021
      vertex -123.57 0 128.323
    endloop
  endfacet
  facet normal 0.852723 0 -0.522363
    outer loop
      vertex -123.755 0 128.021
      vertex -123.57 -3 128.323
      vertex -123.755 -3 128.021
    endloop
  endfacet
  facet normal 0 0 -1
    outer loop
      vertex -121.75 -3 129.25
      vertex -114.25 0 129.25
      vertex -114.25 -3 129.25
    endloop
  endfacet
  facet normal -0 0 -1
    outer loop
      vertex -114.25 0 129.25
      vertex -121.75 -3 129.25
      vertex -121.75 0 129.25
    endloop
  endfacet
  facet normal -0.649623 0 -0.760257
    outer loop
      vertex -112.927 -3 128.82
      vertex -112.659 0 128.591
      vertex -112.659 -3 128.591
    endloop
  endfacet
  facet normal -0.649623 0 -0.760257
    outer loop
      vertex -112.659 0 128.591
      vertex -112.927 -3 128.82
      vertex -112.927 0 128.82
    endloop
  endfacet
  facet normal 0.760257 0 -0.649623
    outer loop
      vertex -123.341 -3 128.591
      vertex -123.57 0 128.323
      vertex -123.341 0 128.591
    endloop
  endfacet
  facet normal 0.760257 0 -0.649623
    outer loop
      vertex -123.57 0 128.323
      vertex -123.341 -3 128.591
      vertex -123.57 -3 128.323
    endloop
  endfacet
  facet normal -0.760257 0 0.649623
    outer loop
      vertex -112.659 -3 125.409
      vertex -112.43 0 125.677
      vertex -112.659 0 125.409
    endloop
  endfacet
  facet normal -0.760257 0 0.649623
    outer loop
      vertex -112.43 0 125.677
      vertex -112.659 -3 125.409
      vertex -112.43 -3 125.677
    endloop
  endfacet
  facet normal -0.522363 0 -0.852723
    outer loop
      vertex -113.229 -3 129.005
      vertex -112.927 0 128.82
      vertex -112.927 -3 128.82
    endloop
  endfacet
  facet normal -0.522363 0 -0.852723
    outer loop
      vertex -112.927 0 128.82
      vertex -113.229 -3 129.005
      vertex -113.229 0 129.005
    endloop
  endfacet
  facet normal 0.852723 -0 0.522363
    outer loop
      vertex -123.755 -3 125.979
      vertex -123.57 0 125.677
      vertex -123.755 0 125.979
    endloop
  endfacet
  facet normal 0.852723 0 0.522363
    outer loop
      vertex -123.57 0 125.677
      vertex -123.755 -3 125.979
      vertex -123.57 -3 125.677
    endloop
  endfacet
  facet normal 0.522363 0 0.852723
    outer loop
      vertex -123.073 0 125.18
      vertex -122.771 -3 124.995
      vertex -122.771 0 124.995
    endloop
  endfacet
  facet normal 0.522363 0 0.852723
    outer loop
      vertex -122.771 -3 124.995
      vertex -123.073 0 125.18
      vertex -123.073 -3 125.18
    endloop
  endfacet
  facet normal -0.972593 0 0.232515
    outer loop
      vertex -112.11 -3 126.305
      vertex -112.028 0 126.648
      vertex -112.11 0 126.305
    endloop
  endfacet
  facet normal -0.972593 0 0.232515
    outer loop
      vertex -112.028 0 126.648
      vertex -112.11 -3 126.305
      vertex -112.028 -3 126.648
    endloop
  endfacet
  facet normal -0.996851 0 0.079295
    outer loop
      vertex -112.028 -3 126.648
      vertex -112 0 127
      vertex -112.028 0 126.648
    endloop
  endfacet
  facet normal -0.996851 0 0.079295
    outer loop
      vertex -112 0 127
      vertex -112.028 -3 126.648
      vertex -112 -3 127
    endloop
  endfacet
  facet normal 0.382602 0 0.923913
    outer loop
      vertex -122.771 0 124.995
      vertex -122.445 -3 124.86
      vertex -122.445 0 124.86
    endloop
  endfacet
  facet normal 0.382602 0 0.923913
    outer loop
      vertex -122.445 -3 124.86
      vertex -122.771 0 124.995
      vertex -122.771 -3 124.995
    endloop
  endfacet
  facet normal 0.382602 0 -0.923913
    outer loop
      vertex -122.771 -3 129.005
      vertex -122.445 0 129.14
      vertex -122.445 -3 129.14
    endloop
  endfacet
  facet normal 0.382602 0 -0.923913
    outer loop
      vertex -122.445 0 129.14
      vertex -122.771 -3 129.005
      vertex -122.771 0 129.005
    endloop
  endfacet
  facet normal 0.972593 0 -0.232515
    outer loop
      vertex -123.89 -3 127.695
      vertex -123.972 0 127.352
      vertex -123.89 0 127.695
    endloop
  endfacet
  facet normal 0.972593 0 -0.232515
    outer loop
      vertex -123.972 0 127.352
      vertex -123.89 -3 127.695
      vertex -123.972 -3 127.352
    endloop
  endfacet
  facet normal -0.232515 0 -0.972593
    outer loop
      vertex -113.898 -3 129.222
      vertex -113.555 0 129.14
      vertex -113.555 -3 129.14
    endloop
  endfacet
  facet normal -0.232515 0 -0.972593
    outer loop
      vertex -113.555 0 129.14
      vertex -113.898 -3 129.222
      vertex -113.898 0 129.222
    endloop
  endfacet
  facet normal 0.996851 0 -0.079295
    outer loop
      vertex -123.972 -3 127.352
      vertex -124 0 127
      vertex -123.972 0 127.352
    endloop
  endfacet
  facet normal 0.996851 0 -0.079295
    outer loop
      vertex -124 0 127
      vertex -123.972 -3 127.352
      vertex -124 -3 127
    endloop
  endfacet
  facet normal -0.852723 0 -0.522363
    outer loop
      vertex -112.245 -3 128.021
      vertex -112.43 0 128.323
      vertex -112.245 0 128.021
    endloop
  endfacet
  facet normal -0.852723 -0 -0.522363
    outer loop
      vertex -112.43 0 128.323
      vertex -112.245 -3 128.021
      vertex -112.43 -3 128.323
    endloop
  endfacet
  facet normal -0.760257 0 -0.649623
    outer loop
      vertex -112.43 -3 128.323
      vertex -112.659 0 128.591
      vertex -112.43 0 128.323
    endloop
  endfacet
  facet normal -0.760257 -0 -0.649623
    outer loop
      vertex -112.659 0 128.591
      vertex -112.43 -3 128.323
      vertex -112.659 -3 128.591
    endloop
  endfacet
  facet normal 0.760819 -0 0.648964
    outer loop
      vertex 112.43 -3 5.02748
      vertex 112.659 0 4.75901
      vertex 112.43 0 5.02748
    endloop
  endfacet
  facet normal 0.760819 0 0.648964
    outer loop
      vertex 112.659 0 4.75901
      vertex 112.43 -3 5.02748
      vertex 112.659 -3 4.75901
    endloop
  endfacet
  facet normal -0.923992 0 -0.382412
    outer loop
      vertex 123.89 -3 7.04529
      vertex 123.755 0 7.37148
      vertex 123.89 0 7.04529
    endloop
  endfacet
  facet normal -0.923992 -0 -0.382412
    outer loop
      vertex 123.755 0 7.37148
      vertex 123.89 -3 7.04529
      vertex 123.755 -3 7.37148
    endloop
  endfacet
  facet normal -0.851981 0 0.523573
    outer loop
      vertex 123.57 -3 5.02748
      vertex 123.755 0 5.32852
      vertex 123.57 0 5.02748
    endloop
  endfacet
  facet normal -0.851981 0 0.523573
    outer loop
      vertex 123.755 0 5.32852
      vertex 123.57 -3 5.02748
      vertex 123.755 -3 5.32852
    endloop
  endfacet
  facet normal -0.0784506 0 -0.996918
    outer loop
      vertex 121.75 -3 8.6
      vertex 122.102 0 8.5723
      vertex 122.102 -3 8.5723
    endloop
  endfacet
  facet normal -0.0784506 0 -0.996918
    outer loop
      vertex 122.102 0 8.5723
      vertex 121.75 -3 8.6
      vertex 121.75 0 8.6
    endloop
  endfacet
  facet normal -0.650114 0 0.759837
    outer loop
      vertex 123.073 0 4.52971
      vertex 123.341 -3 4.75901
      vertex 123.341 0 4.75901
    endloop
  endfacet
  facet normal -0.650114 0 0.759837
    outer loop
      vertex 123.341 -3 4.75901
      vertex 123.073 0 4.52971
      vertex 123.073 -3 4.52971
    endloop
  endfacet
  facet normal 0.97264 -0 0.232316
    outer loop
      vertex 112.028 -3 5.99802
      vertex 112.11 0 5.65471
      vertex 112.028 0 5.99802
    endloop
  endfacet
  facet normal 0.97264 0 0.232316
    outer loop
      vertex 112.11 0 5.65471
      vertex 112.028 -3 5.99802
      vertex 112.11 -3 5.65471
    endloop
  endfacet
  facet normal -0.97264 0 -0.232316
    outer loop
      vertex 123.972 -3 6.70198
      vertex 123.89 0 7.04529
      vertex 123.972 0 6.70198
    endloop
  endfacet
  facet normal -0.97264 -0 -0.232316
    outer loop
      vertex 123.89 0 7.04529
      vertex 123.972 -3 6.70198
      vertex 123.89 -3 7.04529
    endloop
  endfacet
  facet normal -0.233641 0 0.972323
    outer loop
      vertex 122.102 0 4.1277
      vertex 122.445 -3 4.21012
      vertex 122.445 0 4.21012
    endloop
  endfacet
  facet normal -0.233641 0 0.972323
    outer loop
      vertex 122.445 -3 4.21012
      vertex 122.102 0 4.1277
      vertex 122.102 -3 4.1277
    endloop
  endfacet
  facet normal -0 0 1
    outer loop
      vertex 114.25 0 4.1
      vertex 121.75 -3 4.1
      vertex 121.75 0 4.1
    endloop
  endfacet
  facet normal 0 0 1
    outer loop
      vertex 121.75 -3 4.1
      vertex 114.25 0 4.1
      vertex 114.25 -3 4.1
    endloop
  endfacet
  facet normal -0.521295 0 0.853377
    outer loop
      vertex 122.771 0 4.34523
      vertex 123.073 -3 4.52971
      vertex 123.073 0 4.52971
    endloop
  endfacet
  facet normal -0.521295 0 0.853377
    outer loop
      vertex 123.073 -3 4.52971
      vertex 122.771 0 4.34523
      vertex 122.771 -3 4.34523
    endloop
  endfacet
  facet normal 0.996851 -0 0.0792995
    outer loop
      vertex 112 -3 6.35
      vertex 112.028 0 5.99802
      vertex 112 0 6.35
    endloop
  endfacet
  facet normal 0.996851 0 0.0792995
    outer loop
      vertex 112.028 0 5.99802
      vertex 112 -3 6.35
      vertex 112.028 -3 5.99802
    endloop
  endfacet
  facet normal 0.521274 0 -0.853389
    outer loop
      vertex 112.927 -3 8.17029
      vertex 113.229 0 8.35476
      vertex 113.229 -3 8.35476
    endloop
  endfacet
  facet normal 0.521274 0 -0.853389
    outer loop
      vertex 113.229 0 8.35476
      vertex 112.927 -3 8.17029
      vertex 112.927 0 8.17029
    endloop
  endfacet
  facet normal -0.996851 0 -0.0792995
    outer loop
      vertex 124 -3 6.35
      vertex 123.972 0 6.70198
      vertex 124 0 6.35
    endloop
  endfacet
  facet normal -0.996851 -0 -0.0792995
    outer loop
      vertex 123.972 0 6.70198
      vertex 124 -3 6.35
      vertex 123.972 -3 6.70198
    endloop
  endfacet
  facet normal 0.923992 -0 0.382412
    outer loop
      vertex 112.11 -3 5.65471
      vertex 112.245 0 5.32852
      vertex 112.11 0 5.65471
    endloop
  endfacet
  facet normal 0.923992 0 0.382412
    outer loop
      vertex 112.245 0 5.32852
      vertex 112.11 -3 5.65471
      vertex 112.245 -3 5.32852
    endloop
  endfacet
  facet normal -0.923992 0 0.382412
    outer loop
      vertex 123.755 -3 5.32852
      vertex 123.89 0 5.65471
      vertex 123.755 0 5.32852
    endloop
  endfacet
  facet normal -0.923992 0 0.382412
    outer loop
      vertex 123.89 0 5.65471
      vertex 123.755 -3 5.32852
      vertex 123.89 -3 5.65471
    endloop
  endfacet
  facet normal -0.382868 0 0.923803
    outer loop
      vertex 122.445 0 4.21012
      vertex 122.771 -3 4.34523
      vertex 122.771 0 4.34523
    endloop
  endfacet
  facet normal -0.382868 0 0.923803
    outer loop
      vertex 122.771 -3 4.34523
      vertex 122.445 0 4.21012
      vertex 122.445 -3 4.21012
    endloop
  endfacet
  facet normal 0.233641 0 -0.972323
    outer loop
      vertex 113.555 -3 8.48988
      vertex 113.898 0 8.5723
      vertex 113.898 -3 8.5723
    endloop
  endfacet
  facet normal 0.233641 0 -0.972323
    outer loop
      vertex 113.898 0 8.5723
      vertex 113.555 -3 8.48988
      vertex 113.555 0 8.48988
    endloop
  endfacet
  facet normal -0.382892 0 -0.923793
    outer loop
      vertex 122.445 -3 8.48988
      vertex 122.771 0 8.35476
      vertex 122.771 -3 8.35476
    endloop
  endfacet
  facet normal -0.382892 0 -0.923793
    outer loop
      vertex 122.771 0 8.35476
      vertex 122.445 -3 8.48988
      vertex 122.445 0 8.48988
    endloop
  endfacet
  facet normal 0.650114 0 0.759837
    outer loop
      vertex 112.659 0 4.75901
      vertex 112.927 -3 4.52971
      vertex 112.927 0 4.52971
    endloop
  endfacet
  facet normal 0.650114 0 0.759837
    outer loop
      vertex 112.927 -3 4.52971
      vertex 112.659 0 4.75901
      vertex 112.659 -3 4.75901
    endloop
  endfacet
  facet normal 0.0784506 0 0.996918
    outer loop
      vertex 113.898 0 4.1277
      vertex 114.25 -3 4.1
      vertex 114.25 0 4.1
    endloop
  endfacet
  facet normal 0.0784506 0 0.996918
    outer loop
      vertex 114.25 -3 4.1
      vertex 113.898 0 4.1277
      vertex 113.898 -3 4.1277
    endloop
  endfacet
  facet normal -0.0784506 0 0.996918
    outer loop
      vertex 121.75 0 4.1
      vertex 122.102 -3 4.1277
      vertex 122.102 0 4.1277
    endloop
  endfacet
  facet normal -0.0784506 0 0.996918
    outer loop
      vertex 122.102 -3 4.1277
      vertex 121.75 0 4.1
      vertex 121.75 -3 4.1
    endloop
  endfacet
  facet normal 0.0784506 0 -0.996918
    outer loop
      vertex 113.898 -3 8.5723
      vertex 114.25 0 8.6
      vertex 114.25 -3 8.6
    endloop
  endfacet
  facet normal 0.0784506 0 -0.996918
    outer loop
      vertex 114.25 0 8.6
      vertex 113.898 -3 8.5723
      vertex 113.898 0 8.5723
    endloop
  endfacet
  facet normal 0.233641 0 0.972323
    outer loop
      vertex 113.555 0 4.21012
      vertex 113.898 -3 4.1277
      vertex 113.898 0 4.1277
    endloop
  endfacet
  facet normal 0.233641 0 0.972323
    outer loop
      vertex 113.898 -3 4.1277
      vertex 113.555 0 4.21012
      vertex 113.555 -3 4.21012
    endloop
  endfacet
  facet normal 0.650114 0 -0.759837
    outer loop
      vertex 112.659 -3 7.94099
      vertex 112.927 0 8.17029
      vertex 112.927 -3 8.17029
    endloop
  endfacet
  facet normal 0.650114 0 -0.759837
    outer loop
      vertex 112.927 0 8.17029
      vertex 112.659 -3 7.94099
      vertex 112.659 0 7.94099
    endloop
  endfacet
  facet normal 0.923992 0 -0.382412
    outer loop
      vertex 112.245 -3 7.37148
      vertex 112.11 0 7.04529
      vertex 112.245 0 7.37148
    endloop
  endfacet
  facet normal 0.923992 0 -0.382412
    outer loop
      vertex 112.11 0 7.04529
      vertex 112.245 -3 7.37148
      vertex 112.11 -3 7.04529
    endloop
  endfacet
  facet normal 0.851981 0 -0.523573
    outer loop
      vertex 112.43 -3 7.67252
      vertex 112.245 0 7.37148
      vertex 112.43 0 7.67252
    endloop
  endfacet
  facet normal 0.851981 0 -0.523573
    outer loop
      vertex 112.245 0 7.37148
      vertex 112.43 -3 7.67252
      vertex 112.245 -3 7.37148
    endloop
  endfacet
  facet normal 0 0 -1
    outer loop
      vertex 114.25 -3 8.6
      vertex 121.75 0 8.6
      vertex 121.75 -3 8.6
    endloop
  endfacet
  facet normal -0 0 -1
    outer loop
      vertex 121.75 0 8.6
      vertex 114.25 -3 8.6
      vertex 114.25 0 8.6
    endloop
  endfacet
  facet normal -0.650114 0 -0.759837
    outer loop
      vertex 123.073 -3 8.17029
      vertex 123.341 0 7.94099
      vertex 123.341 -3 7.94099
    endloop
  endfacet
  facet normal -0.650114 0 -0.759837
    outer loop
      vertex 123.341 0 7.94099
      vertex 123.073 -3 8.17029
      vertex 123.073 0 8.17029
    endloop
  endfacet
  facet normal 0.760819 0 -0.648964
    outer loop
      vertex 112.659 -3 7.94099
      vertex 112.43 0 7.67252
      vertex 112.659 0 7.94099
    endloop
  endfacet
  facet normal 0.760819 0 -0.648964
    outer loop
      vertex 112.43 0 7.67252
      vertex 112.659 -3 7.94099
      vertex 112.43 -3 7.67252
    endloop
  endfacet
  facet normal -0.760819 0 0.648964
    outer loop
      vertex 123.341 -3 4.75901
      vertex 123.57 0 5.02748
      vertex 123.341 0 4.75901
    endloop
  endfacet
  facet normal -0.760819 0 0.648964
    outer loop
      vertex 123.57 0 5.02748
      vertex 123.341 -3 4.75901
      vertex 123.57 -3 5.02748
    endloop
  endfacet
  facet normal -0.521274 0 -0.853389
    outer loop
      vertex 122.771 -3 8.35476
      vertex 123.073 0 8.17029
      vertex 123.073 -3 8.17029
    endloop
  endfacet
  facet normal -0.521274 0 -0.853389
    outer loop
      vertex 123.073 0 8.17029
      vertex 122.771 -3 8.35476
      vertex 122.771 0 8.35476
    endloop
  endfacet
  facet normal 0.851981 -0 0.523573
    outer loop
      vertex 112.245 -3 5.32852
      vertex 112.43 0 5.02748
      vertex 112.245 0 5.32852
    endloop
  endfacet
  facet normal 0.851981 0 0.523573
    outer loop
      vertex 112.43 0 5.02748
      vertex 112.245 -3 5.32852
      vertex 112.43 -3 5.02748
    endloop
  endfacet
  facet normal 0.521295 0 0.853377
    outer loop
      vertex 112.927 0 4.52971
      vertex 113.229 -3 4.34523
      vertex 113.229 0 4.34523
    endloop
  endfacet
  facet normal 0.521295 0 0.853377
    outer loop
      vertex 113.229 -3 4.34523
      vertex 112.927 0 4.52971
      vertex 112.927 -3 4.52971
    endloop
  endfacet
  facet normal -0.97264 0 0.232316
    outer loop
      vertex 123.89 -3 5.65471
      vertex 123.972 0 5.99802
      vertex 123.89 0 5.65471
    endloop
  endfacet
  facet normal -0.97264 0 0.232316
    outer loop
      vertex 123.972 0 5.99802
      vertex 123.89 -3 5.65471
      vertex 123.972 -3 5.99802
    endloop
  endfacet
  facet normal -0.996851 0 0.0792995
    outer loop
      vertex 123.972 -3 5.99802
      vertex 124 0 6.35
      vertex 123.972 0 5.99802
    endloop
  endfacet
  facet normal -0.996851 0 0.0792995
    outer loop
      vertex 124 0 6.35
      vertex 123.972 -3 5.99802
      vertex 124 -3 6.35
    endloop
  endfacet
  facet normal 0.382868 0 0.923803
    outer loop
      vertex 113.229 0 4.34523
      vertex 113.555 -3 4.21012
      vertex 113.555 0 4.21012
    endloop
  endfacet
  facet normal 0.382868 0 0.923803
    outer loop
      vertex 113.555 -3 4.21012
      vertex 113.229 0 4.34523
      vertex 113.229 -3 4.34523
    endloop
  endfacet
  facet normal 0.382892 0 -0.923793
    outer loop
      vertex 113.229 -3 8.35476
      vertex 113.555 0 8.48988
      vertex 113.555 -3 8.48988
    endloop
  endfacet
  facet normal 0.382892 0 -0.923793
    outer loop
      vertex 113.555 0 8.48988
      vertex 113.229 -3 8.35476
      vertex 113.229 0 8.35476
    endloop
  endfacet
  facet normal 0.97264 0 -0.232316
    outer loop
      vertex 112.11 -3 7.04529
      vertex 112.028 0 6.70198
      vertex 112.11 0 7.04529
    endloop
  endfacet
  facet normal 0.97264 0 -0.232316
    outer loop
      vertex 112.028 0 6.70198
      vertex 112.11 -3 7.04529
      vertex 112.028 -3 6.70198
    endloop
  endfacet
  facet normal -0.233641 0 -0.972323
    outer loop
      vertex 122.102 -3 8.5723
      vertex 122.445 0 8.48988
      vertex 122.445 -3 8.48988
    endloop
  endfacet
  facet normal -0.233641 0 -0.972323
    outer loop
      vertex 122.445 0 8.48988
      vertex 122.102 -3 8.5723
      vertex 122.102 0 8.5723
    endloop
  endfacet
  facet normal 0.996851 0 -0.0792995
    outer loop
      vertex 112.028 -3 6.70198
      vertex 112 0 6.35
      vertex 112.028 0 6.70198
    endloop
  endfacet
  facet normal 0.996851 0 -0.0792995
    outer loop
      vertex 112 0 6.35
      vertex 112.028 -3 6.70198
      vertex 112 -3 6.35
    endloop
  endfacet
  facet normal -0.851981 0 -0.523573
    outer loop
      vertex 123.755 -3 7.37148
      vertex 123.57 0 7.67252
      vertex 123.755 0 7.37148
    endloop
  endfacet
  facet normal -0.851981 -0 -0.523573
    outer loop
      vertex 123.57 0 7.67252
      vertex 123.755 -3 7.37148
      vertex 123.57 -3 7.67252
    endloop
  endfacet
  facet normal -0.760819 0 -0.648964
    outer loop
      vertex 123.57 -3 7.67252
      vertex 123.341 0 7.94099
      vertex 123.57 0 7.67252
    endloop
  endfacet
  facet normal -0.760819 -0 -0.648964
    outer loop
      vertex 123.341 0 7.94099
      vertex 123.57 -3 7.67252
      vertex 123.341 -3 7.94099
    endloop
  endfacet
  facet normal 0.760257 -0 0.649623
    outer loop
      vertex 112.43 -3 125.677
      vertex 112.659 0 125.409
      vertex 112.43 0 125.677
    endloop
  endfacet
  facet normal 0.760257 0 0.649623
    outer loop
      vertex 112.659 0 125.409
      vertex 112.43 -3 125.677
      vertex 112.659 -3 125.409
    endloop
  endfacet
  facet normal -0.923913 0 -0.382602
    outer loop
      vertex 123.89 -3 127.695
      vertex 123.755 0 128.021
      vertex 123.89 0 127.695
    endloop
  endfacet
  facet normal -0.923913 -0 -0.382602
    outer loop
      vertex 123.755 0 128.021
      vertex 123.89 -3 127.695
      vertex 123.755 -3 128.021
    endloop
  endfacet
  facet normal -0.852723 0 0.522363
    outer loop
      vertex 123.57 -3 125.677
      vertex 123.755 0 125.979
      vertex 123.57 0 125.677
    endloop
  endfacet
  facet normal -0.852723 0 0.522363
    outer loop
      vertex 123.755 0 125.979
      vertex 123.57 -3 125.677
      vertex 123.755 -3 125.979
    endloop
  endfacet
  facet normal -0.079295 0 -0.996851
    outer loop
      vertex 121.75 -3 129.25
      vertex 122.102 0 129.222
      vertex 122.102 -3 129.222
    endloop
  endfacet
  facet normal -0.079295 0 -0.996851
    outer loop
      vertex 122.102 0 129.222
      vertex 121.75 -3 129.25
      vertex 121.75 0 129.25
    endloop
  endfacet
  facet normal -0.649623 0 0.760257
    outer loop
      vertex 123.073 0 125.18
      vertex 123.341 -3 125.409
      vertex 123.341 0 125.409
    endloop
  endfacet
  facet normal -0.649623 0 0.760257
    outer loop
      vertex 123.341 -3 125.409
      vertex 123.073 0 125.18
      vertex 123.073 -3 125.18
    endloop
  endfacet
  facet normal 0.972593 -0 0.232515
    outer loop
      vertex 112.028 -3 126.648
      vertex 112.11 0 126.305
      vertex 112.028 0 126.648
    endloop
  endfacet
  facet normal 0.972593 0 0.232515
    outer loop
      vertex 112.11 0 126.305
      vertex 112.028 -3 126.648
      vertex 112.11 -3 126.305
    endloop
  endfacet
  facet normal -0.972593 0 -0.232515
    outer loop
      vertex 123.972 -3 127.352
      vertex 123.89 0 127.695
      vertex 123.972 0 127.352
    endloop
  endfacet
  facet normal -0.972593 -0 -0.232515
    outer loop
      vertex 123.89 0 127.695
      vertex 123.972 -3 127.352
      vertex 123.89 -3 127.695
    endloop
  endfacet
  facet normal -0.232515 0 0.972593
    outer loop
      vertex 122.102 0 124.778
      vertex 122.445 -3 124.86
      vertex 122.445 0 124.86
    endloop
  endfacet
  facet normal -0.232515 0 0.972593
    outer loop
      vertex 122.445 -3 124.86
      vertex 122.102 0 124.778
      vertex 122.102 -3 124.778
    endloop
  endfacet
  facet normal -0 0 1
    outer loop
      vertex 114.25 0 124.75
      vertex 121.75 -3 124.75
      vertex 121.75 0 124.75
    endloop
  endfacet
  facet normal 0 0 1
    outer loop
      vertex 121.75 -3 124.75
      vertex 114.25 0 124.75
      vertex 114.25 -3 124.75
    endloop
  endfacet
  facet normal -0.522363 0 0.852723
    outer loop
      vertex 122.771 0 124.995
      vertex 123.073 -3 125.18
      vertex 123.073 0 125.18
    endloop
  endfacet
  facet normal -0.522363 0 0.852723
    outer loop
      vertex 123.073 -3 125.18
      vertex 122.771 0 124.995
      vertex 122.771 -3 124.995
    endloop
  endfacet
  facet normal -0.972593 0 0.232515
    outer loop
      vertex 123.89 -3 126.305
      vertex 123.972 0 126.648
      vertex 123.89 0 126.305
    endloop
  endfacet
  facet normal -0.972593 0 0.232515
    outer loop
      vertex 123.972 0 126.648
      vertex 123.89 -3 126.305
      vertex 123.972 -3 126.648
    endloop
  endfacet
  facet normal 0.996851 -0 0.079295
    outer loop
      vertex 112 -3 127
      vertex 112.028 0 126.648
      vertex 112 0 127
    endloop
  endfacet
  facet normal 0.996851 0 0.079295
    outer loop
      vertex 112.028 0 126.648
      vertex 112 -3 127
      vertex 112.028 -3 126.648
    endloop
  endfacet
  facet normal 0.522363 0 -0.852723
    outer loop
      vertex 112.927 -3 128.82
      vertex 113.229 0 129.005
      vertex 113.229 -3 129.005
    endloop
  endfacet
  facet normal 0.522363 0 -0.852723
    outer loop
      vertex 113.229 0 129.005
      vertex 112.927 -3 128.82
      vertex 112.927 0 128.82
    endloop
  endfacet
  facet normal -0.996851 0 -0.079295
    outer loop
      vertex 124 -3 127
      vertex 123.972 0 127.352
      vertex 124 0 127
    endloop
  endfacet
  facet normal -0.996851 -0 -0.079295
    outer loop
      vertex 123.972 0 127.352
      vertex 124 -3 127
      vertex 123.972 -3 127.352
    endloop
  endfacet
  facet normal 0.923913 -0 0.382602
    outer loop
      vertex 112.11 -3 126.305
      vertex 112.245 0 125.979
      vertex 112.11 0 126.305
    endloop
  endfacet
  facet normal 0.923913 0 0.382602
    outer loop
      vertex 112.245 0 125.979
      vertex 112.11 -3 126.305
      vertex 112.245 -3 125.979
    endloop
  endfacet
  facet normal -0.923913 0 0.382602
    outer loop
      vertex 123.755 -3 125.979
      vertex 123.89 0 126.305
      vertex 123.755 0 125.979
    endloop
  endfacet
  facet normal -0.923913 0 0.382602
    outer loop
      vertex 123.89 0 126.305
      vertex 123.755 -3 125.979
      vertex 123.89 -3 126.305
    endloop
  endfacet
  facet normal -0.382602 0 0.923913
    outer loop
      vertex 122.445 0 124.86
      vertex 122.771 -3 124.995
      vertex 122.771 0 124.995
    endloop
  endfacet
  facet normal -0.382602 0 0.923913
    outer loop
      vertex 122.771 -3 124.995
      vertex 122.445 0 124.86
      vertex 122.445 -3 124.86
    endloop
  endfacet
  facet normal 0.232515 0 -0.972593
    outer loop
      vertex 113.555 -3 129.14
      vertex 113.898 0 129.222
      vertex 113.898 -3 129.222
    endloop
  endfacet
  facet normal 0.232515 0 -0.972593
    outer loop
      vertex 113.898 0 129.222
      vertex 113.555 -3 129.14
      vertex 113.555 0 129.14
    endloop
  endfacet
  facet normal -0.382602 0 -0.923913
    outer loop
      vertex 122.445 -3 129.14
      vertex 122.771 0 129.005
      vertex 122.771 -3 129.005
    endloop
  endfacet
  facet normal -0.382602 0 -0.923913
    outer loop
      vertex 122.771 0 129.005
      vertex 122.445 -3 129.14
      vertex 122.445 0 129.14
    endloop
  endfacet
  facet normal 0.649623 0 0.760257
    outer loop
      vertex 112.659 0 125.409
      vertex 112.927 -3 125.18
      vertex 112.927 0 125.18
    endloop
  endfacet
  facet normal 0.649623 0 0.760257
    outer loop
      vertex 112.927 -3 125.18
      vertex 112.659 0 125.409
      vertex 112.659 -3 125.409
    endloop
  endfacet
  facet normal 0.079295 0 0.996851
    outer loop
      vertex 113.898 0 124.778
      vertex 114.25 -3 124.75
      vertex 114.25 0 124.75
    endloop
  endfacet
  facet normal 0.079295 0 0.996851
    outer loop
      vertex 114.25 -3 124.75
      vertex 113.898 0 124.778
      vertex 113.898 -3 124.778
    endloop
  endfacet
  facet normal -0.079295 0 0.996851
    outer loop
      vertex 121.75 0 124.75
      vertex 122.102 -3 124.778
      vertex 122.102 0 124.778
    endloop
  endfacet
  facet normal -0.079295 0 0.996851
    outer loop
      vertex 122.102 -3 124.778
      vertex 121.75 0 124.75
      vertex 121.75 -3 124.75
    endloop
  endfacet
  facet normal 0.079295 0 -0.996851
    outer loop
      vertex 113.898 -3 129.222
      vertex 114.25 0 129.25
      vertex 114.25 -3 129.25
    endloop
  endfacet
  facet normal 0.079295 0 -0.996851
    outer loop
      vertex 114.25 0 129.25
      vertex 113.898 -3 129.222
      vertex 113.898 0 129.222
    endloop
  endfacet
  facet normal 0.232515 0 0.972593
    outer loop
      vertex 113.555 0 124.86
      vertex 113.898 -3 124.778
      vertex 113.898 0 124.778
    endloop
  endfacet
  facet normal 0.232515 0 0.972593
    outer loop
      vertex 113.898 -3 124.778
      vertex 113.555 0 124.86
      vertex 113.555 -3 124.86
    endloop
  endfacet
  facet normal 0.649623 0 -0.760257
    outer loop
      vertex 112.659 -3 128.591
      vertex 112.927 0 128.82
      vertex 112.927 -3 128.82
    endloop
  endfacet
  facet normal 0.649623 0 -0.760257
    outer loop
      vertex 112.927 0 128.82
      vertex 112.659 -3 128.591
      vertex 112.659 0 128.591
    endloop
  endfacet
  facet normal 0.923913 0 -0.382602
    outer loop
      vertex 112.245 -3 128.021
      vertex 112.11 0 127.695
      vertex 112.245 0 128.021
    endloop
  endfacet
  facet normal 0.923913 0 -0.382602
    outer loop
      vertex 112.11 0 127.695
      vertex 112.245 -3 128.021
      vertex 112.11 -3 127.695
    endloop
  endfacet
  facet normal 0.852723 0 -0.522363
    outer loop
      vertex 112.43 -3 128.323
      vertex 112.245 0 128.021
      vertex 112.43 0 128.323
    endloop
  endfacet
  facet normal 0.852723 0 -0.522363
    outer loop
      vertex 112.245 0 128.021
      vertex 112.43 -3 128.323
      vertex 112.245 -3 128.021
    endloop
  endfacet
  facet normal 0 0 -1
    outer loop
      vertex 114.25 -3 129.25
      vertex 121.75 0 129.25
      vertex 121.75 -3 129.25
    endloop
  endfacet
  facet normal -0 0 -1
    outer loop
      vertex 121.75 0 129.25
      vertex 114.25 -3 129.25
      vertex 114.25 0 129.25
    endloop
  endfacet
  facet normal -0.649623 0 -0.760257
    outer loop
      vertex 123.073 -3 128.82
      vertex 123.341 0 128.591
      vertex 123.341 -3 128.591
    endloop
  endfacet
  facet normal -0.649623 0 -0.760257
    outer loop
      vertex 123.341 0 128.591
      vertex 123.073 -3 128.82
      vertex 123.073 0 128.82
    endloop
  endfacet
  facet normal 0.760257 0 -0.649623
    outer loop
      vertex 112.659 -3 128.591
      vertex 112.43 0 128.323
      vertex 112.659 0 128.591
    endloop
  endfacet
  facet normal 0.760257 0 -0.649623
    outer loop
      vertex 112.43 0 128.323
      vertex 112.659 -3 128.591
      vertex 112.43 -3 128.323
    endloop
  endfacet
  facet normal -0.760257 0 0.649623
    outer loop
      vertex 123.341 -3 125.409
      vertex 123.57 0 125.677
      vertex 123.341 0 125.409
    endloop
  endfacet
  facet normal -0.760257 0 0.649623
    outer loop
      vertex 123.57 0 125.677
      vertex 123.341 -3 125.409
      vertex 123.57 -3 125.677
    endloop
  endfacet
  facet normal -0.522363 0 -0.852723
    outer loop
      vertex 122.771 -3 129.005
      vertex 123.073 0 128.82
      vertex 123.073 -3 128.82
    endloop
  endfacet
  facet normal -0.522363 0 -0.852723
    outer loop
      vertex 123.073 0 128.82
      vertex 122.771 -3 129.005
      vertex 122.771 0 129.005
    endloop
  endfacet
  facet normal 0.852723 -0 0.522363
    outer loop
      vertex 112.245 -3 125.979
      vertex 112.43 0 125.677
      vertex 112.245 0 125.979
    endloop
  endfacet
  facet normal 0.852723 0 0.522363
    outer loop
      vertex 112.43 0 125.677
      vertex 112.245 -3 125.979
      vertex 112.43 -3 125.677
    endloop
  endfacet
  facet normal 0.522363 0 0.852723
    outer loop
      vertex 112.927 0 125.18
      vertex 113.229 -3 124.995
      vertex 113.229 0 124.995
    endloop
  endfacet
  facet normal 0.522363 0 0.852723
    outer loop
      vertex 113.229 -3 124.995
      vertex 112.927 0 125.18
      vertex 112.927 -3 125.18
    endloop
  endfacet
  facet normal -0.996851 0 0.079295
    outer loop
      vertex 123.972 -3 126.648
      vertex 124 0 127
      vertex 123.972 0 126.648
    endloop
  endfacet
  facet normal -0.996851 0 0.079295
    outer loop
      vertex 124 0 127
      vertex 123.972 -3 126.648
      vertex 124 -3 127
    endloop
  endfacet
  facet normal 0.382602 0 0.923913
    outer loop
      vertex 113.229 0 124.995
      vertex 113.555 -3 124.86
      vertex 113.555 0 124.86
    endloop
  endfacet
  facet normal 0.382602 0 0.923913
    outer loop
      vertex 113.555 -3 124.86
      vertex 113.229 0 124.995
      vertex 113.229 -3 124.995
    endloop
  endfacet
  facet normal 0.382602 0 -0.923913
    outer loop
      vertex 113.229 -3 129.005
      vertex 113.555 0 129.14
      vertex 113.555 -3 129.14
    endloop
  endfacet
  facet normal 0.382602 0 -0.923913
    outer loop
      vertex 113.555 0 129.14
      vertex 113.229 -3 129.005
      vertex 113.229 0 129.005
    endloop
  endfacet
  facet normal 0.972593 0 -0.232515
    outer loop
      vertex 112.11 -3 127.695
      vertex 112.028 0 127.352
      vertex 112.11 0 127.695
    endloop
  endfacet
  facet normal 0.972593 0 -0.232515
    outer loop
      vertex 112.028 0 127.352
      vertex 112.11 -3 127.695
      vertex 112.028 -3 127.352
    endloop
  endfacet
  facet normal -0.232515 0 -0.972593
    outer loop
      vertex 122.102 -3 129.222
      vertex 122.445 0 129.14
      vertex 122.445 -3 129.14
    endloop
  endfacet
  facet normal -0.232515 0 -0.972593
    outer loop
      vertex 122.445 0 129.14
      vertex 122.102 -3 129.222
      vertex 122.102 0 129.222
    endloop
  endfacet
  facet normal 0.996851 0 -0.079295
    outer loop
      vertex 112.028 -3 127.352
      vertex 112 0 127
      vertex 112.028 0 127.352
    endloop
  endfacet
  facet normal 0.996851 0 -0.079295
    outer loop
      vertex 112 0 127
      vertex 112.028 -3 127.352
      vertex 112 -3 127
    endloop
  endfacet
  facet normal -0.852723 0 -0.522363
    outer loop
      vertex 123.755 -3 128.021
      vertex 123.57 0 128.323
      vertex 123.755 0 128.021
    endloop
  endfacet
  facet normal -0.852723 -0 -0.522363
    outer loop
      vertex 123.57 0 128.323
      vertex 123.755 -3 128.021
      vertex 123.57 -3 128.323
    endloop
  endfacet
  facet normal -0.760257 0 -0.649623
    outer loop
      vertex 123.57 -3 128.323
      vertex 123.341 0 128.591
      vertex 123.57 0 128.323
    endloop
  endfacet
  facet normal -0.760257 -0 -0.649623
    outer loop
      vertex 123.341 0 128.591
      vertex 123.57 -3 128.323
      vertex 123.341 -3 128.591
    endloop
  endfacet
  facet normal 1 -0 0
    outer loop
      vertex 127 -3 133.35
      vertex 127 0 0
      vertex 127 0 133.35
    endloop
  endfacet
  facet normal 1 0 0
    outer loop
      vertex 127 0 0
      vertex 127 -3 133.35
      vertex 127 -3 0
    endloop
  endfacet
  facet normal -0 0 1
    outer loop
      vertex -127 0 133.35
      vertex 127 -3 133.35
      vertex 127 0 133.35
    endloop
  endfacet
  facet normal 0 0 1
    outer loop
      vertex 127 -3 133.35
      vertex -127 0 133.35
      vertex -127 -3 133.35
    endloop
  endfacet
  facet normal 0 0 -1
    outer loop
      vertex 127 -3 0
      vertex 74.5 0 0
      vertex 127 0 0
    endloop
  endfacet
  facet normal 0 0 -1
    outer loop
      vertex 74.5 0 0
      vertex 64.5 5 0
      vertex 74.5 102 0
    endloop
  endfacet
  facet normal 0 0 -1
    outer loop
      vertex 74.5 0 0
      vertex 45 5 0
      vertex 64.5 5 0
    endloop
  endfacet
  facet normal 0 0 -1
    outer loop
      vertex 45 5 0
      vertex 28 5 0
      vertex 45 97 0
    endloop
  endfacet
  facet normal 0 0 -1
    outer loop
      vertex 74.5 0 0
      vertex 28 5 0
      vertex 45 5 0
    endloop
  endfacet
  facet normal 0 0 -1
    outer loop
      vertex 74.5 0 0
      vertex 8.5 5 0
      vertex 28 5 0
    endloop
  endfacet
  facet normal 0 0 -1
    outer loop
      vertex 8.5 5 0
      vertex -8.5 5 0
      vertex 8.5 97 0
    endloop
  endfacet
  facet normal 0 0 -1
    outer loop
      vertex 74.5 0 0
      vertex -8.5 5 0
      vertex 8.5 5 0
    endloop
  endfacet
  facet normal 0 0 -1
    outer loop
      vertex -74.5 0 0
      vertex -8.5 5 0
      vertex 74.5 0 0
    endloop
  endfacet
  facet normal 0 0 -1
    outer loop
      vertex -74.5 0 0
      vertex 74.5 0 0
      vertex 127 -3 0
    endloop
  endfacet
  facet normal 0 0 -1
    outer loop
      vertex -28 5 0
      vertex -45 5 0
      vertex -28 97 0
    endloop
  endfacet
  facet normal -0 0 -1
    outer loop
      vertex -8.5 5 0
      vertex -74.5 0 0
      vertex -28 5 0
    endloop
  endfacet
  facet normal -0 0 -1
    outer loop
      vertex -28 5 0
      vertex -74.5 0 0
      vertex -45 5 0
    endloop
  endfacet
  facet normal -0 0 -1
    outer loop
      vertex -64.5 5 0
      vertex -74.5 0 0
      vertex -64.5 97 0
    endloop
  endfacet
  facet normal -0 0 -1
    outer loop
      vertex -45 5 0
      vertex -74.5 0 0
      vertex -64.5 5 0
    endloop
  endfacet
  facet normal 0 0 -1
    outer loop
      vertex -127 -3 0
      vertex -74.5 0 0
      vertex 127 -3 0
    endloop
  endfacet
  facet normal -0 0 -1
    outer loop
      vertex -74.5 0 0
      vertex -127 -3 0
      vertex -127 0 0
    endloop
  endfacet
  facet normal 0 0 -1
    outer loop
      vertex 64.5 97 0
      vertex 74.5 102 0
      vertex 64.5 5 0
    endloop
  endfacet
  facet normal 0 0 -1
    outer loop
      vertex 45 97 0
      vertex 74.5 102 0
      vertex 64.5 97 0
    endloop
  endfacet
  facet normal 0 0 -1
    outer loop
      vertex 28 97 0
      vertex 45 97 0
      vertex 28 5 0
    endloop
  endfacet
  facet normal 0 0 -1
    outer loop
      vertex 28 97 0
      vertex 74.5 102 0
      vertex 45 97 0
    endloop
  endfacet
  facet normal 0 0 -1
    outer loop
      vertex 8.5 97 0
      vertex 74.5 102 0
      vertex 28 97 0
    endloop
  endfacet
  facet normal 0 0 -1
    outer loop
      vertex -8.5 97 0
      vertex 8.5 97 0
      vertex -8.5 5 0
    endloop
  endfacet
  facet normal 0 0 -1
    outer loop
      vertex -8.5 97 0
      vertex 74.5 102 0
      vertex 8.5 97 0
    endloop
  endfacet
  facet normal 0 0 -1
    outer loop
      vertex -74.5 102 0
      vertex -8.5 97 0
      vertex -28 97 0
    endloop
  endfacet
  facet normal 0 0 -1
    outer loop
      vertex -45 97 0
      vertex -28 97 0
      vertex -45 5 0
    endloop
  endfacet
  facet normal 0 0 -1
    outer loop
      vertex -74.5 102 0
      vertex -28 97 0
      vertex -45 97 0
    endloop
  endfacet
  facet normal 0 0 -1
    outer loop
      vertex -74.5 102 0
      vertex -45 97 0
      vertex -64.5 97 0
    endloop
  endfacet
  facet normal 0 0 -1
    outer loop
      vertex -8.5 97 0
      vertex -74.5 102 0
      vertex 74.5 102 0
    endloop
  endfacet
  facet normal 0 0 -1
    outer loop
      vertex -74.5 102 0
      vertex -64.5 97 0
      vertex -74.5 0 0
    endloop
  endfacet
  facet normal -1 0 0
    outer loop
      vertex -127 -3 0
      vertex -127 0 133.35
      vertex -127 0 0
    endloop
  endfacet
  facet normal -1 -0 0
    outer loop
      vertex -127 0 133.35
      vertex -127 -3 0
      vertex -127 -3 133.35
    endloop
  endfacet
  facet normal 0 1 0
    outer loop
      vertex -74.5 0 104
      vertex -113.898 0 8.5723
      vertex -114.25 0 8.6
    endloop
  endfacet
  facet normal 0 1 0
    outer loop
      vertex -74.5 0 104
      vertex -113.555 0 8.48988
      vertex -113.898 0 8.5723
    endloop
  endfacet
  facet normal 0 1 0
    outer loop
      vertex -74.5 0 104
      vertex -113.229 0 8.35476
      vertex -113.555 0 8.48988
    endloop
  endfacet
  facet normal 0 1 0
    outer loop
      vertex -74.5 0 104
      vertex -112.927 0 8.17029
      vertex -113.229 0 8.35476
    endloop
  endfacet
  facet normal 0 1 -0
    outer loop
      vertex -74.5 0 0
      vertex -112.927 0 8.17029
      vertex -74.5 0 104
    endloop
  endfacet
  facet normal 0 1 0
    outer loop
      vertex -112.927 0 8.17029
      vertex -74.5 0 0
      vertex -112.659 0 7.94099
    endloop
  endfacet
  facet normal 0 1 0
    outer loop
      vertex -112.659 0 7.94099
      vertex -74.5 0 0
      vertex -112.43 0 7.67252
    endloop
  endfacet
  facet normal 0 1 0
    outer loop
      vertex -112.43 0 7.67252
      vertex -74.5 0 0
      vertex -112.245 0 7.37148
    endloop
  endfacet
  facet normal 0 1 0
    outer loop
      vertex -112.245 0 7.37148
      vertex -74.5 0 0
      vertex -112.11 0 7.04529
    endloop
  endfacet
  facet normal 0 1 0
    outer loop
      vertex -112.11 0 7.04529
      vertex -74.5 0 0
      vertex -112.028 0 6.70198
    endloop
  endfacet
  facet normal 0 1 0
    outer loop
      vertex -112.028 0 6.70198
      vertex -74.5 0 0
      vertex -112 0 6.35
    endloop
  endfacet
  facet normal 0 1 0
    outer loop
      vertex -112 0 6.35
      vertex -74.5 0 0
      vertex -112.028 0 5.99802
    endloop
  endfacet
  facet normal 0 1 0
    outer loop
      vertex -113.898 0 4.1277
      vertex -127 0 0
      vertex -114.25 0 4.1
    endloop
  endfacet
  facet normal 0 1 0
    outer loop
      vertex -127 0 0
      vertex -113.898 0 4.1277
      vertex -74.5 0 0
    endloop
  endfacet
  facet normal 0 1 0
    outer loop
      vertex -113.555 0 4.21012
      vertex -74.5 0 0
      vertex -113.898 0 4.1277
    endloop
  endfacet
  facet normal 0 1 0
    outer loop
      vertex -113.229 0 4.34523
      vertex -74.5 0 0
      vertex -113.555 0 4.21012
    endloop
  endfacet
  facet normal 0 1 0
    outer loop
      vertex -112.927 0 4.52971
      vertex -74.5 0 0
      vertex -113.229 0 4.34523
    endloop
  endfacet
  facet normal 0 1 0
    outer loop
      vertex -112.659 0 4.75901
      vertex -74.5 0 0
      vertex -112.927 0 4.52971
    endloop
  endfacet
  facet normal 0 1 0
    outer loop
      vertex -112.43 0 5.02748
      vertex -74.5 0 0
      vertex -112.659 0 4.75901
    endloop
  endfacet
  facet normal 0 1 0
    outer loop
      vertex -112.245 0 5.32852
      vertex -74.5 0 0
      vertex -112.43 0 5.02748
    endloop
  endfacet
  facet normal 0 1 0
    outer loop
      vertex -112.11 0 5.65471
      vertex -74.5 0 0
      vertex -112.245 0 5.32852
    endloop
  endfacet
  facet normal 0 1 0
    outer loop
      vertex -112.028 0 5.99802
      vertex -74.5 0 0
      vertex -112.11 0 5.65471
    endloop
  endfacet
  facet normal 0 1 0
    outer loop
      vertex -38 0 104
      vertex -44 0 100
      vertex -71.5 0 104
    endloop
  endfacet
  facet normal 0 1 0
    outer loop
      vertex -38 0 104
      vertex -44 0 8
      vertex -44 0 100
    endloop
  endfacet
  facet normal 0 1 0
    outer loop
      vertex -44 0 8
      vertex -38 0 4
      vertex -65.5 0 8
    endloop
  endfacet
  facet normal 0 1 -0
    outer loop
      vertex -38 0 4
      vertex -44 0 8
      vertex -38 0 104
    endloop
  endfacet
  facet normal 0 1 0
    outer loop
      vertex -1.5 0 104
      vertex -7.5 0 100
      vertex -35 0 104
    endloop
  endfacet
  facet normal 0 1 0
    outer loop
      vertex -1.5 0 104
      vertex -7.5 0 8
      vertex -7.5 0 100
    endloop
  endfacet
  facet normal 0 1 0
    outer loop
      vertex -7.5 0 8
      vertex -1.5 0 4
      vertex -29 0 8
    endloop
  endfacet
  facet normal 0 1 -0
    outer loop
      vertex -1.5 0 4
      vertex -7.5 0 8
      vertex -1.5 0 104
    endloop
  endfacet
  facet normal 0 1 0
    outer loop
      vertex 35 0 104
      vertex 29 0 100
      vertex 1.5 0 104
    endloop
  endfacet
  facet normal 0 1 0
    outer loop
      vertex 35 0 104
      vertex 29 0 8
      vertex 29 0 100
    endloop
  endfacet
  facet normal 0 1 0
    outer loop
      vertex 29 0 8
      vertex 35 0 4
      vertex 7.5 0 8
    endloop
  endfacet
  facet normal 0 1 -0
    outer loop
      vertex 35 0 4
      vertex 29 0 8
      vertex 35 0 104
    endloop
  endfacet
  facet normal 0 1 0
    outer loop
      vertex 71.5 0 104
      vertex 65.5 0 100
      vertex 38 0 104
    endloop
  endfacet
  facet normal 0 1 0
    outer loop
      vertex 71.5 0 104
      vertex 65.5 0 8
      vertex 65.5 0 100
    endloop
  endfacet
  facet normal 0 1 0
    outer loop
      vertex 65.5 0 8
      vertex 71.5 0 4
      vertex 44 0 8
    endloop
  endfacet
  facet normal 0 1 -0
    outer loop
      vertex 71.5 0 4
      vertex 65.5 0 8
      vertex 71.5 0 104
    endloop
  endfacet
  facet normal 0 1 0
    outer loop
      vertex 127 0 133.35
      vertex 113.555 0 129.14
      vertex -127 0 133.35
    endloop
  endfacet
  facet normal 0 1 0
    outer loop
      vertex -127 0 133.35
      vertex -113.898 0 129.222
      vertex -114.25 0 129.25
    endloop
  endfacet
  facet normal 0 1 -0
    outer loop
      vertex -113.555 0 129.14
      vertex -127 0 133.35
      vertex 113.555 0 129.14
    endloop
  endfacet
  facet normal 0 1 0
    outer loop
      vertex -127 0 133.35
      vertex -113.555 0 129.14
      vertex -113.898 0 129.222
    endloop
  endfacet
  facet normal 0 1 -0
    outer loop
      vertex 113.229 0 129.005
      vertex -113.555 0 129.14
      vertex 113.555 0 129.14
    endloop
  endfacet
  facet normal 0 1 0
    outer loop
      vertex 113.229 0 129.005
      vertex -113.229 0 129.005
      vertex -113.555 0 129.14
    endloop
  endfacet
  facet normal 0 1 0
    outer loop
      vertex 35 0 104
      vertex 113.229 0 129.005
      vertex 112.927 0 128.82
    endloop
  endfacet
  facet normal 0 1 0
    outer loop
      vertex 113.229 0 129.005
      vertex 1.5 0 104
      vertex -113.229 0 129.005
    endloop
  endfacet
  facet normal 0 1 0
    outer loop
      vertex 38 0 104
      vertex 112.927 0 128.82
      vertex 112.659 0 128.591
    endloop
  endfacet
  facet normal 0 1 -0
    outer loop
      vertex -1.5 0 104
      vertex -113.229 0 129.005
      vertex 1.5 0 104
    endloop
  endfacet
  facet normal 0 1 0
    outer loop
      vertex 38 0 104
      vertex 112.659 0 128.591
      vertex 112.43 0 128.323
    endloop
  endfacet
  facet normal 0 1 -0
    outer loop
      vertex -35 0 104
      vertex -113.229 0 129.005
      vertex -1.5 0 104
    endloop
  endfacet
  facet normal 0 1 0
    outer loop
      vertex 71.5 0 104
      vertex 112.43 0 128.323
      vertex 112.245 0 128.021
    endloop
  endfacet
  facet normal 0 1 0
    outer loop
      vertex -113.229 0 129.005
      vertex -35 0 104
      vertex -112.927 0 128.82
    endloop
  endfacet
  facet normal 0 1 0
    outer loop
      vertex 74.5 0 104
      vertex 112.245 0 128.021
      vertex 112.11 0 127.695
    endloop
  endfacet
  facet normal 0 1 -0
    outer loop
      vertex -38 0 104
      vertex -112.927 0 128.82
      vertex -35 0 104
    endloop
  endfacet
  facet normal 0 1 0
    outer loop
      vertex 74.5 0 104
      vertex 112.11 0 127.695
      vertex 112.028 0 127.352
    endloop
  endfacet
  facet normal 0 1 0
    outer loop
      vertex -112.927 0 128.82
      vertex -38 0 104
      vertex -112.659 0 128.591
    endloop
  endfacet
  facet normal 0 1 0
    outer loop
      vertex 74.5 0 104
      vertex 112.028 0 127.352
      vertex 112 0 127
    endloop
  endfacet
  facet normal 0 1 0
    outer loop
      vertex -112.659 0 128.591
      vertex -38 0 104
      vertex -112.43 0 128.323
    endloop
  endfacet
  facet normal 0 1 0
    outer loop
      vertex 74.5 0 104
      vertex 112 0 127
      vertex 112.028 0 126.648
    endloop
  endfacet
  facet normal 0 1 -0
    outer loop
      vertex -71.5 0 104
      vertex -112.43 0 128.323
      vertex -38 0 104
    endloop
  endfacet
  facet normal 0 1 0
    outer loop
      vertex 74.5 0 104
      vertex 112.028 0 126.648
      vertex 112.11 0 126.305
    endloop
  endfacet
  facet normal 0 1 0
    outer loop
      vertex -112.43 0 128.323
      vertex -71.5 0 104
      vertex -112.245 0 128.021
    endloop
  endfacet
  facet normal 0 1 0
    outer loop
      vertex 74.5 0 104
      vertex 112.11 0 126.305
      vertex 112.245 0 125.979
    endloop
  endfacet
  facet normal 0 1 -0
    outer loop
      vertex -74.5 0 104
      vertex -112.245 0 128.021
      vertex -71.5 0 104
    endloop
  endfacet
  facet normal 0 1 0
    outer loop
      vertex 74.5 0 104
      vertex 112.245 0 125.979
      vertex 112.43 0 125.677
    endloop
  endfacet
  facet normal 0 1 0
    outer loop
      vertex -112.245 0 128.021
      vertex -74.5 0 104
      vertex -112.11 0 127.695
    endloop
  endfacet
  facet normal 0 1 0
    outer loop
      vertex 74.5 0 104
      vertex 112.43 0 125.677
      vertex 112.659 0 125.409
    endloop
  endfacet
  facet normal 0 1 0
    outer loop
      vertex -112.11 0 127.695
      vertex -74.5 0 104
      vertex -112.028 0 127.352
    endloop
  endfacet
  facet normal 0 1 0
    outer loop
      vertex 74.5 0 104
      vertex 112.659 0 125.409
      vertex 112.927 0 125.18
    endloop
  endfacet
  facet normal 0 1 0
    outer loop
      vertex -112.028 0 127.352
      vertex -74.5 0 104
      vertex -112 0 127
    endloop
  endfacet
  facet normal 0 1 0
    outer loop
      vertex 74.5 0 104
      vertex 112.927 0 125.18
      vertex 113.229 0 124.995
    endloop
  endfacet
  facet normal 0 1 0
    outer loop
      vertex -112 0 127
      vertex -74.5 0 104
      vertex -112.028 0 126.648
    endloop
  endfacet
  facet normal 0 1 0
    outer loop
      vertex 74.5 0 104
      vertex 113.229 0 124.995
      vertex 113.555 0 124.86
    endloop
  endfacet
  facet normal 0 1 0
    outer loop
      vertex -112.028 0 126.648
      vertex -74.5 0 104
      vertex -112.11 0 126.305
    endloop
  endfacet
  facet normal 0 1 0
    outer loop
      vertex 74.5 0 104
      vertex 113.555 0 124.86
      vertex 113.898 0 124.778
    endloop
  endfacet
  facet normal 0 1 0
    outer loop
      vertex -112.11 0 126.305
      vertex -74.5 0 104
      vertex -112.245 0 125.979
    endloop
  endfacet
  facet normal 0 1 0
    outer loop
      vertex 74.5 0 104
      vertex 113.898 0 124.778
      vertex 114.25 0 124.75
    endloop
  endfacet
  facet normal 0 1 0
    outer loop
      vertex -112.245 0 125.979
      vertex -74.5 0 104
      vertex -112.43 0 125.677
    endloop
  endfacet
  facet normal 0 1 0
    outer loop
      vertex 114.25 0 129.25
      vertex 127 0 133.35
      vertex 121.75 0 129.25
    endloop
  endfacet
  facet normal 0 1 0
    outer loop
      vertex 127 0 133.35
      vertex 122.102 0 129.222
      vertex 121.75 0 129.25
    endloop
  endfacet
  facet normal 0 1 0
    outer loop
      vertex 127 0 133.35
      vertex 122.445 0 129.14
      vertex 122.102 0 129.222
    endloop
  endfacet
  facet normal 0 1 0
    outer loop
      vertex 127 0 133.35
      vertex 122.771 0 129.005
      vertex 122.445 0 129.14
    endloop
  endfacet
  facet normal 0 1 0
    outer loop
      vertex 127 0 133.35
      vertex 123.073 0 128.82
      vertex 122.771 0 129.005
    endloop
  endfacet
  facet normal 0 1 0
    outer loop
      vertex 127 0 133.35
      vertex 123.341 0 128.591
      vertex 123.073 0 128.82
    endloop
  endfacet
  facet normal 0 1 0
    outer loop
      vertex 127 0 133.35
      vertex 123.57 0 128.323
      vertex 123.341 0 128.591
    endloop
  endfacet
  facet normal 0 1 0
    outer loop
      vertex 127 0 133.35
      vertex 123.755 0 128.021
      vertex 123.57 0 128.323
    endloop
  endfacet
  facet normal 0 1 0
    outer loop
      vertex 127 0 133.35
      vertex 123.89 0 127.695
      vertex 123.755 0 128.021
    endloop
  endfacet
  facet normal 0 1 0
    outer loop
      vertex 127 0 133.35
      vertex 123.972 0 127.352
      vertex 123.89 0 127.695
    endloop
  endfacet
  facet normal 0 1 0
    outer loop
      vertex 127 0 133.35
      vertex 124 0 127
      vertex 123.972 0 127.352
    endloop
  endfacet
  facet normal 0 1 0
    outer loop
      vertex 127 0 133.35
      vertex 123.972 0 126.648
      vertex 124 0 127
    endloop
  endfacet
  facet normal 0 1 0
    outer loop
      vertex 127 0 133.35
      vertex 123.89 0 126.305
      vertex 123.972 0 126.648
    endloop
  endfacet
  facet normal 0 1 0
    outer loop
      vertex 127 0 133.35
      vertex 123.755 0 125.979
      vertex 123.89 0 126.305
    endloop
  endfacet
  facet normal 0 1 0
    outer loop
      vertex 74.5 0 104
      vertex 114.25 0 124.75
      vertex 121.75 0 124.75
    endloop
  endfacet
  facet normal 0 1 0
    outer loop
      vertex -112.43 0 125.677
      vertex -74.5 0 104
      vertex -112.659 0 125.409
    endloop
  endfacet
  facet normal 0 1 0
    outer loop
      vertex 112.245 0 128.021
      vertex 74.5 0 104
      vertex 71.5 0 104
    endloop
  endfacet
  facet normal 0 1 0
    outer loop
      vertex 121.75 0 8.6
      vertex 121.75 0 124.75
      vertex 122.102 0 124.778
    endloop
  endfacet
  facet normal 0 1 0
    outer loop
      vertex 122.102 0 8.5723
      vertex 122.102 0 124.778
      vertex 122.445 0 124.86
    endloop
  endfacet
  facet normal 0 1 0
    outer loop
      vertex 122.445 0 8.48988
      vertex 122.445 0 124.86
      vertex 122.771 0 124.995
    endloop
  endfacet
  facet normal 0 1 0
    outer loop
      vertex 121.75 0 124.75
      vertex 121.75 0 8.6
      vertex 74.5 0 104
    endloop
  endfacet
  facet normal 0 1 0
    outer loop
      vertex 122.771 0 8.35476
      vertex 122.771 0 124.995
      vertex 123.073 0 125.18
    endloop
  endfacet
  facet normal 0 1 0
    outer loop
      vertex 123.073 0 8.17029
      vertex 123.073 0 125.18
      vertex 123.341 0 125.409
    endloop
  endfacet
  facet normal 0 1 0
    outer loop
      vertex 123.341 0 7.94099
      vertex 123.341 0 125.409
      vertex 123.57 0 125.677
    endloop
  endfacet
  facet normal 0 1 0
    outer loop
      vertex 123.57 0 7.67252
      vertex 123.57 0 125.677
      vertex 123.755 0 125.979
    endloop
  endfacet
  facet normal 0 1 0
    outer loop
      vertex 123.755 0 7.37148
      vertex 123.755 0 125.979
      vertex 127 0 133.35
    endloop
  endfacet
  facet normal 0 1 0
    outer loop
      vertex 122.102 0 124.778
      vertex 122.102 0 8.5723
      vertex 121.75 0 8.6
    endloop
  endfacet
  facet normal 0 1 0
    outer loop
      vertex 122.445 0 124.86
      vertex 122.445 0 8.48988
      vertex 122.102 0 8.5723
    endloop
  endfacet
  facet normal 0 1 0
    outer loop
      vertex 122.771 0 124.995
      vertex 122.771 0 8.35476
      vertex 122.445 0 8.48988
    endloop
  endfacet
  facet normal 0 1 0
    outer loop
      vertex 123.073 0 125.18
      vertex 123.073 0 8.17029
      vertex 122.771 0 8.35476
    endloop
  endfacet
  facet normal 0 1 0
    outer loop
      vertex 123.341 0 125.409
      vertex 123.341 0 7.94099
      vertex 123.073 0 8.17029
    endloop
  endfacet
  facet normal 0 1 0
    outer loop
      vertex 123.57 0 125.677
      vertex 123.57 0 7.67252
      vertex 123.341 0 7.94099
    endloop
  endfacet
  facet normal 0 1 0
    outer loop
      vertex 123.755 0 125.979
      vertex 123.755 0 7.37148
      vertex 123.57 0 7.67252
    endloop
  endfacet
  facet normal 0 1 0
    outer loop
      vertex 127 0 133.35
      vertex 123.89 0 7.04529
      vertex 123.755 0 7.37148
    endloop
  endfacet
  facet normal 0 1 -0
    outer loop
      vertex 127 0 0
      vertex 123.89 0 7.04529
      vertex 127 0 133.35
    endloop
  endfacet
  facet normal 0 1 0
    outer loop
      vertex 123.89 0 7.04529
      vertex 127 0 0
      vertex 123.972 0 6.70198
    endloop
  endfacet
  facet normal 0 1 0
    outer loop
      vertex 121.75 0 4.1
      vertex 127 0 0
      vertex 114.25 0 4.1
    endloop
  endfacet
  facet normal 0 1 0
    outer loop
      vertex 122.102 0 4.1277
      vertex 127 0 0
      vertex 121.75 0 4.1
    endloop
  endfacet
  facet normal 0 1 0
    outer loop
      vertex 122.445 0 4.21012
      vertex 127 0 0
      vertex 122.102 0 4.1277
    endloop
  endfacet
  facet normal 0 1 0
    outer loop
      vertex 122.771 0 4.34523
      vertex 127 0 0
      vertex 122.445 0 4.21012
    endloop
  endfacet
  facet normal 0 1 0
    outer loop
      vertex 123.073 0 4.52971
      vertex 127 0 0
      vertex 122.771 0 4.34523
    endloop
  endfacet
  facet normal 0 1 0
    outer loop
      vertex 123.341 0 4.75901
      vertex 127 0 0
      vertex 123.073 0 4.52971
    endloop
  endfacet
  facet normal 0 1 0
    outer loop
      vertex 123.57 0 5.02748
      vertex 127 0 0
      vertex 123.341 0 4.75901
    endloop
  endfacet
  facet normal 0 1 0
    outer loop
      vertex 123.755 0 5.32852
      vertex 127 0 0
      vertex 123.57 0 5.02748
    endloop
  endfacet
  facet normal 0 1 0
    outer loop
      vertex 123.89 0 5.65471
      vertex 127 0 0
      vertex 123.755 0 5.32852
    endloop
  endfacet
  facet normal 0 1 0
    outer loop
      vertex 123.972 0 5.99802
      vertex 127 0 0
      vertex 123.89 0 5.65471
    endloop
  endfacet
  facet normal 0 1 0
    outer loop
      vertex 124 0 6.35
      vertex 127 0 0
      vertex 123.972 0 5.99802
    endloop
  endfacet
  facet normal 0 1 0
    outer loop
      vertex 123.972 0 6.70198
      vertex 127 0 0
      vertex 124 0 6.35
    endloop
  endfacet
  facet normal 0 1 0
    outer loop
      vertex 113.898 0 129.222
      vertex 127 0 133.35
      vertex 114.25 0 129.25
    endloop
  endfacet
  facet normal 0 1 0
    outer loop
      vertex 113.555 0 129.14
      vertex 127 0 133.35
      vertex 113.898 0 129.222
    endloop
  endfacet
  facet normal 0 1 -0
    outer loop
      vertex -121.75 0 129.25
      vertex -127 0 133.35
      vertex -114.25 0 129.25
    endloop
  endfacet
  facet normal 0 1 -0
    outer loop
      vertex -122.102 0 129.222
      vertex -127 0 133.35
      vertex -121.75 0 129.25
    endloop
  endfacet
  facet normal 0 1 -0
    outer loop
      vertex -122.445 0 129.14
      vertex -127 0 133.35
      vertex -122.102 0 129.222
    endloop
  endfacet
  facet normal 0 1 -0
    outer loop
      vertex -122.771 0 129.005
      vertex -127 0 133.35
      vertex -122.445 0 129.14
    endloop
  endfacet
  facet normal 0 1 -0
    outer loop
      vertex -123.073 0 128.82
      vertex -127 0 133.35
      vertex -122.771 0 129.005
    endloop
  endfacet
  facet normal 0 1 -0
    outer loop
      vertex -123.341 0 128.591
      vertex -127 0 133.35
      vertex -123.073 0 128.82
    endloop
  endfacet
  facet normal 0 1 -0
    outer loop
      vertex -123.57 0 128.323
      vertex -127 0 133.35
      vertex -123.341 0 128.591
    endloop
  endfacet
  facet normal 0 1 -0
    outer loop
      vertex -123.755 0 128.021
      vertex -127 0 133.35
      vertex -123.57 0 128.323
    endloop
  endfacet
  facet normal 0 1 -0
    outer loop
      vertex -123.89 0 127.695
      vertex -127 0 133.35
      vertex -123.755 0 128.021
    endloop
  endfacet
  facet normal 0 1 -0
    outer loop
      vertex -123.972 0 127.352
      vertex -127 0 133.35
      vertex -123.89 0 127.695
    endloop
  endfacet
  facet normal 0 1 -0
    outer loop
      vertex -124 0 127
      vertex -127 0 133.35
      vertex -123.972 0 127.352
    endloop
  endfacet
  facet normal 0 1 0
    outer loop
      vertex -123.972 0 126.648
      vertex -127 0 133.35
      vertex -124 0 127
    endloop
  endfacet
  facet normal 0 1 0
    outer loop
      vertex -123.89 0 126.305
      vertex -127 0 133.35
      vertex -123.972 0 126.648
    endloop
  endfacet
  facet normal 0 1 0
    outer loop
      vertex -123.755 0 125.979
      vertex -127 0 133.35
      vertex -123.89 0 126.305
    endloop
  endfacet
  facet normal 0 1 0
    outer loop
      vertex 112.43 0 128.323
      vertex 71.5 0 104
      vertex 38 0 104
    endloop
  endfacet
  facet normal 0 1 0
    outer loop
      vertex 112.927 0 128.82
      vertex 38 0 104
      vertex 35 0 104
    endloop
  endfacet
  facet normal 0 1 0
    outer loop
      vertex 113.229 0 129.005
      vertex 35 0 104
      vertex 1.5 0 104
    endloop
  endfacet
  facet normal 0 1 0
    outer loop
      vertex -112.659 0 125.409
      vertex -74.5 0 104
      vertex -112.927 0 125.18
    endloop
  endfacet
  facet normal 0 1 0
    outer loop
      vertex -112.927 0 125.18
      vertex -74.5 0 104
      vertex -113.229 0 124.995
    endloop
  endfacet
  facet normal 0 1 0
    outer loop
      vertex -113.229 0 124.995
      vertex -74.5 0 104
      vertex -113.555 0 124.86
    endloop
  endfacet
  facet normal 0 1 0
    outer loop
      vertex -113.555 0 124.86
      vertex -74.5 0 104
      vertex -113.898 0 124.778
    endloop
  endfacet
  facet normal 0 1 0
    outer loop
      vertex -113.898 0 124.778
      vertex -74.5 0 104
      vertex -114.25 0 124.75
    endloop
  endfacet
  facet normal 0 1 0
    outer loop
      vertex -114.25 0 124.75
      vertex -74.5 0 104
      vertex -121.75 0 124.75
    endloop
  endfacet
  facet normal 0 1 0
    outer loop
      vertex -121.75 0 8.6
      vertex -121.75 0 124.75
      vertex -74.5 0 104
    endloop
  endfacet
  facet normal 0 1 0
    outer loop
      vertex -121.75 0 124.75
      vertex -121.75 0 8.6
      vertex -122.102 0 124.778
    endloop
  endfacet
  facet normal 0 1 0
    outer loop
      vertex -122.102 0 8.5723
      vertex -122.102 0 124.778
      vertex -121.75 0 8.6
    endloop
  endfacet
  facet normal 0 1 0
    outer loop
      vertex -121.75 0 8.6
      vertex -74.5 0 104
      vertex -114.25 0 8.6
    endloop
  endfacet
  facet normal 0 1 0
    outer loop
      vertex -122.102 0 124.778
      vertex -122.102 0 8.5723
      vertex -122.445 0 124.86
    endloop
  endfacet
  facet normal 0 1 0
    outer loop
      vertex -122.445 0 8.48988
      vertex -122.445 0 124.86
      vertex -122.102 0 8.5723
    endloop
  endfacet
  facet normal 0 1 0
    outer loop
      vertex -122.445 0 124.86
      vertex -122.445 0 8.48988
      vertex -122.771 0 124.995
    endloop
  endfacet
  facet normal 0 1 0
    outer loop
      vertex -122.771 0 8.35476
      vertex -122.771 0 124.995
      vertex -122.445 0 8.48988
    endloop
  endfacet
  facet normal 0 1 0
    outer loop
      vertex -122.771 0 124.995
      vertex -122.771 0 8.35476
      vertex -123.073 0 125.18
    endloop
  endfacet
  facet normal 0 1 0
    outer loop
      vertex -123.073 0 8.17029
      vertex -123.073 0 125.18
      vertex -122.771 0 8.35476
    endloop
  endfacet
  facet normal 0 1 0
    outer loop
      vertex -123.073 0 125.18
      vertex -123.073 0 8.17029
      vertex -123.341 0 125.409
    endloop
  endfacet
  facet normal 0 1 0
    outer loop
      vertex -123.341 0 7.94099
      vertex -123.341 0 125.409
      vertex -123.073 0 8.17029
    endloop
  endfacet
  facet normal 0 1 0
    outer loop
      vertex -123.341 0 125.409
      vertex -123.341 0 7.94099
      vertex -123.57 0 125.677
    endloop
  endfacet
  facet normal 0 1 0
    outer loop
      vertex -123.57 0 7.67252
      vertex -123.57 0 125.677
      vertex -123.341 0 7.94099
    endloop
  endfacet
  facet normal 0 1 0
    outer loop
      vertex -123.57 0 125.677
      vertex -123.57 0 7.67252
      vertex -123.755 0 125.979
    endloop
  endfacet
  facet normal 0 1 0
    outer loop
      vertex -123.755 0 7.37148
      vertex -123.755 0 125.979
      vertex -123.57 0 7.67252
    endloop
  endfacet
  facet normal 0 1 0
    outer loop
      vertex -123.755 0 125.979
      vertex -123.755 0 7.37148
      vertex -127 0 133.35
    endloop
  endfacet
  facet normal 0 1 -0
    outer loop
      vertex -123.89 0 7.04529
      vertex -127 0 133.35
      vertex -123.755 0 7.37148
    endloop
  endfacet
  facet normal 0 1 0
    outer loop
      vertex -127 0 0
      vertex -123.89 0 7.04529
      vertex -123.972 0 6.70198
    endloop
  endfacet
  facet normal 0 1 0
    outer loop
      vertex -127 0 0
      vertex -123.972 0 6.70198
      vertex -124 0 6.35
    endloop
  endfacet
  facet normal 0 1 0
    outer loop
      vertex -114.25 0 4.1
      vertex -127 0 0
      vertex -121.75 0 4.1
    endloop
  endfacet
  facet normal 0 1 0
    outer loop
      vertex -123.89 0 7.04529
      vertex -127 0 0
      vertex -127 0 133.35
    endloop
  endfacet
  facet normal 0 1 0
    outer loop
      vertex -123.972 0 5.99802
      vertex -127 0 0
      vertex -124 0 6.35
    endloop
  endfacet
  facet normal 0 1 0
    outer loop
      vertex -123.89 0 5.65471
      vertex -127 0 0
      vertex -123.972 0 5.99802
    endloop
  endfacet
  facet normal 0 1 0
    outer loop
      vertex -123.755 0 5.32852
      vertex -127 0 0
      vertex -123.89 0 5.65471
    endloop
  endfacet
  facet normal 0 1 0
    outer loop
      vertex -123.57 0 5.02748
      vertex -127 0 0
      vertex -123.755 0 5.32852
    endloop
  endfacet
  facet normal 0 1 0
    outer loop
      vertex -123.341 0 4.75901
      vertex -127 0 0
      vertex -123.57 0 5.02748
    endloop
  endfacet
  facet normal 0 1 0
    outer loop
      vertex -123.073 0 4.52971
      vertex -127 0 0
      vertex -123.341 0 4.75901
    endloop
  endfacet
  facet normal 0 1 0
    outer loop
      vertex -122.771 0 4.34523
      vertex -127 0 0
      vertex -123.073 0 4.52971
    endloop
  endfacet
  facet normal 0 1 0
    outer loop
      vertex -122.445 0 4.21012
      vertex -127 0 0
      vertex -122.771 0 4.34523
    endloop
  endfacet
  facet normal 0 1 0
    outer loop
      vertex -122.102 0 4.1277
      vertex -127 0 0
      vertex -122.445 0 4.21012
    endloop
  endfacet
  facet normal 0 1 0
    outer loop
      vertex -121.75 0 4.1
      vertex -127 0 0
      vertex -122.102 0 4.1277
    endloop
  endfacet
  facet normal 0 1 -0
    outer loop
      vertex 44 0 100
      vertex 38 0 104
      vertex 65.5 0 100
    endloop
  endfacet
  facet normal 0 1 -0
    outer loop
      vertex 44 0 8
      vertex 38 0 104
      vertex 44 0 100
    endloop
  endfacet
  facet normal 0 1 0
    outer loop
      vertex 44 0 8
      vertex 38 0 4
      vertex 38 0 104
    endloop
  endfacet
  facet normal 0 1 0
    outer loop
      vertex 38 0 4
      vertex 44 0 8
      vertex 71.5 0 4
    endloop
  endfacet
  facet normal 0 1 -0
    outer loop
      vertex 7.5 0 100
      vertex 1.5 0 104
      vertex 29 0 100
    endloop
  endfacet
  facet normal 0 1 -0
    outer loop
      vertex 7.5 0 8
      vertex 1.5 0 104
      vertex 7.5 0 100
    endloop
  endfacet
  facet normal 0 1 0
    outer loop
      vertex 7.5 0 8
      vertex 1.5 0 4
      vertex 1.5 0 104
    endloop
  endfacet
  facet normal 0 1 0
    outer loop
      vertex 1.5 0 4
      vertex 7.5 0 8
      vertex 35 0 4
    endloop
  endfacet
  facet normal 0 1 -0
    outer loop
      vertex -29 0 100
      vertex -35 0 104
      vertex -7.5 0 100
    endloop
  endfacet
  facet normal 0 1 -0
    outer loop
      vertex -29 0 8
      vertex -35 0 104
      vertex -29 0 100
    endloop
  endfacet
  facet normal 0 1 0
    outer loop
      vertex -29 0 8
      vertex -35 0 4
      vertex -35 0 104
    endloop
  endfacet
  facet normal 0 1 0
    outer loop
      vertex -35 0 4
      vertex -29 0 8
      vertex -1.5 0 4
    endloop
  endfacet
  facet normal 0 1 -0
    outer loop
      vertex -65.5 0 100
      vertex -71.5 0 104
      vertex -44 0 100
    endloop
  endfacet
  facet normal 0 1 -0
    outer loop
      vertex -65.5 0 8
      vertex -71.5 0 104
      vertex -65.5 0 100
    endloop
  endfacet
  facet normal 0 1 0
    outer loop
      vertex -65.5 0 8
      vertex -71.5 0 4
      vertex -71.5 0 104
    endloop
  endfacet
  facet normal 0 1 0
    outer loop
      vertex -71.5 0 4
      vertex -65.5 0 8
      vertex -38 0 4
    endloop
  endfacet
  facet normal 0 1 -0
    outer loop
      vertex 114.25 0 8.6
      vertex 74.5 0 104
      vertex 121.75 0 8.6
    endloop
  endfacet
  facet normal 0 1 -0
    outer loop
      vertex 113.898 0 8.5723
      vertex 74.5 0 104
      vertex 114.25 0 8.6
    endloop
  endfacet
  facet normal 0 1 -0
    outer loop
      vertex 113.555 0 8.48988
      vertex 74.5 0 104
      vertex 113.898 0 8.5723
    endloop
  endfacet
  facet normal 0 1 -0
    outer loop
      vertex 113.229 0 8.35476
      vertex 74.5 0 104
      vertex 113.555 0 8.48988
    endloop
  endfacet
  facet normal 0 1 -0
    outer loop
      vertex 112.927 0 8.17029
      vertex 74.5 0 104
      vertex 113.229 0 8.35476
    endloop
  endfacet
  facet normal 0 1 0
    outer loop
      vertex 74.5 0 0
      vertex 112.927 0 8.17029
      vertex 112.659 0 7.94099
    endloop
  endfacet
  facet normal 0 1 0
    outer loop
      vertex 74.5 0 0
      vertex 112.659 0 7.94099
      vertex 112.43 0 7.67252
    endloop
  endfacet
  facet normal 0 1 0
    outer loop
      vertex 74.5 0 0
      vertex 112.43 0 7.67252
      vertex 112.245 0 7.37148
    endloop
  endfacet
  facet normal 0 1 0
    outer loop
      vertex 74.5 0 0
      vertex 112.245 0 7.37148
      vertex 112.11 0 7.04529
    endloop
  endfacet
  facet normal 0 1 0
    outer loop
      vertex 74.5 0 0
      vertex 112.11 0 7.04529
      vertex 112.028 0 6.70198
    endloop
  endfacet
  facet normal 0 1 0
    outer loop
      vertex 74.5 0 0
      vertex 112.028 0 6.70198
      vertex 112 0 6.35
    endloop
  endfacet
  facet normal 0 1 0
    outer loop
      vertex 74.5 0 0
      vertex 112 0 6.35
      vertex 112.028 0 5.99802
    endloop
  endfacet
  facet normal 0 1 0
    outer loop
      vertex 74.5 0 0
      vertex 112.028 0 5.99802
      vertex 112.11 0 5.65471
    endloop
  endfacet
  facet normal 0 1 0
    outer loop
      vertex 127 0 0
      vertex 113.898 0 4.1277
      vertex 114.25 0 4.1
    endloop
  endfacet
  facet normal 0 1 0
    outer loop
      vertex 74.5 0 0
      vertex 113.898 0 4.1277
      vertex 127 0 0
    endloop
  endfacet
  facet normal 0 1 0
    outer loop
      vertex 112.927 0 8.17029
      vertex 74.5 0 0
      vertex 74.5 0 104
    endloop
  endfacet
  facet normal 0 1 0
    outer loop
      vertex 112.245 0 5.32852
      vertex 74.5 0 0
      vertex 112.11 0 5.65471
    endloop
  endfacet
  facet normal 0 1 0
    outer loop
      vertex 112.43 0 5.02748
      vertex 74.5 0 0
      vertex 112.245 0 5.32852
    endloop
  endfacet
  facet normal 0 1 0
    outer loop
      vertex 112.659 0 4.75901
      vertex 74.5 0 0
      vertex 112.43 0 5.02748
    endloop
  endfacet
  facet normal 0 1 0
    outer loop
      vertex 112.927 0 4.52971
      vertex 74.5 0 0
      vertex 112.659 0 4.75901
    endloop
  endfacet
  facet normal 0 1 0
    outer loop
      vertex 113.229 0 4.34523
      vertex 74.5 0 0
      vertex 112.927 0 4.52971
    endloop
  endfacet
  facet normal 0 1 0
    outer loop
      vertex 113.555 0 4.21012
      vertex 74.5 0 0
      vertex 113.229 0 4.34523
    endloop
  endfacet
  facet normal 0 1 0
    outer loop
      vertex 113.898 0 4.1277
      vertex 74.5 0 0
      vertex 113.555 0 4.21012
    endloop
  endfacet
  facet normal 0 -1 0
    outer loop
      vertex 65.5 -3 100
      vertex 113.898 -3 8.5723
      vertex 114.25 -3 8.6
    endloop
  endfacet
  facet normal 0 -1 0
    outer loop
      vertex 65.5 -3 100
      vertex 113.555 -3 8.48988
      vertex 113.898 -3 8.5723
    endloop
  endfacet
  facet normal 0 -1 0
    outer loop
      vertex 65.5 -3 100
      vertex 113.229 -3 8.35476
      vertex 113.555 -3 8.48988
    endloop
  endfacet
  facet normal 0 -1 0
    outer loop
      vertex 65.5 -3 8
      vertex 113.229 -3 8.35476
      vertex 65.5 -3 100
    endloop
  endfacet
  facet normal 0 -1 0
    outer loop
      vertex 113.229 -3 8.35476
      vertex 65.5 -3 8
      vertex 112.927 -3 8.17029
    endloop
  endfacet
  facet normal 0 -1 0
    outer loop
      vertex 65.5 -3 8
      vertex 112.659 -3 7.94099
      vertex 112.927 -3 8.17029
    endloop
  endfacet
  facet normal 0 -1 0
    outer loop
      vertex -112.245 -3 7.37148
      vertex -65.5 -3 8
      vertex -112.43 -3 7.67252
    endloop
  endfacet
  facet normal 0 -1 0
    outer loop
      vertex -112.11 -3 7.04529
      vertex -65.5 -3 8
      vertex -112.245 -3 7.37148
    endloop
  endfacet
  facet normal 0 -1 0
    outer loop
      vertex 65.5 -3 8
      vertex 112.43 -3 7.67252
      vertex 112.659 -3 7.94099
    endloop
  endfacet
  facet normal 0 -1 0
    outer loop
      vertex -112.028 -3 6.70198
      vertex -65.5 -3 8
      vertex -112.11 -3 7.04529
    endloop
  endfacet
  facet normal 0 -1 0
    outer loop
      vertex 65.5 -3 8
      vertex 112.245 -3 7.37148
      vertex 112.43 -3 7.67252
    endloop
  endfacet
  facet normal 0 -1 0
    outer loop
      vertex -112 -3 6.35
      vertex -65.5 -3 8
      vertex -112.028 -3 6.70198
    endloop
  endfacet
  facet normal 0 -1 0
    outer loop
      vertex 65.5 -3 8
      vertex 112.11 -3 7.04529
      vertex 112.245 -3 7.37148
    endloop
  endfacet
  facet normal 0 -1 0
    outer loop
      vertex -112.028 -3 5.99802
      vertex -65.5 -3 8
      vertex -112 -3 6.35
    endloop
  endfacet
  facet normal 0 -1 0
    outer loop
      vertex 65.5 -3 8
      vertex 112.028 -3 6.70198
      vertex 112.11 -3 7.04529
    endloop
  endfacet
  facet normal 0 -1 0
    outer loop
      vertex -112.11 -3 5.65471
      vertex -65.5 -3 8
      vertex -112.028 -3 5.99802
    endloop
  endfacet
  facet normal 0 -1 0
    outer loop
      vertex 65.5 -3 8
      vertex 112 -3 6.35
      vertex 112.028 -3 6.70198
    endloop
  endfacet
  facet normal 0 -1 0
    outer loop
      vertex -112.245 -3 5.32852
      vertex -65.5 -3 8
      vertex -112.11 -3 5.65471
    endloop
  endfacet
  facet normal 0 -1 0
    outer loop
      vertex 65.5 -3 8
      vertex 112.028 -3 5.99802
      vertex 112 -3 6.35
    endloop
  endfacet
  facet normal 0 -1 0
    outer loop
      vertex -112.43 -3 5.02748
      vertex -65.5 -3 8
      vertex -112.245 -3 5.32852
    endloop
  endfacet
  facet normal 0 -1 0
    outer loop
      vertex 65.5 -3 8
      vertex 112.11 -3 5.65471
      vertex 112.028 -3 5.99802
    endloop
  endfacet
  facet normal 0 -1 0
    outer loop
      vertex -112.659 -3 4.75901
      vertex -65.5 -3 8
      vertex -112.43 -3 5.02748
    endloop
  endfacet
  facet normal 0 -1 0
    outer loop
      vertex 65.5 -3 8
      vertex 112.245 -3 5.32852
      vertex 112.11 -3 5.65471
    endloop
  endfacet
  facet normal 0 -1 0
    outer loop
      vertex -112.927 -3 4.52971
      vertex -65.5 -3 8
      vertex -112.659 -3 4.75901
    endloop
  endfacet
  facet normal 0 -1 0
    outer loop
      vertex 65.5 -3 8
      vertex 112.43 -3 5.02748
      vertex 112.245 -3 5.32852
    endloop
  endfacet
  facet normal 0 -1 0
    outer loop
      vertex -113.229 -3 4.34523
      vertex -65.5 -3 8
      vertex -112.927 -3 4.52971
    endloop
  endfacet
  facet normal 0 -1 0
    outer loop
      vertex 65.5 -3 8
      vertex 112.659 -3 4.75901
      vertex 112.43 -3 5.02748
    endloop
  endfacet
  facet normal 0 -1 0
    outer loop
      vertex -113.555 -3 4.21012
      vertex -65.5 -3 8
      vertex -113.229 -3 4.34523
    endloop
  endfacet
  facet normal 0 -1 0
    outer loop
      vertex 65.5 -3 8
      vertex 112.927 -3 4.52971
      vertex 112.659 -3 4.75901
    endloop
  endfacet
  facet normal 0 -1 0
    outer loop
      vertex -127 -3 0
      vertex -65.5 -3 8
      vertex -113.555 -3 4.21012
    endloop
  endfacet
  facet normal 0 -1 0
    outer loop
      vertex 65.5 -3 8
      vertex 113.229 -3 4.34523
      vertex 112.927 -3 4.52971
    endloop
  endfacet
  facet normal 0 -1 -0
    outer loop
      vertex -65.5 -3 8
      vertex -127 -3 0
      vertex 65.5 -3 8
    endloop
  endfacet
  facet normal 0 -1 0
    outer loop
      vertex 65.5 -3 8
      vertex 113.555 -3 4.21012
      vertex 113.229 -3 4.34523
    endloop
  endfacet
  facet normal 0 -1 0
    outer loop
      vertex -127 -3 0
      vertex -113.555 -3 4.21012
      vertex -113.898 -3 4.1277
    endloop
  endfacet
  facet normal 0 -1 0
    outer loop
      vertex 127 -3 0
      vertex 65.5 -3 8
      vertex -127 -3 0
    endloop
  endfacet
  facet normal 0 -1 0
    outer loop
      vertex -127 -3 0
      vertex -113.898 -3 4.1277
      vertex -114.25 -3 4.1
    endloop
  endfacet
  facet normal 0 -1 0
    outer loop
      vertex 65.5 -3 8
      vertex 127 -3 0
      vertex 113.555 -3 4.21012
    endloop
  endfacet
  facet normal 0 -1 0
    outer loop
      vertex 29 -3 8
      vertex 44 -3 100
      vertex 29 -3 100
    endloop
  endfacet
  facet normal 0 -1 -0
    outer loop
      vertex 44 -3 100
      vertex 29 -3 8
      vertex 44 -3 8
    endloop
  endfacet
  facet normal 0 -1 0
    outer loop
      vertex -7.5 -3 8
      vertex 7.5 -3 100
      vertex -7.5 -3 100
    endloop
  endfacet
  facet normal 0 -1 -0
    outer loop
      vertex 7.5 -3 100
      vertex -7.5 -3 8
      vertex 7.5 -3 8
    endloop
  endfacet
  facet normal 0 -1 0
    outer loop
      vertex -44 -3 8
      vertex -29 -3 100
      vertex -44 -3 100
    endloop
  endfacet
  facet normal 0 -1 -0
    outer loop
      vertex -29 -3 100
      vertex -44 -3 8
      vertex -29 -3 8
    endloop
  endfacet
  facet normal 0 -1 0
    outer loop
      vertex -127 -3 133.35
      vertex -113.555 -3 129.14
      vertex 127 -3 133.35
    endloop
  endfacet
  facet normal 0 -1 0
    outer loop
      vertex 127 -3 133.35
      vertex 113.898 -3 129.222
      vertex 114.25 -3 129.25
    endloop
  endfacet
  facet normal 0 -1 0
    outer loop
      vertex 113.555 -3 129.14
      vertex 127 -3 133.35
      vertex -113.555 -3 129.14
    endloop
  endfacet
  facet normal 0 -1 0
    outer loop
      vertex 127 -3 133.35
      vertex 113.555 -3 129.14
      vertex 113.898 -3 129.222
    endloop
  endfacet
  facet normal 0 -1 0
    outer loop
      vertex -113.229 -3 129.005
      vertex 113.555 -3 129.14
      vertex -113.555 -3 129.14
    endloop
  endfacet
  facet normal 0 -1 0
    outer loop
      vertex -113.229 -3 129.005
      vertex 113.229 -3 129.005
      vertex 113.555 -3 129.14
    endloop
  endfacet
  facet normal 0 -1 0
    outer loop
      vertex -7.5 -3 100
      vertex -113.229 -3 129.005
      vertex -112.927 -3 128.82
    endloop
  endfacet
  facet normal 0 -1 0
    outer loop
      vertex -113.229 -3 129.005
      vertex -7.5 -3 100
      vertex 113.229 -3 129.005
    endloop
  endfacet
  facet normal 0 -1 0
    outer loop
      vertex -29 -3 100
      vertex -112.927 -3 128.82
      vertex -112.659 -3 128.591
    endloop
  endfacet
  facet normal 0 -1 0
    outer loop
      vertex 7.5 -3 100
      vertex 113.229 -3 129.005
      vertex -7.5 -3 100
    endloop
  endfacet
  facet normal 0 -1 0
    outer loop
      vertex -44 -3 100
      vertex -112.659 -3 128.591
      vertex -112.43 -3 128.323
    endloop
  endfacet
  facet normal 0 -1 0
    outer loop
      vertex 113.229 -3 129.005
      vertex 7.5 -3 100
      vertex 112.927 -3 128.82
    endloop
  endfacet
  facet normal 0 -1 0
    outer loop
      vertex -65.5 -3 100
      vertex -112.43 -3 128.323
      vertex -112.245 -3 128.021
    endloop
  endfacet
  facet normal 0 -1 0
    outer loop
      vertex 29 -3 100
      vertex 112.927 -3 128.82
      vertex 7.5 -3 100
    endloop
  endfacet
  facet normal 0 -1 0
    outer loop
      vertex -65.5 -3 100
      vertex -112.245 -3 128.021
      vertex -112.11 -3 127.695
    endloop
  endfacet
  facet normal 0 -1 0
    outer loop
      vertex 112.927 -3 128.82
      vertex 29 -3 100
      vertex 112.659 -3 128.591
    endloop
  endfacet
  facet normal 0 -1 0
    outer loop
      vertex -65.5 -3 100
      vertex -112.11 -3 127.695
      vertex -112.028 -3 127.352
    endloop
  endfacet
  facet normal 0 -1 0
    outer loop
      vertex 44 -3 100
      vertex 112.659 -3 128.591
      vertex 29 -3 100
    endloop
  endfacet
  facet normal 0 -1 0
    outer loop
      vertex -65.5 -3 100
      vertex -112.028 -3 127.352
      vertex -112 -3 127
    endloop
  endfacet
  facet normal 0 -1 0
    outer loop
      vertex 112.659 -3 128.591
      vertex 44 -3 100
      vertex 112.43 -3 128.323
    endloop
  endfacet
  facet normal 0 -1 0
    outer loop
      vertex -65.5 -3 100
      vertex -112 -3 127
      vertex -112.028 -3 126.648
    endloop
  endfacet
  facet normal 0 -1 0
    outer loop
      vertex 65.5 -3 100
      vertex 112.43 -3 128.323
      vertex 44 -3 100
    endloop
  endfacet
  facet normal 0 -1 0
    outer loop
      vertex -65.5 -3 100
      vertex -112.028 -3 126.648
      vertex -112.11 -3 126.305
    endloop
  endfacet
  facet normal 0 -1 0
    outer loop
      vertex 112.43 -3 128.323
      vertex 65.5 -3 100
      vertex 112.245 -3 128.021
    endloop
  endfacet
  facet normal 0 -1 0
    outer loop
      vertex -65.5 -3 100
      vertex -112.11 -3 126.305
      vertex -112.245 -3 125.979
    endloop
  endfacet
  facet normal 0 -1 0
    outer loop
      vertex 112.245 -3 128.021
      vertex 65.5 -3 100
      vertex 112.11 -3 127.695
    endloop
  endfacet
  facet normal 0 -1 0
    outer loop
      vertex -65.5 -3 100
      vertex -112.245 -3 125.979
      vertex -112.43 -3 125.677
    endloop
  endfacet
  facet normal 0 -1 0
    outer loop
      vertex 112.11 -3 127.695
      vertex 65.5 -3 100
      vertex 112.028 -3 127.352
    endloop
  endfacet
  facet normal 0 -1 0
    outer loop
      vertex -65.5 -3 100
      vertex -112.43 -3 125.677
      vertex -112.659 -3 125.409
    endloop
  endfacet
  facet normal 0 -1 0
    outer loop
      vertex 112.028 -3 127.352
      vertex 65.5 -3 100
      vertex 112 -3 127
    endloop
  endfacet
  facet normal 0 -1 0
    outer loop
      vertex -65.5 -3 100
      vertex -112.659 -3 125.409
      vertex -112.927 -3 125.18
    endloop
  endfacet
  facet normal 0 -1 -0
    outer loop
      vertex 112 -3 127
      vertex 65.5 -3 100
      vertex 112.028 -3 126.648
    endloop
  endfacet
  facet normal 0 -1 0
    outer loop
      vertex -65.5 -3 100
      vertex -112.927 -3 125.18
      vertex -113.229 -3 124.995
    endloop
  endfacet
  facet normal 0 -1 -0
    outer loop
      vertex 112.028 -3 126.648
      vertex 65.5 -3 100
      vertex 112.11 -3 126.305
    endloop
  endfacet
  facet normal 0 -1 0
    outer loop
      vertex -65.5 -3 100
      vertex -113.229 -3 124.995
      vertex -113.555 -3 124.86
    endloop
  endfacet
  facet normal 0 -1 -0
    outer loop
      vertex 112.11 -3 126.305
      vertex 65.5 -3 100
      vertex 112.245 -3 125.979
    endloop
  endfacet
  facet normal 0 -1 0
    outer loop
      vertex -65.5 -3 100
      vertex -113.555 -3 124.86
      vertex -113.898 -3 124.778
    endloop
  endfacet
  facet normal 0 -1 -0
    outer loop
      vertex 112.245 -3 125.979
      vertex 65.5 -3 100
      vertex 112.43 -3 125.677
    endloop
  endfacet
  facet normal 0 -1 0
    outer loop
      vertex -65.5 -3 100
      vertex -113.898 -3 124.778
      vertex -114.25 -3 124.75
    endloop
  endfacet
  facet normal 0 -1 -0
    outer loop
      vertex 112.43 -3 125.677
      vertex 65.5 -3 100
      vertex 112.659 -3 125.409
    endloop
  endfacet
  facet normal 0 -1 0
    outer loop
      vertex -114.25 -3 129.25
      vertex -127 -3 133.35
      vertex -121.75 -3 129.25
    endloop
  endfacet
  facet normal 0 -1 0
    outer loop
      vertex -127 -3 133.35
      vertex -122.102 -3 129.222
      vertex -121.75 -3 129.25
    endloop
  endfacet
  facet normal 0 -1 0
    outer loop
      vertex -127 -3 133.35
      vertex -122.445 -3 129.14
      vertex -122.102 -3 129.222
    endloop
  endfacet
  facet normal 0 -1 0
    outer loop
      vertex -127 -3 133.35
      vertex -122.771 -3 129.005
      vertex -122.445 -3 129.14
    endloop
  endfacet
  facet normal 0 -1 0
    outer loop
      vertex -127 -3 133.35
      vertex -123.073 -3 128.82
      vertex -122.771 -3 129.005
    endloop
  endfacet
  facet normal 0 -1 0
    outer loop
      vertex -127 -3 133.35
      vertex -123.341 -3 128.591
      vertex -123.073 -3 128.82
    endloop
  endfacet
  facet normal 0 -1 0
    outer loop
      vertex -127 -3 133.35
      vertex -123.57 -3 128.323
      vertex -123.341 -3 128.591
    endloop
  endfacet
  facet normal 0 -1 0
    outer loop
      vertex -127 -3 133.35
      vertex -123.755 -3 128.021
      vertex -123.57 -3 128.323
    endloop
  endfacet
  facet normal 0 -1 0
    outer loop
      vertex -127 -3 133.35
      vertex -123.89 -3 127.695
      vertex -123.755 -3 128.021
    endloop
  endfacet
  facet normal 0 -1 0
    outer loop
      vertex -127 -3 133.35
      vertex -123.972 -3 127.352
      vertex -123.89 -3 127.695
    endloop
  endfacet
  facet normal 0 -1 0
    outer loop
      vertex -127 -3 133.35
      vertex -124 -3 127
      vertex -123.972 -3 127.352
    endloop
  endfacet
  facet normal 0 -1 0
    outer loop
      vertex -127 -3 133.35
      vertex -123.972 -3 126.648
      vertex -124 -3 127
    endloop
  endfacet
  facet normal 0 -1 0
    outer loop
      vertex -127 -3 133.35
      vertex -123.89 -3 126.305
      vertex -123.972 -3 126.648
    endloop
  endfacet
  facet normal 0 -1 0
    outer loop
      vertex -127 -3 133.35
      vertex -123.755 -3 125.979
      vertex -123.89 -3 126.305
    endloop
  endfacet
  facet normal 0 -1 0
    outer loop
      vertex -114.25 -3 8.6
      vertex -114.25 -3 124.75
      vertex -121.75 -3 124.75
    endloop
  endfacet
  facet normal 0 -1 -0
    outer loop
      vertex 112.659 -3 125.409
      vertex 65.5 -3 100
      vertex 112.927 -3 125.18
    endloop
  endfacet
  facet normal 0 -1 0
    outer loop
      vertex -112.43 -3 128.323
      vertex -65.5 -3 100
      vertex -44 -3 100
    endloop
  endfacet
  facet normal 0 -1 0
    outer loop
      vertex -121.75 -3 8.6
      vertex -121.75 -3 124.75
      vertex -122.102 -3 124.778
    endloop
  endfacet
  facet normal 0 -1 0
    outer loop
      vertex -122.102 -3 8.5723
      vertex -122.102 -3 124.778
      vertex -122.445 -3 124.86
    endloop
  endfacet
  facet normal 0 -1 0
    outer loop
      vertex -122.445 -3 8.48988
      vertex -122.445 -3 124.86
      vertex -122.771 -3 124.995
    endloop
  endfacet
  facet normal 0 -1 0
    outer loop
      vertex -121.75 -3 124.75
      vertex -121.75 -3 8.6
      vertex -114.25 -3 8.6
    endloop
  endfacet
  facet normal 0 -1 0
    outer loop
      vertex -122.771 -3 8.35476
      vertex -122.771 -3 124.995
      vertex -123.073 -3 125.18
    endloop
  endfacet
  facet normal 0 -1 0
    outer loop
      vertex -123.073 -3 8.17029
      vertex -123.073 -3 125.18
      vertex -123.341 -3 125.409
    endloop
  endfacet
  facet normal 0 -1 0
    outer loop
      vertex -123.341 -3 7.94099
      vertex -123.341 -3 125.409
      vertex -123.57 -3 125.677
    endloop
  endfacet
  facet normal 0 -1 0
    outer loop
      vertex -123.57 -3 7.67252
      vertex -123.57 -3 125.677
      vertex -123.755 -3 125.979
    endloop
  endfacet
  facet normal 0 -1 0
    outer loop
      vertex -123.755 -3 7.37148
      vertex -123.755 -3 125.979
      vertex -127 -3 133.35
    endloop
  endfacet
  facet normal 0 -1 0
    outer loop
      vertex -122.102 -3 124.778
      vertex -122.102 -3 8.5723
      vertex -121.75 -3 8.6
    endloop
  endfacet
  facet normal 0 -1 0
    outer loop
      vertex -122.445 -3 124.86
      vertex -122.445 -3 8.48988
      vertex -122.102 -3 8.5723
    endloop
  endfacet
  facet normal 0 -1 0
    outer loop
      vertex -122.771 -3 124.995
      vertex -122.771 -3 8.35476
      vertex -122.445 -3 8.48988
    endloop
  endfacet
  facet normal 0 -1 0
    outer loop
      vertex -123.073 -3 125.18
      vertex -123.073 -3 8.17029
      vertex -122.771 -3 8.35476
    endloop
  endfacet
  facet normal 0 -1 0
    outer loop
      vertex -123.341 -3 125.409
      vertex -123.341 -3 7.94099
      vertex -123.073 -3 8.17029
    endloop
  endfacet
  facet normal 0 -1 0
    outer loop
      vertex -123.57 -3 125.677
      vertex -123.57 -3 7.67252
      vertex -123.341 -3 7.94099
    endloop
  endfacet
  facet normal 0 -1 0
    outer loop
      vertex -123.755 -3 125.979
      vertex -123.755 -3 7.37148
      vertex -123.57 -3 7.67252
    endloop
  endfacet
  facet normal 0 -1 0
    outer loop
      vertex -127 -3 133.35
      vertex -123.89 -3 7.04529
      vertex -123.755 -3 7.37148
    endloop
  endfacet
  facet normal 0 -1 0
    outer loop
      vertex -127 -3 0
      vertex -123.89 -3 7.04529
      vertex -127 -3 133.35
    endloop
  endfacet
  facet normal 0 -1 0
    outer loop
      vertex -123.89 -3 7.04529
      vertex -127 -3 0
      vertex -123.972 -3 6.70198
    endloop
  endfacet
  facet normal 0 -1 0
    outer loop
      vertex -127 -3 0
      vertex -114.25 -3 4.1
      vertex -121.75 -3 4.1
    endloop
  endfacet
  facet normal 0 -1 0
    outer loop
      vertex 113.555 -3 4.21012
      vertex 127 -3 0
      vertex 113.898 -3 4.1277
    endloop
  endfacet
  facet normal 0 -1 0
    outer loop
      vertex 113.898 -3 4.1277
      vertex 127 -3 0
      vertex 114.25 -3 4.1
    endloop
  endfacet
  facet normal 0 -1 -0
    outer loop
      vertex -122.102 -3 4.1277
      vertex -127 -3 0
      vertex -121.75 -3 4.1
    endloop
  endfacet
  facet normal 0 -1 -0
    outer loop
      vertex -122.445 -3 4.21012
      vertex -127 -3 0
      vertex -122.102 -3 4.1277
    endloop
  endfacet
  facet normal 0 -1 -0
    outer loop
      vertex -122.771 -3 4.34523
      vertex -127 -3 0
      vertex -122.445 -3 4.21012
    endloop
  endfacet
  facet normal 0 -1 -0
    outer loop
      vertex -123.073 -3 4.52971
      vertex -127 -3 0
      vertex -122.771 -3 4.34523
    endloop
  endfacet
  facet normal 0 -1 -0
    outer loop
      vertex -123.341 -3 4.75901
      vertex -127 -3 0
      vertex -123.073 -3 4.52971
    endloop
  endfacet
  facet normal 0 -1 -0
    outer loop
      vertex -123.57 -3 5.02748
      vertex -127 -3 0
      vertex -123.341 -3 4.75901
    endloop
  endfacet
  facet normal 0 -1 -0
    outer loop
      vertex -123.755 -3 5.32852
      vertex -127 -3 0
      vertex -123.57 -3 5.02748
    endloop
  endfacet
  facet normal 0 -1 -0
    outer loop
      vertex -123.89 -3 5.65471
      vertex -127 -3 0
      vertex -123.755 -3 5.32852
    endloop
  endfacet
  facet normal 0 -1 -0
    outer loop
      vertex -123.972 -3 5.99802
      vertex -127 -3 0
      vertex -123.89 -3 5.65471
    endloop
  endfacet
  facet normal 0 -1 -0
    outer loop
      vertex -124 -3 6.35
      vertex -127 -3 0
      vertex -123.972 -3 5.99802
    endloop
  endfacet
  facet normal 0 -1 0
    outer loop
      vertex -123.972 -3 6.70198
      vertex -127 -3 0
      vertex -124 -3 6.35
    endloop
  endfacet
  facet normal 0 -1 0
    outer loop
      vertex -113.898 -3 129.222
      vertex -127 -3 133.35
      vertex -114.25 -3 129.25
    endloop
  endfacet
  facet normal 0 -1 0
    outer loop
      vertex -113.555 -3 129.14
      vertex -127 -3 133.35
      vertex -113.898 -3 129.222
    endloop
  endfacet
  facet normal 0 -1 0
    outer loop
      vertex 121.75 -3 129.25
      vertex 127 -3 133.35
      vertex 114.25 -3 129.25
    endloop
  endfacet
  facet normal 0 -1 0
    outer loop
      vertex 122.102 -3 129.222
      vertex 127 -3 133.35
      vertex 121.75 -3 129.25
    endloop
  endfacet
  facet normal 0 -1 0
    outer loop
      vertex 122.445 -3 129.14
      vertex 127 -3 133.35
      vertex 122.102 -3 129.222
    endloop
  endfacet
  facet normal 0 -1 0
    outer loop
      vertex 122.771 -3 129.005
      vertex 127 -3 133.35
      vertex 122.445 -3 129.14
    endloop
  endfacet
  facet normal 0 -1 0
    outer loop
      vertex 123.073 -3 128.82
      vertex 127 -3 133.35
      vertex 122.771 -3 129.005
    endloop
  endfacet
  facet normal 0 -1 0
    outer loop
      vertex 123.341 -3 128.591
      vertex 127 -3 133.35
      vertex 123.073 -3 128.82
    endloop
  endfacet
  facet normal 0 -1 0
    outer loop
      vertex 123.57 -3 128.323
      vertex 127 -3 133.35
      vertex 123.341 -3 128.591
    endloop
  endfacet
  facet normal 0 -1 0
    outer loop
      vertex 123.755 -3 128.021
      vertex 127 -3 133.35
      vertex 123.57 -3 128.323
    endloop
  endfacet
  facet normal 0 -1 0
    outer loop
      vertex 123.89 -3 127.695
      vertex 127 -3 133.35
      vertex 123.755 -3 128.021
    endloop
  endfacet
  facet normal 0 -1 0
    outer loop
      vertex 123.972 -3 127.352
      vertex 127 -3 133.35
      vertex 123.89 -3 127.695
    endloop
  endfacet
  facet normal 0 -1 0
    outer loop
      vertex 124 -3 127
      vertex 127 -3 133.35
      vertex 123.972 -3 127.352
    endloop
  endfacet
  facet normal 0 -1 0
    outer loop
      vertex 123.972 -3 126.648
      vertex 127 -3 133.35
      vertex 124 -3 127
    endloop
  endfacet
  facet normal 0 -1 0
    outer loop
      vertex 123.89 -3 126.305
      vertex 127 -3 133.35
      vertex 123.972 -3 126.648
    endloop
  endfacet
  facet normal 0 -1 0
    outer loop
      vertex 123.755 -3 125.979
      vertex 127 -3 133.35
      vertex 123.89 -3 126.305
    endloop
  endfacet
  facet normal 0 -1 0
    outer loop
      vertex -112.659 -3 128.591
      vertex -44 -3 100
      vertex -29 -3 100
    endloop
  endfacet
  facet normal 0 -1 0
    outer loop
      vertex -112.927 -3 128.82
      vertex -29 -3 100
      vertex -7.5 -3 100
    endloop
  endfacet
  facet normal 0 -1 -0
    outer loop
      vertex 112.927 -3 125.18
      vertex 65.5 -3 100
      vertex 113.229 -3 124.995
    endloop
  endfacet
  facet normal 0 -1 -0
    outer loop
      vertex 113.229 -3 124.995
      vertex 65.5 -3 100
      vertex 113.555 -3 124.86
    endloop
  endfacet
  facet normal 0 -1 -0
    outer loop
      vertex 113.555 -3 124.86
      vertex 65.5 -3 100
      vertex 113.898 -3 124.778
    endloop
  endfacet
  facet normal 0 -1 -0
    outer loop
      vertex 113.898 -3 124.778
      vertex 65.5 -3 100
      vertex 114.25 -3 124.75
    endloop
  endfacet
  facet normal 0 -1 0
    outer loop
      vertex 114.25 -3 8.6
      vertex 114.25 -3 124.75
      vertex 65.5 -3 100
    endloop
  endfacet
  facet normal 0 -1 0
    outer loop
      vertex 114.25 -3 124.75
      vertex 114.25 -3 8.6
      vertex 121.75 -3 124.75
    endloop
  endfacet
  facet normal 0 -1 0
    outer loop
      vertex 121.75 -3 8.6
      vertex 121.75 -3 124.75
      vertex 114.25 -3 8.6
    endloop
  endfacet
  facet normal 0 -1 0
    outer loop
      vertex 121.75 -3 124.75
      vertex 121.75 -3 8.6
      vertex 122.102 -3 124.778
    endloop
  endfacet
  facet normal 0 -1 0
    outer loop
      vertex 122.102 -3 8.5723
      vertex 122.102 -3 124.778
      vertex 121.75 -3 8.6
    endloop
  endfacet
  facet normal 0 -1 0
    outer loop
      vertex 122.102 -3 124.778
      vertex 122.102 -3 8.5723
      vertex 122.445 -3 124.86
    endloop
  endfacet
  facet normal 0 -1 0
    outer loop
      vertex 122.445 -3 8.48988
      vertex 122.445 -3 124.86
      vertex 122.102 -3 8.5723
    endloop
  endfacet
  facet normal 0 -1 0
    outer loop
      vertex 122.445 -3 124.86
      vertex 122.445 -3 8.48988
      vertex 122.771 -3 124.995
    endloop
  endfacet
  facet normal 0 -1 0
    outer loop
      vertex 122.771 -3 8.35476
      vertex 122.771 -3 124.995
      vertex 122.445 -3 8.48988
    endloop
  endfacet
  facet normal 0 -1 0
    outer loop
      vertex 122.771 -3 124.995
      vertex 122.771 -3 8.35476
      vertex 123.073 -3 125.18
    endloop
  endfacet
  facet normal 0 -1 0
    outer loop
      vertex 123.073 -3 8.17029
      vertex 123.073 -3 125.18
      vertex 122.771 -3 8.35476
    endloop
  endfacet
  facet normal 0 -1 0
    outer loop
      vertex 123.073 -3 125.18
      vertex 123.073 -3 8.17029
      vertex 123.341 -3 125.409
    endloop
  endfacet
  facet normal 0 -1 0
    outer loop
      vertex 123.341 -3 7.94099
      vertex 123.341 -3 125.409
      vertex 123.073 -3 8.17029
    endloop
  endfacet
  facet normal 0 -1 0
    outer loop
      vertex 123.341 -3 125.409
      vertex 123.341 -3 7.94099
      vertex 123.57 -3 125.677
    endloop
  endfacet
  facet normal 0 -1 0
    outer loop
      vertex 123.57 -3 7.67252
      vertex 123.57 -3 125.677
      vertex 123.341 -3 7.94099
    endloop
  endfacet
  facet normal 0 -1 0
    outer loop
      vertex 123.57 -3 125.677
      vertex 123.57 -3 7.67252
      vertex 123.755 -3 125.979
    endloop
  endfacet
  facet normal 0 -1 0
    outer loop
      vertex 123.755 -3 7.37148
      vertex 123.755 -3 125.979
      vertex 123.57 -3 7.67252
    endloop
  endfacet
  facet normal 0 -1 0
    outer loop
      vertex 123.755 -3 125.979
      vertex 123.755 -3 7.37148
      vertex 127 -3 133.35
    endloop
  endfacet
  facet normal 0 -1 0
    outer loop
      vertex 123.89 -3 7.04529
      vertex 127 -3 133.35
      vertex 123.755 -3 7.37148
    endloop
  endfacet
  facet normal 0 -1 0
    outer loop
      vertex 127 -3 0
      vertex 123.89 -3 7.04529
      vertex 123.972 -3 6.70198
    endloop
  endfacet
  facet normal 0 -1 0
    outer loop
      vertex 127 -3 0
      vertex 123.972 -3 6.70198
      vertex 124 -3 6.35
    endloop
  endfacet
  facet normal 0 -1 0
    outer loop
      vertex 123.89 -3 7.04529
      vertex 127 -3 0
      vertex 127 -3 133.35
    endloop
  endfacet
  facet normal 0 -1 0
    outer loop
      vertex 123.972 -3 5.99802
      vertex 127 -3 0
      vertex 124 -3 6.35
    endloop
  endfacet
  facet normal 0 -1 0
    outer loop
      vertex 123.89 -3 5.65471
      vertex 127 -3 0
      vertex 123.972 -3 5.99802
    endloop
  endfacet
  facet normal 0 -1 0
    outer loop
      vertex 123.755 -3 5.32852
      vertex 127 -3 0
      vertex 123.89 -3 5.65471
    endloop
  endfacet
  facet normal 0 -1 0
    outer loop
      vertex 123.57 -3 5.02748
      vertex 127 -3 0
      vertex 123.755 -3 5.32852
    endloop
  endfacet
  facet normal 0 -1 0
    outer loop
      vertex 123.341 -3 4.75901
      vertex 127 -3 0
      vertex 123.57 -3 5.02748
    endloop
  endfacet
  facet normal 0 -1 0
    outer loop
      vertex 123.073 -3 4.52971
      vertex 127 -3 0
      vertex 123.341 -3 4.75901
    endloop
  endfacet
  facet normal 0 -1 0
    outer loop
      vertex 122.771 -3 4.34523
      vertex 127 -3 0
      vertex 123.073 -3 4.52971
    endloop
  endfacet
  facet normal 0 -1 0
    outer loop
      vertex 122.445 -3 4.21012
      vertex 127 -3 0
      vertex 122.771 -3 4.34523
    endloop
  endfacet
  facet normal 0 -1 0
    outer loop
      vertex 122.102 -3 4.1277
      vertex 127 -3 0
      vertex 122.445 -3 4.21012
    endloop
  endfacet
  facet normal 0 -1 0
    outer loop
      vertex 121.75 -3 4.1
      vertex 127 -3 0
      vertex 122.102 -3 4.1277
    endloop
  endfacet
  facet normal 0 -1 0
    outer loop
      vertex 114.25 -3 4.1
      vertex 127 -3 0
      vertex 121.75 -3 4.1
    endloop
  endfacet
  facet normal 0 -1 0
    outer loop
      vertex -114.25 -3 124.75
      vertex -114.25 -3 8.6
      vertex -65.5 -3 100
    endloop
  endfacet
  facet normal 0 -1 0
    outer loop
      vertex -113.898 -3 8.5723
      vertex -65.5 -3 100
      vertex -114.25 -3 8.6
    endloop
  endfacet
  facet normal 0 -1 0
    outer loop
      vertex -113.555 -3 8.48988
      vertex -65.5 -3 100
      vertex -113.898 -3 8.5723
    endloop
  endfacet
  facet normal 0 -1 0
    outer loop
      vertex -113.229 -3 8.35476
      vertex -65.5 -3 100
      vertex -113.555 -3 8.48988
    endloop
  endfacet
  facet normal 0 -1 0
    outer loop
      vertex -65.5 -3 8
      vertex -113.229 -3 8.35476
      vertex -112.927 -3 8.17029
    endloop
  endfacet
  facet normal 0 -1 0
    outer loop
      vertex -113.229 -3 8.35476
      vertex -65.5 -3 8
      vertex -65.5 -3 100
    endloop
  endfacet
  facet normal 0 0 0
    outer loop
      vertex -65.5 -3 8
      vertex -29 -3 8
      vertex -44 -3 8
    endloop
  endfacet
  facet normal 0 0 0
    outer loop
      vertex -65.5 -3 8
      vertex -7.5 -3 8
      vertex -29 -3 8
    endloop
  endfacet
  facet normal 0 0 0
    outer loop
      vertex -65.5 -3 8
      vertex 7.5 -3 8
      vertex -7.5 -3 8
    endloop
  endfacet
  facet normal 0 0 0
    outer loop
      vertex -65.5 -3 8
      vertex 29 -3 8
      vertex 7.5 -3 8
    endloop
  endfacet
  facet normal 0 0 0
    outer loop
      vertex -65.5 -3 8
      vertex 44 -3 8
      vertex 29 -3 8
    endloop
  endfacet
  facet normal 0 0 0
    outer loop
      vertex -65.5 -3 8
      vertex 65.5 -3 8
      vertex 44 -3 8
    endloop
  endfacet
  facet normal 0 -1 0
    outer loop
      vertex -112.43 -3 7.67252
      vertex -65.5 -3 8
      vertex -112.659 -3 7.94099
    endloop
  endfacet
  facet normal 0 -1 0
    outer loop
      vertex -112.659 -3 7.94099
      vertex -65.5 -3 8
      vertex -112.927 -3 8.17029
    endloop
  endfacet
  facet normal -1 0 0
    outer loop
      vertex -45 5 0
      vertex -45 97 4
      vertex -45 97 0
    endloop
  endfacet
  facet normal -1 -0 0
    outer loop
      vertex -45 97 4
      vertex -45 5 0
      vertex -45 5 4
    endloop
  endfacet
  facet normal 1 -0 0
    outer loop
      vertex -64.5 5 4
      vertex -64.5 97 0
      vertex -64.5 97 4
    endloop
  endfacet
  facet normal 1 0 0
    outer loop
      vertex -64.5 97 0
      vertex -64.5 5 4
      vertex -64.5 5 0
    endloop
  endfacet
  facet normal 0 -1 0
    outer loop
      vertex -64.5 97 0
      vertex -45 97 4
      vertex -64.5 97 4
    endloop
  endfacet
  facet normal 0 -1 -0
    outer loop
      vertex -45 97 4
      vertex -64.5 97 0
      vertex -45 97 0
    endloop
  endfacet
  facet normal 0 1 -0
    outer loop
      vertex -45 5 0
      vertex -64.5 5 4
      vertex -45 5 4
    endloop
  endfacet
  facet normal 0 1 0
    outer loop
      vertex -64.5 5 4
      vertex -45 5 0
      vertex -64.5 5 0
    endloop
  endfacet
  facet normal -1 0 0
    outer loop
      vertex -8.5 5 0
      vertex -8.5 97 4
      vertex -8.5 97 0
    endloop
  endfacet
  facet normal -1 -0 0
    outer loop
      vertex -8.5 97 4
      vertex -8.5 5 0
      vertex -8.5 5 4
    endloop
  endfacet
  facet normal 1 -0 0
    outer loop
      vertex -28 5 4
      vertex -28 97 0
      vertex -28 97 4
    endloop
  endfacet
  facet normal 1 0 0
    outer loop
      vertex -28 97 0
      vertex -28 5 4
      vertex -28 5 0
    endloop
  endfacet
  facet normal 0 -1 0
    outer loop
      vertex -28 97 0
      vertex -8.5 97 4
      vertex -28 97 4
    endloop
  endfacet
  facet normal 0 -1 -0
    outer loop
      vertex -8.5 97 4
      vertex -28 97 0
      vertex -8.5 97 0
    endloop
  endfacet
  facet normal 0 1 -0
    outer loop
      vertex -8.5 5 0
      vertex -28 5 4
      vertex -8.5 5 4
    endloop
  endfacet
  facet normal 0 1 0
    outer loop
      vertex -28 5 4
      vertex -8.5 5 0
      vertex -28 5 0
    endloop
  endfacet
  facet normal -1 0 0
    outer loop
      vertex 28 5 0
      vertex 28 97 4
      vertex 28 97 0
    endloop
  endfacet
  facet normal -1 -0 0
    outer loop
      vertex 28 97 4
      vertex 28 5 0
      vertex 28 5 4
    endloop
  endfacet
  facet normal 1 -0 0
    outer loop
      vertex 8.5 5 4
      vertex 8.5 97 0
      vertex 8.5 97 4
    endloop
  endfacet
  facet normal 1 0 0
    outer loop
      vertex 8.5 97 0
      vertex 8.5 5 4
      vertex 8.5 5 0
    endloop
  endfacet
  facet normal 0 -1 0
    outer loop
      vertex 8.5 97 0
      vertex 28 97 4
      vertex 8.5 97 4
    endloop
  endfacet
  facet normal 0 -1 -0
    outer loop
      vertex 28 97 4
      vertex 8.5 97 0
      vertex 28 97 0
    endloop
  endfacet
  facet normal 0 1 -0
    outer loop
      vertex 28 5 0
      vertex 8.5 5 4
      vertex 28 5 4
    endloop
  endfacet
  facet normal 0 1 0
    outer loop
      vertex 8.5 5 4
      vertex 28 5 0
      vertex 8.5 5 0
    endloop
  endfacet
  facet normal -1 0 0
    outer loop
      vertex 64.5 5 0
      vertex 64.5 97 4
      vertex 64.5 97 0
    endloop
  endfacet
  facet normal -1 -0 0
    outer loop
      vertex 64.5 97 4
      vertex 64.5 5 0
      vertex 64.5 5 4
    endloop
  endfacet
  facet normal 1 -0 0
    outer loop
      vertex 45 5 4
      vertex 45 97 0
      vertex 45 97 4
    endloop
  endfacet
  facet normal 1 0 0
    outer loop
      vertex 45 97 0
      vertex 45 5 4
      vertex 45 5 0
    endloop
  endfacet
  facet normal 0 -1 0
    outer loop
      vertex 45 97 0
      vertex 64.5 97 4
      vertex 45 97 4
    endloop
  endfacet
  facet normal 0 -1 -0
    outer loop
      vertex 64.5 97 4
      vertex 45 97 0
      vertex 64.5 97 0
    endloop
  endfacet
  facet normal 0 1 -0
    outer loop
      vertex 64.5 5 0
      vertex 45 5 4
      vertex 64.5 5 4
    endloop
  endfacet
  facet normal 0 1 0
    outer loop
      vertex 45 5 4
      vertex 64.5 5 0
      vertex 45 5 0
    endloop
  endfacet
  facet normal 1 0 0
    outer loop
      vertex 74.5 78.54 12
      vertex 74.5 102 104
      vertex 74.5 78.54 96
    endloop
  endfacet
  facet normal 1 0 0
    outer loop
      vertex 74.5 102 104
      vertex 74.5 68.34 96
      vertex 74.5 78.54 96
    endloop
  endfacet
  facet normal 1 0 0
    outer loop
      vertex 74.5 68.34 96
      vertex 74.5 61.2 96
      vertex 74.5 68.34 12
    endloop
  endfacet
  facet normal 1 0 0
    outer loop
      vertex 74.5 102 104
      vertex 74.5 61.2 96
      vertex 74.5 68.34 96
    endloop
  endfacet
  facet normal 1 0 0
    outer loop
      vertex 74.5 102 104
      vertex 74.5 51 96
      vertex 74.5 61.2 96
    endloop
  endfacet
  facet normal 1 0 0
    outer loop
      vertex 74.5 51 96
      vertex 74.5 43.86 96
      vertex 74.5 51 12
    endloop
  endfacet
  facet normal 1 -0 0
    outer loop
      vertex 74.5 0 104
      vertex 74.5 51 96
      vertex 74.5 102 104
    endloop
  endfacet
  facet normal 1 0 0
    outer loop
      vertex 74.5 51 96
      vertex 74.5 0 104
      vertex 74.5 43.86 96
    endloop
  endfacet
  facet normal 1 0 0
    outer loop
      vertex 74.5 33.66 96
      vertex 74.5 26.52 96
      vertex 74.5 33.66 12
    endloop
  endfacet
  facet normal 1 0 0
    outer loop
      vertex 74.5 43.86 96
      vertex 74.5 0 104
      vertex 74.5 33.66 96
    endloop
  endfacet
  facet normal 1 0 0
    outer loop
      vertex 74.5 33.66 96
      vertex 74.5 0 104
      vertex 74.5 26.52 96
    endloop
  endfacet
  facet normal 1 0 0
    outer loop
      vertex 74.5 16.32 96
      vertex 74.5 0 104
      vertex 74.5 16.32 12
    endloop
  endfacet
  facet normal 1 0 0
    outer loop
      vertex 74.5 26.52 96
      vertex 74.5 0 104
      vertex 74.5 16.32 96
    endloop
  endfacet
  facet normal 1 0 0
    outer loop
      vertex 74.5 102 104
      vertex 74.5 78.54 12
      vertex 74.5 102 0
    endloop
  endfacet
  facet normal 1 -0 0
    outer loop
      vertex 74.5 68.34 12
      vertex 74.5 102 0
      vertex 74.5 78.54 12
    endloop
  endfacet
  facet normal 1 0 0
    outer loop
      vertex 74.5 61.2 12
      vertex 74.5 68.34 12
      vertex 74.5 61.2 96
    endloop
  endfacet
  facet normal 1 -0 0
    outer loop
      vertex 74.5 61.2 12
      vertex 74.5 102 0
      vertex 74.5 68.34 12
    endloop
  endfacet
  facet normal 1 -0 0
    outer loop
      vertex 74.5 51 12
      vertex 74.5 102 0
      vertex 74.5 61.2 12
    endloop
  endfacet
  facet normal 1 0 0
    outer loop
      vertex 74.5 43.86 12
      vertex 74.5 51 12
      vertex 74.5 43.86 96
    endloop
  endfacet
  facet normal 1 0 0
    outer loop
      vertex 74.5 0 0
      vertex 74.5 51 12
      vertex 74.5 43.86 12
    endloop
  endfacet
  facet normal 1 0 0
    outer loop
      vertex 74.5 0 0
      vertex 74.5 43.86 12
      vertex 74.5 33.66 12
    endloop
  endfacet
  facet normal 1 0 0
    outer loop
      vertex 74.5 26.52 12
      vertex 74.5 33.66 12
      vertex 74.5 26.52 96
    endloop
  endfacet
  facet normal 1 0 0
    outer loop
      vertex 74.5 0 0
      vertex 74.5 33.66 12
      vertex 74.5 26.52 12
    endloop
  endfacet
  facet normal 1 0 0
    outer loop
      vertex 74.5 0 0
      vertex 74.5 26.52 12
      vertex 74.5 16.32 12
    endloop
  endfacet
  facet normal 1 0 0
    outer loop
      vertex 74.5 51 12
      vertex 74.5 0 0
      vertex 74.5 102 0
    endloop
  endfacet
  facet normal 1 0 0
    outer loop
      vertex 74.5 0 0
      vertex 74.5 16.32 12
      vertex 74.5 0 104
    endloop
  endfacet
  facet normal 0 0 1
    outer loop
      vertex -38 102 4
      vertex -45 97 4
      vertex -38 0 4
    endloop
  endfacet
  facet normal 0 0 1
    outer loop
      vertex -38 102 4
      vertex -64.5 97 4
      vertex -45 97 4
    endloop
  endfacet
  facet normal 0 0 1
    outer loop
      vertex -64.5 97 4
      vertex -71.5 102 4
      vertex -64.5 5 4
    endloop
  endfacet
  facet normal -0 0 1
    outer loop
      vertex -71.5 102 4
      vertex -64.5 97 4
      vertex -38 102 4
    endloop
  endfacet
  facet normal -0 0 1
    outer loop
      vertex -45 5 4
      vertex -38 0 4
      vertex -45 97 4
    endloop
  endfacet
  facet normal -0 0 1
    outer loop
      vertex -64.5 5 4
      vertex -38 0 4
      vertex -45 5 4
    endloop
  endfacet
  facet normal 0 0 1
    outer loop
      vertex -64.5 5 4
      vertex -71.5 0 4
      vertex -38 0 4
    endloop
  endfacet
  facet normal 0 0 1
    outer loop
      vertex -71.5 0 4
      vertex -64.5 5 4
      vertex -71.5 102 4
    endloop
  endfacet
  facet normal 0 0 1
    outer loop
      vertex -1.5 102 4
      vertex -8.5 97 4
      vertex -1.5 0 4
    endloop
  endfacet
  facet normal 0 0 1
    outer loop
      vertex -1.5 102 4
      vertex -28 97 4
      vertex -8.5 97 4
    endloop
  endfacet
  facet normal 0 0 1
    outer loop
      vertex -28 97 4
      vertex -35 102 4
      vertex -28 5 4
    endloop
  endfacet
  facet normal -0 0 1
    outer loop
      vertex -35 102 4
      vertex -28 97 4
      vertex -1.5 102 4
    endloop
  endfacet
  facet normal -0 0 1
    outer loop
      vertex -8.5 5 4
      vertex -1.5 0 4
      vertex -8.5 97 4
    endloop
  endfacet
  facet normal -0 0 1
    outer loop
      vertex -28 5 4
      vertex -1.5 0 4
      vertex -8.5 5 4
    endloop
  endfacet
  facet normal 0 0 1
    outer loop
      vertex -28 5 4
      vertex -35 0 4
      vertex -1.5 0 4
    endloop
  endfacet
  facet normal 0 0 1
    outer loop
      vertex -35 0 4
      vertex -28 5 4
      vertex -35 102 4
    endloop
  endfacet
  facet normal 0 0 1
    outer loop
      vertex 35 102 4
      vertex 28 97 4
      vertex 35 0 4
    endloop
  endfacet
  facet normal 0 0 1
    outer loop
      vertex 35 102 4
      vertex 8.5 97 4
      vertex 28 97 4
    endloop
  endfacet
  facet normal 0 0 1
    outer loop
      vertex 8.5 97 4
      vertex 1.5 102 4
      vertex 8.5 5 4
    endloop
  endfacet
  facet normal -0 0 1
    outer loop
      vertex 1.5 102 4
      vertex 8.5 97 4
      vertex 35 102 4
    endloop
  endfacet
  facet normal -0 0 1
    outer loop
      vertex 28 5 4
      vertex 35 0 4
      vertex 28 97 4
    endloop
  endfacet
  facet normal -0 0 1
    outer loop
      vertex 8.5 5 4
      vertex 35 0 4
      vertex 28 5 4
    endloop
  endfacet
  facet normal 0 0 1
    outer loop
      vertex 8.5 5 4
      vertex 1.5 0 4
      vertex 35 0 4
    endloop
  endfacet
  facet normal 0 0 1
    outer loop
      vertex 1.5 0 4
      vertex 8.5 5 4
      vertex 1.5 102 4
    endloop
  endfacet
  facet normal 0 0 1
    outer loop
      vertex 71.5 102 4
      vertex 64.5 97 4
      vertex 71.5 0 4
    endloop
  endfacet
  facet normal 0 0 1
    outer loop
      vertex 71.5 102 4
      vertex 45 97 4
      vertex 64.5 97 4
    endloop
  endfacet
  facet normal 0 0 1
    outer loop
      vertex 45 97 4
      vertex 38 102 4
      vertex 45 5 4
    endloop
  endfacet
  facet normal -0 0 1
    outer loop
      vertex 38 102 4
      vertex 45 97 4
      vertex 71.5 102 4
    endloop
  endfacet
  facet normal -0 0 1
    outer loop
      vertex 64.5 5 4
      vertex 71.5 0 4
      vertex 64.5 97 4
    endloop
  endfacet
  facet normal -0 0 1
    outer loop
      vertex 45 5 4
      vertex 71.5 0 4
      vertex 64.5 5 4
    endloop
  endfacet
  facet normal 0 0 1
    outer loop
      vertex 45 5 4
      vertex 38 0 4
      vertex 71.5 0 4
    endloop
  endfacet
  facet normal 0 0 1
    outer loop
      vertex 38 0 4
      vertex 45 5 4
      vertex 38 102 4
    endloop
  endfacet
  facet normal -1 0 0
    outer loop
      vertex -74.5 102 0
      vertex -74.5 78.54 12
      vertex -74.5 102 104
    endloop
  endfacet
  facet normal -1 0 0
    outer loop
      vertex -74.5 102 0
      vertex -74.5 68.34 12
      vertex -74.5 78.54 12
    endloop
  endfacet
  facet normal -1 0 0
    outer loop
      vertex -74.5 68.34 12
      vertex -74.5 61.2 12
      vertex -74.5 68.34 96
    endloop
  endfacet
  facet normal -1 0 0
    outer loop
      vertex -74.5 102 0
      vertex -74.5 61.2 12
      vertex -74.5 68.34 12
    endloop
  endfacet
  facet normal -1 0 0
    outer loop
      vertex -74.5 102 0
      vertex -74.5 51 12
      vertex -74.5 61.2 12
    endloop
  endfacet
  facet normal -1 0 0
    outer loop
      vertex -74.5 51 12
      vertex -74.5 43.86 12
      vertex -74.5 51 96
    endloop
  endfacet
  facet normal -1 0 0
    outer loop
      vertex -74.5 0 0
      vertex -74.5 51 12
      vertex -74.5 102 0
    endloop
  endfacet
  facet normal -1 -0 0
    outer loop
      vertex -74.5 51 12
      vertex -74.5 0 0
      vertex -74.5 43.86 12
    endloop
  endfacet
  facet normal -1 0 0
    outer loop
      vertex -74.5 33.66 12
      vertex -74.5 26.52 12
      vertex -74.5 33.66 96
    endloop
  endfacet
  facet normal -1 -0 0
    outer loop
      vertex -74.5 43.86 12
      vertex -74.5 0 0
      vertex -74.5 33.66 12
    endloop
  endfacet
  facet normal -1 -0 0
    outer loop
      vertex -74.5 33.66 12
      vertex -74.5 0 0
      vertex -74.5 26.52 12
    endloop
  endfacet
  facet normal -1 0 0
    outer loop
      vertex -74.5 0 104
      vertex -74.5 16.32 12
      vertex -74.5 0 0
    endloop
  endfacet
  facet normal -1 -0 0
    outer loop
      vertex -74.5 26.52 12
      vertex -74.5 0 0
      vertex -74.5 16.32 12
    endloop
  endfacet
  facet normal -1 0 0
    outer loop
      vertex -74.5 78.54 96
      vertex -74.5 102 104
      vertex -74.5 78.54 12
    endloop
  endfacet
  facet normal -1 0 0
    outer loop
      vertex -74.5 68.34 96
      vertex -74.5 102 104
      vertex -74.5 78.54 96
    endloop
  endfacet
  facet normal -1 0 0
    outer loop
      vertex -74.5 61.2 96
      vertex -74.5 68.34 96
      vertex -74.5 61.2 12
    endloop
  endfacet
  facet normal -1 0 0
    outer loop
      vertex -74.5 61.2 96
      vertex -74.5 102 104
      vertex -74.5 68.34 96
    endloop
  endfacet
  facet normal -1 0 0
    outer loop
      vertex -74.5 51 96
      vertex -74.5 102 104
      vertex -74.5 61.2 96
    endloop
  endfacet
  facet normal -1 0 0
    outer loop
      vertex -74.5 43.86 96
      vertex -74.5 51 96
      vertex -74.5 43.86 12
    endloop
  endfacet
  facet normal -1 0 0
    outer loop
      vertex -74.5 0 104
      vertex -74.5 51 96
      vertex -74.5 43.86 96
    endloop
  endfacet
  facet normal -1 0 0
    outer loop
      vertex -74.5 0 104
      vertex -74.5 43.86 96
      vertex -74.5 33.66 96
    endloop
  endfacet
  facet normal -1 0 0
    outer loop
      vertex -74.5 26.52 96
      vertex -74.5 33.66 96
      vertex -74.5 26.52 12
    endloop
  endfacet
  facet normal -1 0 0
    outer loop
      vertex -74.5 0 104
      vertex -74.5 33.66 96
      vertex -74.5 26.52 96
    endloop
  endfacet
  facet normal -1 0 0
    outer loop
      vertex -74.5 0 104
      vertex -74.5 26.52 96
      vertex -74.5 16.32 96
    endloop
  endfacet
  facet normal -1 0 0
    outer loop
      vertex -74.5 51 96
      vertex -74.5 0 104
      vertex -74.5 102 104
    endloop
  endfacet
  facet normal -1 0 0
    outer loop
      vertex -74.5 16.32 12
      vertex -74.5 0 104
      vertex -74.5 16.32 96
    endloop
  endfacet
  facet normal 0 1 0
    outer loop
      vertex 74.5 102 104
      vertex 71.5 102 4
      vertex 71.5 102 104
    endloop
  endfacet
  facet normal 0 1 0
    outer loop
      vertex 74.5 102 0
      vertex 38 102 4
      vertex 71.5 102 4
    endloop
  endfacet
  facet normal 0 1 0
    outer loop
      vertex 38 102 4
      vertex 74.5 102 0
      vertex 35 102 4
    endloop
  endfacet
  facet normal 0 1 0
    outer loop
      vertex 35 102 4
      vertex 74.5 102 0
      vertex 1.5 102 4
    endloop
  endfacet
  facet normal 0 1 0
    outer loop
      vertex 1.5 102 4
      vertex 74.5 102 0
      vertex -1.5 102 4
    endloop
  endfacet
  facet normal 0 1 0
    outer loop
      vertex -74.5 102 0
      vertex -1.5 102 4
      vertex 74.5 102 0
    endloop
  endfacet
  facet normal 0 1 0
    outer loop
      vertex -1.5 102 4
      vertex -74.5 102 0
      vertex -35 102 4
    endloop
  endfacet
  facet normal 0 1 0
    outer loop
      vertex -35 102 4
      vertex -74.5 102 0
      vertex -38 102 4
    endloop
  endfacet
  facet normal 0 1 -0
    outer loop
      vertex 74.5 102 0
      vertex 71.5 102 4
      vertex 74.5 102 104
    endloop
  endfacet
  facet normal 0 1 -0
    outer loop
      vertex 38 102 4
      vertex 35 102 104
      vertex 38 102 104
    endloop
  endfacet
  facet normal 0 1 0
    outer loop
      vertex 35 102 104
      vertex 38 102 4
      vertex 35 102 4
    endloop
  endfacet
  facet normal 0 1 -0
    outer loop
      vertex 1.5 102 4
      vertex -1.5 102 104
      vertex 1.5 102 104
    endloop
  endfacet
  facet normal 0 1 0
    outer loop
      vertex -1.5 102 104
      vertex 1.5 102 4
      vertex -1.5 102 4
    endloop
  endfacet
  facet normal 0 1 -0
    outer loop
      vertex -35 102 4
      vertex -38 102 104
      vertex -35 102 104
    endloop
  endfacet
  facet normal 0 1 0
    outer loop
      vertex -38 102 104
      vertex -35 102 4
      vertex -38 102 4
    endloop
  endfacet
  facet normal 0 1 -0
    outer loop
      vertex -71.5 102 4
      vertex -74.5 102 104
      vertex -71.5 102 104
    endloop
  endfacet
  facet normal 0 1 0
    outer loop
      vertex -71.5 102 4
      vertex -74.5 102 0
      vertex -74.5 102 104
    endloop
  endfacet
  facet normal 0 1 0
    outer loop
      vertex -38 102 4
      vertex -74.5 102 0
      vertex -71.5 102 4
    endloop
  endfacet
  facet normal 0 0 -1
    outer loop
      vertex -74.5 16.32 96
      vertex -71.5 26.52 96
      vertex -71.5 16.32 96
    endloop
  endfacet
  facet normal -0 0 -1
    outer loop
      vertex -71.5 26.52 96
      vertex -74.5 16.32 96
      vertex -74.5 26.52 96
    endloop
  endfacet
  facet normal -0 0 1
    outer loop
      vertex -74.5 26.52 12
      vertex -71.5 16.32 12
      vertex -71.5 26.52 12
    endloop
  endfacet
  facet normal 0 0 1
    outer loop
      vertex -71.5 16.32 12
      vertex -74.5 26.52 12
      vertex -74.5 16.32 12
    endloop
  endfacet
  facet normal 0 -1 0
    outer loop
      vertex -74.5 26.52 12
      vertex -71.5 26.52 96
      vertex -74.5 26.52 96
    endloop
  endfacet
  facet normal 0 -1 -0
    outer loop
      vertex -71.5 26.52 96
      vertex -74.5 26.52 12
      vertex -71.5 26.52 12
    endloop
  endfacet
  facet normal 0 1 -0
    outer loop
      vertex -71.5 16.32 12
      vertex -74.5 16.32 96
      vertex -71.5 16.32 96
    endloop
  endfacet
  facet normal 0 1 0
    outer loop
      vertex -74.5 16.32 96
      vertex -71.5 16.32 12
      vertex -74.5 16.32 12
    endloop
  endfacet
  facet normal 0 0 -1
    outer loop
      vertex -74.5 33.66 96
      vertex -71.5 43.86 96
      vertex -71.5 33.66 96
    endloop
  endfacet
  facet normal -0 0 -1
    outer loop
      vertex -71.5 43.86 96
      vertex -74.5 33.66 96
      vertex -74.5 43.86 96
    endloop
  endfacet
  facet normal -0 0 1
    outer loop
      vertex -74.5 43.86 12
      vertex -71.5 33.66 12
      vertex -71.5 43.86 12
    endloop
  endfacet
  facet normal 0 0 1
    outer loop
      vertex -71.5 33.66 12
      vertex -74.5 43.86 12
      vertex -74.5 33.66 12
    endloop
  endfacet
  facet normal 0 -1 0
    outer loop
      vertex -74.5 43.86 12
      vertex -71.5 43.86 96
      vertex -74.5 43.86 96
    endloop
  endfacet
  facet normal 0 -1 -0
    outer loop
      vertex -71.5 43.86 96
      vertex -74.5 43.86 12
      vertex -71.5 43.86 12
    endloop
  endfacet
  facet normal 0 1 -0
    outer loop
      vertex -71.5 33.66 12
      vertex -74.5 33.66 96
      vertex -71.5 33.66 96
    endloop
  endfacet
  facet normal 0 1 0
    outer loop
      vertex -74.5 33.66 96
      vertex -71.5 33.66 12
      vertex -74.5 33.66 12
    endloop
  endfacet
  facet normal 0 0 -1
    outer loop
      vertex -74.5 51 96
      vertex -71.5 61.2 96
      vertex -71.5 51 96
    endloop
  endfacet
  facet normal -0 0 -1
    outer loop
      vertex -71.5 61.2 96
      vertex -74.5 51 96
      vertex -74.5 61.2 96
    endloop
  endfacet
  facet normal -0 0 1
    outer loop
      vertex -74.5 61.2 12
      vertex -71.5 51 12
      vertex -71.5 61.2 12
    endloop
  endfacet
  facet normal 0 0 1
    outer loop
      vertex -71.5 51 12
      vertex -74.5 61.2 12
      vertex -74.5 51 12
    endloop
  endfacet
  facet normal 0 -1 0
    outer loop
      vertex -74.5 61.2 12
      vertex -71.5 61.2 96
      vertex -74.5 61.2 96
    endloop
  endfacet
  facet normal 0 -1 -0
    outer loop
      vertex -71.5 61.2 96
      vertex -74.5 61.2 12
      vertex -71.5 61.2 12
    endloop
  endfacet
  facet normal 0 1 -0
    outer loop
      vertex -71.5 51 12
      vertex -74.5 51 96
      vertex -71.5 51 96
    endloop
  endfacet
  facet normal 0 1 0
    outer loop
      vertex -74.5 51 96
      vertex -71.5 51 12
      vertex -74.5 51 12
    endloop
  endfacet
  facet normal 0 0 -1
    outer loop
      vertex -74.5 68.34 96
      vertex -71.5 78.54 96
      vertex -71.5 68.34 96
    endloop
  endfacet
  facet normal -0 0 -1
    outer loop
      vertex -71.5 78.54 96
      vertex -74.5 68.34 96
      vertex -74.5 78.54 96
    endloop
  endfacet
  facet normal -0 0 1
    outer loop
      vertex -74.5 78.54 12
      vertex -71.5 68.34 12
      vertex -71.5 78.54 12
    endloop
  endfacet
  facet normal 0 0 1
    outer loop
      vertex -71.5 68.34 12
      vertex -74.5 78.54 12
      vertex -74.5 68.34 12
    endloop
  endfacet
  facet normal 0 -1 0
    outer loop
      vertex -74.5 78.54 12
      vertex -71.5 78.54 96
      vertex -74.5 78.54 96
    endloop
  endfacet
  facet normal 0 -1 -0
    outer loop
      vertex -71.5 78.54 96
      vertex -74.5 78.54 12
      vertex -71.5 78.54 12
    endloop
  endfacet
  facet normal 0 1 -0
    outer loop
      vertex -71.5 68.34 12
      vertex -74.5 68.34 96
      vertex -71.5 68.34 96
    endloop
  endfacet
  facet normal 0 1 0
    outer loop
      vertex -74.5 68.34 96
      vertex -71.5 68.34 12
      vertex -74.5 68.34 12
    endloop
  endfacet
  facet normal 1 0 0
    outer loop
      vertex -71.5 102 104
      vertex -71.5 78.54 96
      vertex -71.5 102 4
    endloop
  endfacet
  facet normal 1 0 0
    outer loop
      vertex -71.5 102 104
      vertex -71.5 68.34 96
      vertex -71.5 78.54 96
    endloop
  endfacet
  facet normal 1 0 0
    outer loop
      vertex -71.5 68.34 96
      vertex -71.5 61.2 96
      vertex -71.5 68.34 12
    endloop
  endfacet
  facet normal 1 0 0
    outer loop
      vertex -71.5 102 104
      vertex -71.5 61.2 96
      vertex -71.5 68.34 96
    endloop
  endfacet
  facet normal 1 0 0
    outer loop
      vertex -71.5 102 104
      vertex -71.5 51 96
      vertex -71.5 61.2 96
    endloop
  endfacet
  facet normal 1 0 0
    outer loop
      vertex -71.5 51 96
      vertex -71.5 43.86 96
      vertex -71.5 51 12
    endloop
  endfacet
  facet normal 1 -0 0
    outer loop
      vertex -71.5 0 104
      vertex -71.5 51 96
      vertex -71.5 102 104
    endloop
  endfacet
  facet normal 1 0 0
    outer loop
      vertex -71.5 51 96
      vertex -71.5 0 104
      vertex -71.5 43.86 96
    endloop
  endfacet
  facet normal 1 0 0
    outer loop
      vertex -71.5 33.66 96
      vertex -71.5 26.52 96
      vertex -71.5 33.66 12
    endloop
  endfacet
  facet normal 1 0 0
    outer loop
      vertex -71.5 43.86 96
      vertex -71.5 0 104
      vertex -71.5 33.66 96
    endloop
  endfacet
  facet normal 1 0 0
    outer loop
      vertex -71.5 33.66 96
      vertex -71.5 0 104
      vertex -71.5 26.52 96
    endloop
  endfacet
  facet normal 1 0 0
    outer loop
      vertex -71.5 16.32 96
      vertex -71.5 0 104
      vertex -71.5 16.32 12
    endloop
  endfacet
  facet normal 1 0 0
    outer loop
      vertex -71.5 26.52 96
      vertex -71.5 0 104
      vertex -71.5 16.32 96
    endloop
  endfacet
  facet normal 1 -0 0
    outer loop
      vertex -71.5 78.54 12
      vertex -71.5 102 4
      vertex -71.5 78.54 96
    endloop
  endfacet
  facet normal 1 -0 0
    outer loop
      vertex -71.5 68.34 12
      vertex -71.5 102 4
      vertex -71.5 78.54 12
    endloop
  endfacet
  facet normal 1 0 0
    outer loop
      vertex -71.5 61.2 12
      vertex -71.5 68.34 12
      vertex -71.5 61.2 96
    endloop
  endfacet
  facet normal 1 -0 0
    outer loop
      vertex -71.5 61.2 12
      vertex -71.5 102 4
      vertex -71.5 68.34 12
    endloop
  endfacet
  facet normal 1 -0 0
    outer loop
      vertex -71.5 51 12
      vertex -71.5 102 4
      vertex -71.5 61.2 12
    endloop
  endfacet
  facet normal 1 0 0
    outer loop
      vertex -71.5 43.86 12
      vertex -71.5 51 12
      vertex -71.5 43.86 96
    endloop
  endfacet
  facet normal 1 0 0
    outer loop
      vertex -71.5 0 4
      vertex -71.5 51 12
      vertex -71.5 43.86 12
    endloop
  endfacet
  facet normal 1 0 0
    outer loop
      vertex -71.5 0 4
      vertex -71.5 43.86 12
      vertex -71.5 33.66 12
    endloop
  endfacet
  facet normal 1 0 0
    outer loop
      vertex -71.5 26.52 12
      vertex -71.5 33.66 12
      vertex -71.5 26.52 96
    endloop
  endfacet
  facet normal 1 0 0
    outer loop
      vertex -71.5 0 4
      vertex -71.5 33.66 12
      vertex -71.5 26.52 12
    endloop
  endfacet
  facet normal 1 0 0
    outer loop
      vertex -71.5 0 4
      vertex -71.5 26.52 12
      vertex -71.5 16.32 12
    endloop
  endfacet
  facet normal 1 0 0
    outer loop
      vertex -71.5 51 12
      vertex -71.5 0 4
      vertex -71.5 102 4
    endloop
  endfacet
  facet normal 1 0 0
    outer loop
      vertex -71.5 0 4
      vertex -71.5 16.32 12
      vertex -71.5 0 104
    endloop
  endfacet
  facet normal -0 0 1
    outer loop
      vertex -74.5 102 104
      vertex -71.5 0 104
      vertex -71.5 102 104
    endloop
  endfacet
  facet normal 0 0 1
    outer loop
      vertex -71.5 0 104
      vertex -74.5 102 104
      vertex -74.5 0 104
    endloop
  endfacet
  facet normal 0 0 -1
    outer loop
      vertex -38 16.32 96
      vertex -35 26.52 96
      vertex -35 16.32 96
    endloop
  endfacet
  facet normal -0 0 -1
    outer loop
      vertex -35 26.52 96
      vertex -38 16.32 96
      vertex -38 26.52 96
    endloop
  endfacet
  facet normal -0 0 1
    outer loop
      vertex -38 26.52 12
      vertex -35 16.32 12
      vertex -35 26.52 12
    endloop
  endfacet
  facet normal 0 0 1
    outer loop
      vertex -35 16.32 12
      vertex -38 26.52 12
      vertex -38 16.32 12
    endloop
  endfacet
  facet normal 0 -1 0
    outer loop
      vertex -38 26.52 12
      vertex -35 26.52 96
      vertex -38 26.52 96
    endloop
  endfacet
  facet normal 0 -1 -0
    outer loop
      vertex -35 26.52 96
      vertex -38 26.52 12
      vertex -35 26.52 12
    endloop
  endfacet
  facet normal 0 1 -0
    outer loop
      vertex -35 16.32 12
      vertex -38 16.32 96
      vertex -35 16.32 96
    endloop
  endfacet
  facet normal 0 1 0
    outer loop
      vertex -38 16.32 96
      vertex -35 16.32 12
      vertex -38 16.32 12
    endloop
  endfacet
  facet normal 0 0 -1
    outer loop
      vertex -38 33.66 96
      vertex -35 43.86 96
      vertex -35 33.66 96
    endloop
  endfacet
  facet normal -0 0 -1
    outer loop
      vertex -35 43.86 96
      vertex -38 33.66 96
      vertex -38 43.86 96
    endloop
  endfacet
  facet normal -0 0 1
    outer loop
      vertex -38 43.86 12
      vertex -35 33.66 12
      vertex -35 43.86 12
    endloop
  endfacet
  facet normal 0 0 1
    outer loop
      vertex -35 33.66 12
      vertex -38 43.86 12
      vertex -38 33.66 12
    endloop
  endfacet
  facet normal 0 -1 0
    outer loop
      vertex -38 43.86 12
      vertex -35 43.86 96
      vertex -38 43.86 96
    endloop
  endfacet
  facet normal 0 -1 -0
    outer loop
      vertex -35 43.86 96
      vertex -38 43.86 12
      vertex -35 43.86 12
    endloop
  endfacet
  facet normal 0 1 -0
    outer loop
      vertex -35 33.66 12
      vertex -38 33.66 96
      vertex -35 33.66 96
    endloop
  endfacet
  facet normal 0 1 0
    outer loop
      vertex -38 33.66 96
      vertex -35 33.66 12
      vertex -38 33.66 12
    endloop
  endfacet
  facet normal 0 0 -1
    outer loop
      vertex -38 51 96
      vertex -35 61.2 96
      vertex -35 51 96
    endloop
  endfacet
  facet normal -0 0 -1
    outer loop
      vertex -35 61.2 96
      vertex -38 51 96
      vertex -38 61.2 96
    endloop
  endfacet
  facet normal -0 0 1
    outer loop
      vertex -38 61.2 12
      vertex -35 51 12
      vertex -35 61.2 12
    endloop
  endfacet
  facet normal 0 0 1
    outer loop
      vertex -35 51 12
      vertex -38 61.2 12
      vertex -38 51 12
    endloop
  endfacet
  facet normal 0 -1 0
    outer loop
      vertex -38 61.2 12
      vertex -35 61.2 96
      vertex -38 61.2 96
    endloop
  endfacet
  facet normal 0 -1 -0
    outer loop
      vertex -35 61.2 96
      vertex -38 61.2 12
      vertex -35 61.2 12
    endloop
  endfacet
  facet normal 0 1 -0
    outer loop
      vertex -35 51 12
      vertex -38 51 96
      vertex -35 51 96
    endloop
  endfacet
  facet normal 0 1 0
    outer loop
      vertex -38 51 96
      vertex -35 51 12
      vertex -38 51 12
    endloop
  endfacet
  facet normal 0 0 -1
    outer loop
      vertex -38 68.34 96
      vertex -35 78.54 96
      vertex -35 68.34 96
    endloop
  endfacet
  facet normal -0 0 -1
    outer loop
      vertex -35 78.54 96
      vertex -38 68.34 96
      vertex -38 78.54 96
    endloop
  endfacet
  facet normal -0 0 1
    outer loop
      vertex -38 78.54 12
      vertex -35 68.34 12
      vertex -35 78.54 12
    endloop
  endfacet
  facet normal 0 0 1
    outer loop
      vertex -35 68.34 12
      vertex -38 78.54 12
      vertex -38 68.34 12
    endloop
  endfacet
  facet normal 0 -1 0
    outer loop
      vertex -38 78.54 12
      vertex -35 78.54 96
      vertex -38 78.54 96
    endloop
  endfacet
  facet normal 0 -1 -0
    outer loop
      vertex -35 78.54 96
      vertex -38 78.54 12
      vertex -35 78.54 12
    endloop
  endfacet
  facet normal 0 1 -0
    outer loop
      vertex -35 68.34 12
      vertex -38 68.34 96
      vertex -35 68.34 96
    endloop
  endfacet
  facet normal 0 1 0
    outer loop
      vertex -38 68.34 96
      vertex -35 68.34 12
      vertex -38 68.34 12
    endloop
  endfacet
  facet normal 1 0 0
    outer loop
      vertex -35 102 104
      vertex -35 78.54 96
      vertex -35 102 4
    endloop
  endfacet
  facet normal 1 0 0
    outer loop
      vertex -35 102 104
      vertex -35 68.34 96
      vertex -35 78.54 96
    endloop
  endfacet
  facet normal 1 0 0
    outer loop
      vertex -35 68.34 96
      vertex -35 61.2 96
      vertex -35 68.34 12
    endloop
  endfacet
  facet normal 1 0 0
    outer loop
      vertex -35 102 104
      vertex -35 61.2 96
      vertex -35 68.34 96
    endloop
  endfacet
  facet normal 1 0 0
    outer loop
      vertex -35 102 104
      vertex -35 51 96
      vertex -35 61.2 96
    endloop
  endfacet
  facet normal 1 0 0
    outer loop
      vertex -35 51 96
      vertex -35 43.86 96
      vertex -35 51 12
    endloop
  endfacet
  facet normal 1 -0 0
    outer loop
      vertex -35 0 104
      vertex -35 51 96
      vertex -35 102 104
    endloop
  endfacet
  facet normal 1 0 0
    outer loop
      vertex -35 51 96
      vertex -35 0 104
      vertex -35 43.86 96
    endloop
  endfacet
  facet normal 1 0 0
    outer loop
      vertex -35 33.66 96
      vertex -35 26.52 96
      vertex -35 33.66 12
    endloop
  endfacet
  facet normal 1 0 0
    outer loop
      vertex -35 43.86 96
      vertex -35 0 104
      vertex -35 33.66 96
    endloop
  endfacet
  facet normal 1 0 0
    outer loop
      vertex -35 33.66 96
      vertex -35 0 104
      vertex -35 26.52 96
    endloop
  endfacet
  facet normal 1 0 0
    outer loop
      vertex -35 16.32 96
      vertex -35 0 104
      vertex -35 16.32 12
    endloop
  endfacet
  facet normal 1 0 0
    outer loop
      vertex -35 26.52 96
      vertex -35 0 104
      vertex -35 16.32 96
    endloop
  endfacet
  facet normal 1 -0 0
    outer loop
      vertex -35 78.54 12
      vertex -35 102 4
      vertex -35 78.54 96
    endloop
  endfacet
  facet normal 1 -0 0
    outer loop
      vertex -35 68.34 12
      vertex -35 102 4
      vertex -35 78.54 12
    endloop
  endfacet
  facet normal 1 0 0
    outer loop
      vertex -35 61.2 12
      vertex -35 68.34 12
      vertex -35 61.2 96
    endloop
  endfacet
  facet normal 1 -0 0
    outer loop
      vertex -35 61.2 12
      vertex -35 102 4
      vertex -35 68.34 12
    endloop
  endfacet
  facet normal 1 -0 0
    outer loop
      vertex -35 51 12
      vertex -35 102 4
      vertex -35 61.2 12
    endloop
  endfacet
  facet normal 1 0 0
    outer loop
      vertex -35 43.86 12
      vertex -35 51 12
      vertex -35 43.86 96
    endloop
  endfacet
  facet normal 1 0 0
    outer loop
      vertex -35 0 4
      vertex -35 51 12
      vertex -35 43.86 12
    endloop
  endfacet
  facet normal 1 0 0
    outer loop
      vertex -35 0 4
      vertex -35 43.86 12
      vertex -35 33.66 12
    endloop
  endfacet
  facet normal 1 0 0
    outer loop
      vertex -35 26.52 12
      vertex -35 33.66 12
      vertex -35 26.52 96
    endloop
  endfacet
  facet normal 1 0 0
    outer loop
      vertex -35 0 4
      vertex -35 33.66 12
      vertex -35 26.52 12
    endloop
  endfacet
  facet normal 1 0 0
    outer loop
      vertex -35 0 4
      vertex -35 26.52 12
      vertex -35 16.32 12
    endloop
  endfacet
  facet normal 1 0 0
    outer loop
      vertex -35 51 12
      vertex -35 0 4
      vertex -35 102 4
    endloop
  endfacet
  facet normal 1 0 0
    outer loop
      vertex -35 0 4
      vertex -35 16.32 12
      vertex -35 0 104
    endloop
  endfacet
  facet normal -0 0 1
    outer loop
      vertex -38 102 104
      vertex -35 0 104
      vertex -35 102 104
    endloop
  endfacet
  facet normal 0 0 1
    outer loop
      vertex -35 0 104
      vertex -38 102 104
      vertex -38 0 104
    endloop
  endfacet
  facet normal -1 0 0
    outer loop
      vertex -38 102 4
      vertex -38 78.54 12
      vertex -38 102 104
    endloop
  endfacet
  facet normal -1 0 0
    outer loop
      vertex -38 102 4
      vertex -38 68.34 12
      vertex -38 78.54 12
    endloop
  endfacet
  facet normal -1 0 0
    outer loop
      vertex -38 68.34 12
      vertex -38 61.2 12
      vertex -38 68.34 96
    endloop
  endfacet
  facet normal -1 0 0
    outer loop
      vertex -38 102 4
      vertex -38 61.2 12
      vertex -38 68.34 12
    endloop
  endfacet
  facet normal -1 0 0
    outer loop
      vertex -38 102 4
      vertex -38 51 12
      vertex -38 61.2 12
    endloop
  endfacet
  facet normal -1 0 0
    outer loop
      vertex -38 51 12
      vertex -38 43.86 12
      vertex -38 51 96
    endloop
  endfacet
  facet normal -1 0 0
    outer loop
      vertex -38 0 4
      vertex -38 51 12
      vertex -38 102 4
    endloop
  endfacet
  facet normal -1 -0 0
    outer loop
      vertex -38 51 12
      vertex -38 0 4
      vertex -38 43.86 12
    endloop
  endfacet
  facet normal -1 0 0
    outer loop
      vertex -38 33.66 12
      vertex -38 26.52 12
      vertex -38 33.66 96
    endloop
  endfacet
  facet normal -1 -0 0
    outer loop
      vertex -38 43.86 12
      vertex -38 0 4
      vertex -38 33.66 12
    endloop
  endfacet
  facet normal -1 -0 0
    outer loop
      vertex -38 33.66 12
      vertex -38 0 4
      vertex -38 26.52 12
    endloop
  endfacet
  facet normal -1 -0 0
    outer loop
      vertex -38 16.32 12
      vertex -38 0 4
      vertex -38 16.32 96
    endloop
  endfacet
  facet normal -1 -0 0
    outer loop
      vertex -38 26.52 12
      vertex -38 0 4
      vertex -38 16.32 12
    endloop
  endfacet
  facet normal -1 0 0
    outer loop
      vertex -38 78.54 96
      vertex -38 102 104
      vertex -38 78.54 12
    endloop
  endfacet
  facet normal -1 0 0
    outer loop
      vertex -38 68.34 96
      vertex -38 102 104
      vertex -38 78.54 96
    endloop
  endfacet
  facet normal -1 0 0
    outer loop
      vertex -38 61.2 96
      vertex -38 68.34 96
      vertex -38 61.2 12
    endloop
  endfacet
  facet normal -1 0 0
    outer loop
      vertex -38 61.2 96
      vertex -38 102 104
      vertex -38 68.34 96
    endloop
  endfacet
  facet normal -1 0 0
    outer loop
      vertex -38 51 96
      vertex -38 102 104
      vertex -38 61.2 96
    endloop
  endfacet
  facet normal -1 0 0
    outer loop
      vertex -38 43.86 96
      vertex -38 51 96
      vertex -38 43.86 12
    endloop
  endfacet
  facet normal -1 0 0
    outer loop
      vertex -38 0 104
      vertex -38 51 96
      vertex -38 43.86 96
    endloop
  endfacet
  facet normal -1 0 0
    outer loop
      vertex -38 0 104
      vertex -38 43.86 96
      vertex -38 33.66 96
    endloop
  endfacet
  facet normal -1 0 0
    outer loop
      vertex -38 26.52 96
      vertex -38 33.66 96
      vertex -38 26.52 12
    endloop
  endfacet
  facet normal -1 0 0
    outer loop
      vertex -38 0 104
      vertex -38 33.66 96
      vertex -38 26.52 96
    endloop
  endfacet
  facet normal -1 0 0
    outer loop
      vertex -38 0 104
      vertex -38 26.52 96
      vertex -38 16.32 96
    endloop
  endfacet
  facet normal -1 0 0
    outer loop
      vertex -38 51 96
      vertex -38 0 104
      vertex -38 102 104
    endloop
  endfacet
  facet normal -1 0 0
    outer loop
      vertex -38 0 104
      vertex -38 16.32 96
      vertex -38 0 4
    endloop
  endfacet
  facet normal 0 0 -1
    outer loop
      vertex -1.5 16.32 96
      vertex 1.5 26.52 96
      vertex 1.5 16.32 96
    endloop
  endfacet
  facet normal -0 0 -1
    outer loop
      vertex 1.5 26.52 96
      vertex -1.5 16.32 96
      vertex -1.5 26.52 96
    endloop
  endfacet
  facet normal -0 0 1
    outer loop
      vertex -1.5 26.52 12
      vertex 1.5 16.32 12
      vertex 1.5 26.52 12
    endloop
  endfacet
  facet normal 0 0 1
    outer loop
      vertex 1.5 16.32 12
      vertex -1.5 26.52 12
      vertex -1.5 16.32 12
    endloop
  endfacet
  facet normal 0 -1 0
    outer loop
      vertex -1.5 26.52 12
      vertex 1.5 26.52 96
      vertex -1.5 26.52 96
    endloop
  endfacet
  facet normal 0 -1 -0
    outer loop
      vertex 1.5 26.52 96
      vertex -1.5 26.52 12
      vertex 1.5 26.52 12
    endloop
  endfacet
  facet normal 0 1 -0
    outer loop
      vertex 1.5 16.32 12
      vertex -1.5 16.32 96
      vertex 1.5 16.32 96
    endloop
  endfacet
  facet normal 0 1 0
    outer loop
      vertex -1.5 16.32 96
      vertex 1.5 16.32 12
      vertex -1.5 16.32 12
    endloop
  endfacet
  facet normal 0 0 -1
    outer loop
      vertex -1.5 33.66 96
      vertex 1.5 43.86 96
      vertex 1.5 33.66 96
    endloop
  endfacet
  facet normal -0 0 -1
    outer loop
      vertex 1.5 43.86 96
      vertex -1.5 33.66 96
      vertex -1.5 43.86 96
    endloop
  endfacet
  facet normal -0 0 1
    outer loop
      vertex -1.5 43.86 12
      vertex 1.5 33.66 12
      vertex 1.5 43.86 12
    endloop
  endfacet
  facet normal 0 0 1
    outer loop
      vertex 1.5 33.66 12
      vertex -1.5 43.86 12
      vertex -1.5 33.66 12
    endloop
  endfacet
  facet normal 0 -1 0
    outer loop
      vertex -1.5 43.86 12
      vertex 1.5 43.86 96
      vertex -1.5 43.86 96
    endloop
  endfacet
  facet normal 0 -1 -0
    outer loop
      vertex 1.5 43.86 96
      vertex -1.5 43.86 12
      vertex 1.5 43.86 12
    endloop
  endfacet
  facet normal 0 1 -0
    outer loop
      vertex 1.5 33.66 12
      vertex -1.5 33.66 96
      vertex 1.5 33.66 96
    endloop
  endfacet
  facet normal 0 1 0
    outer loop
      vertex -1.5 33.66 96
      vertex 1.5 33.66 12
      vertex -1.5 33.66 12
    endloop
  endfacet
  facet normal 0 0 -1
    outer loop
      vertex -1.5 51 96
      vertex 1.5 61.2 96
      vertex 1.5 51 96
    endloop
  endfacet
  facet normal -0 0 -1
    outer loop
      vertex 1.5 61.2 96
      vertex -1.5 51 96
      vertex -1.5 61.2 96
    endloop
  endfacet
  facet normal -0 0 1
    outer loop
      vertex -1.5 61.2 12
      vertex 1.5 51 12
      vertex 1.5 61.2 12
    endloop
  endfacet
  facet normal 0 0 1
    outer loop
      vertex 1.5 51 12
      vertex -1.5 61.2 12
      vertex -1.5 51 12
    endloop
  endfacet
  facet normal 0 -1 0
    outer loop
      vertex -1.5 61.2 12
      vertex 1.5 61.2 96
      vertex -1.5 61.2 96
    endloop
  endfacet
  facet normal 0 -1 -0
    outer loop
      vertex 1.5 61.2 96
      vertex -1.5 61.2 12
      vertex 1.5 61.2 12
    endloop
  endfacet
  facet normal 0 1 -0
    outer loop
      vertex 1.5 51 12
      vertex -1.5 51 96
      vertex 1.5 51 96
    endloop
  endfacet
  facet normal 0 1 0
    outer loop
      vertex -1.5 51 96
      vertex 1.5 51 12
      vertex -1.5 51 12
    endloop
  endfacet
  facet normal 0 0 -1
    outer loop
      vertex -1.5 68.34 96
      vertex 1.5 78.54 96
      vertex 1.5 68.34 96
    endloop
  endfacet
  facet normal -0 0 -1
    outer loop
      vertex 1.5 78.54 96
      vertex -1.5 68.34 96
      vertex -1.5 78.54 96
    endloop
  endfacet
  facet normal -0 0 1
    outer loop
      vertex -1.5 78.54 12
      vertex 1.5 68.34 12
      vertex 1.5 78.54 12
    endloop
  endfacet
  facet normal 0 0 1
    outer loop
      vertex 1.5 68.34 12
      vertex -1.5 78.54 12
      vertex -1.5 68.34 12
    endloop
  endfacet
  facet normal 0 -1 0
    outer loop
      vertex -1.5 78.54 12
      vertex 1.5 78.54 96
      vertex -1.5 78.54 96
    endloop
  endfacet
  facet normal 0 -1 -0
    outer loop
      vertex 1.5 78.54 96
      vertex -1.5 78.54 12
      vertex 1.5 78.54 12
    endloop
  endfacet
  facet normal 0 1 -0
    outer loop
      vertex 1.5 68.34 12
      vertex -1.5 68.34 96
      vertex 1.5 68.34 96
    endloop
  endfacet
  facet normal 0 1 0
    outer loop
      vertex -1.5 68.34 96
      vertex 1.5 68.34 12
      vertex -1.5 68.34 12
    endloop
  endfacet
  facet normal 1 0 0
    outer loop
      vertex 1.5 102 104
      vertex 1.5 78.54 96
      vertex 1.5 102 4
    endloop
  endfacet
  facet normal 1 0 0
    outer loop
      vertex 1.5 102 104
      vertex 1.5 68.34 96
      vertex 1.5 78.54 96
    endloop
  endfacet
  facet normal 1 0 0
    outer loop
      vertex 1.5 68.34 96
      vertex 1.5 61.2 96
      vertex 1.5 68.34 12
    endloop
  endfacet
  facet normal 1 0 0
    outer loop
      vertex 1.5 102 104
      vertex 1.5 61.2 96
      vertex 1.5 68.34 96
    endloop
  endfacet
  facet normal 1 0 0
    outer loop
      vertex 1.5 102 104
      vertex 1.5 51 96
      vertex 1.5 61.2 96
    endloop
  endfacet
  facet normal 1 0 0
    outer loop
      vertex 1.5 51 96
      vertex 1.5 43.86 96
      vertex 1.5 51 12
    endloop
  endfacet
  facet normal 1 -0 0
    outer loop
      vertex 1.5 0 104
      vertex 1.5 51 96
      vertex 1.5 102 104
    endloop
  endfacet
  facet normal 1 0 0
    outer loop
      vertex 1.5 51 96
      vertex 1.5 0 104
      vertex 1.5 43.86 96
    endloop
  endfacet
  facet normal 1 0 0
    outer loop
      vertex 1.5 33.66 96
      vertex 1.5 26.52 96
      vertex 1.5 33.66 12
    endloop
  endfacet
  facet normal 1 0 0
    outer loop
      vertex 1.5 43.86 96
      vertex 1.5 0 104
      vertex 1.5 33.66 96
    endloop
  endfacet
  facet normal 1 0 0
    outer loop
      vertex 1.5 33.66 96
      vertex 1.5 0 104
      vertex 1.5 26.52 96
    endloop
  endfacet
  facet normal 1 0 0
    outer loop
      vertex 1.5 16.32 96
      vertex 1.5 0 104
      vertex 1.5 16.32 12
    endloop
  endfacet
  facet normal 1 0 0
    outer loop
      vertex 1.5 26.52 96
      vertex 1.5 0 104
      vertex 1.5 16.32 96
    endloop
  endfacet
  facet normal 1 -0 0
    outer loop
      vertex 1.5 78.54 12
      vertex 1.5 102 4
      vertex 1.5 78.54 96
    endloop
  endfacet
  facet normal 1 -0 0
    outer loop
      vertex 1.5 68.34 12
      vertex 1.5 102 4
      vertex 1.5 78.54 12
    endloop
  endfacet
  facet normal 1 0 0
    outer loop
      vertex 1.5 61.2 12
      vertex 1.5 68.34 12
      vertex 1.5 61.2 96
    endloop
  endfacet
  facet normal 1 -0 0
    outer loop
      vertex 1.5 61.2 12
      vertex 1.5 102 4
      vertex 1.5 68.34 12
    endloop
  endfacet
  facet normal 1 -0 0
    outer loop
      vertex 1.5 51 12
      vertex 1.5 102 4
      vertex 1.5 61.2 12
    endloop
  endfacet
  facet normal 1 0 0
    outer loop
      vertex 1.5 43.86 12
      vertex 1.5 51 12
      vertex 1.5 43.86 96
    endloop
  endfacet
  facet normal 1 0 0
    outer loop
      vertex 1.5 0 4
      vertex 1.5 51 12
      vertex 1.5 43.86 12
    endloop
  endfacet
  facet normal 1 0 0
    outer loop
      vertex 1.5 0 4
      vertex 1.5 43.86 12
      vertex 1.5 33.66 12
    endloop
  endfacet
  facet normal 1 0 0
    outer loop
      vertex 1.5 26.52 12
      vertex 1.5 33.66 12
      vertex 1.5 26.52 96
    endloop
  endfacet
  facet normal 1 0 0
    outer loop
      vertex 1.5 0 4
      vertex 1.5 33.66 12
      vertex 1.5 26.52 12
    endloop
  endfacet
  facet normal 1 0 0
    outer loop
      vertex 1.5 0 4
      vertex 1.5 26.52 12
      vertex 1.5 16.32 12
    endloop
  endfacet
  facet normal 1 0 0
    outer loop
      vertex 1.5 51 12
      vertex 1.5 0 4
      vertex 1.5 102 4
    endloop
  endfacet
  facet normal 1 0 0
    outer loop
      vertex 1.5 0 4
      vertex 1.5 16.32 12
      vertex 1.5 0 104
    endloop
  endfacet
  facet normal -0 0 1
    outer loop
      vertex -1.5 102 104
      vertex 1.5 0 104
      vertex 1.5 102 104
    endloop
  endfacet
  facet normal 0 0 1
    outer loop
      vertex 1.5 0 104
      vertex -1.5 102 104
      vertex -1.5 0 104
    endloop
  endfacet
  facet normal -1 0 0
    outer loop
      vertex -1.5 102 4
      vertex -1.5 78.54 12
      vertex -1.5 102 104
    endloop
  endfacet
  facet normal -1 0 0
    outer loop
      vertex -1.5 102 4
      vertex -1.5 68.34 12
      vertex -1.5 78.54 12
    endloop
  endfacet
  facet normal -1 0 0
    outer loop
      vertex -1.5 68.34 12
      vertex -1.5 61.2 12
      vertex -1.5 68.34 96
    endloop
  endfacet
  facet normal -1 0 0
    outer loop
      vertex -1.5 102 4
      vertex -1.5 61.2 12
      vertex -1.5 68.34 12
    endloop
  endfacet
  facet normal -1 0 0
    outer loop
      vertex -1.5 102 4
      vertex -1.5 51 12
      vertex -1.5 61.2 12
    endloop
  endfacet
  facet normal -1 0 0
    outer loop
      vertex -1.5 51 12
      vertex -1.5 43.86 12
      vertex -1.5 51 96
    endloop
  endfacet
  facet normal -1 0 0
    outer loop
      vertex -1.5 0 4
      vertex -1.5 51 12
      vertex -1.5 102 4
    endloop
  endfacet
  facet normal -1 -0 0
    outer loop
      vertex -1.5 51 12
      vertex -1.5 0 4
      vertex -1.5 43.86 12
    endloop
  endfacet
  facet normal -1 0 0
    outer loop
      vertex -1.5 33.66 12
      vertex -1.5 26.52 12
      vertex -1.5 33.66 96
    endloop
  endfacet
  facet normal -1 -0 0
    outer loop
      vertex -1.5 43.86 12
      vertex -1.5 0 4
      vertex -1.5 33.66 12
    endloop
  endfacet
  facet normal -1 -0 0
    outer loop
      vertex -1.5 33.66 12
      vertex -1.5 0 4
      vertex -1.5 26.52 12
    endloop
  endfacet
  facet normal -1 -0 0
    outer loop
      vertex -1.5 16.32 12
      vertex -1.5 0 4
      vertex -1.5 16.32 96
    endloop
  endfacet
  facet normal -1 -0 0
    outer loop
      vertex -1.5 26.52 12
      vertex -1.5 0 4
      vertex -1.5 16.32 12
    endloop
  endfacet
  facet normal -1 0 0
    outer loop
      vertex -1.5 78.54 96
      vertex -1.5 102 104
      vertex -1.5 78.54 12
    endloop
  endfacet
  facet normal -1 0 0
    outer loop
      vertex -1.5 68.34 96
      vertex -1.5 102 104
      vertex -1.5 78.54 96
    endloop
  endfacet
  facet normal -1 0 0
    outer loop
      vertex -1.5 61.2 96
      vertex -1.5 68.34 96
      vertex -1.5 61.2 12
    endloop
  endfacet
  facet normal -1 0 0
    outer loop
      vertex -1.5 61.2 96
      vertex -1.5 102 104
      vertex -1.5 68.34 96
    endloop
  endfacet
  facet normal -1 0 0
    outer loop
      vertex -1.5 51 96
      vertex -1.5 102 104
      vertex -1.5 61.2 96
    endloop
  endfacet
  facet normal -1 0 0
    outer loop
      vertex -1.5 43.86 96
      vertex -1.5 51 96
      vertex -1.5 43.86 12
    endloop
  endfacet
  facet normal -1 0 0
    outer loop
      vertex -1.5 0 104
      vertex -1.5 51 96
      vertex -1.5 43.86 96
    endloop
  endfacet
  facet normal -1 0 0
    outer loop
      vertex -1.5 0 104
      vertex -1.5 43.86 96
      vertex -1.5 33.66 96
    endloop
  endfacet
  facet normal -1 0 0
    outer loop
      vertex -1.5 26.52 96
      vertex -1.5 33.66 96
      vertex -1.5 26.52 12
    endloop
  endfacet
  facet normal -1 0 0
    outer loop
      vertex -1.5 0 104
      vertex -1.5 33.66 96
      vertex -1.5 26.52 96
    endloop
  endfacet
  facet normal -1 0 0
    outer loop
      vertex -1.5 0 104
      vertex -1.5 26.52 96
      vertex -1.5 16.32 96
    endloop
  endfacet
  facet normal -1 0 0
    outer loop
      vertex -1.5 51 96
      vertex -1.5 0 104
      vertex -1.5 102 104
    endloop
  endfacet
  facet normal -1 0 0
    outer loop
      vertex -1.5 0 104
      vertex -1.5 16.32 96
      vertex -1.5 0 4
    endloop
  endfacet
  facet normal 0 0 -1
    outer loop
      vertex 35 16.32 96
      vertex 38 26.52 96
      vertex 38 16.32 96
    endloop
  endfacet
  facet normal -0 0 -1
    outer loop
      vertex 38 26.52 96
      vertex 35 16.32 96
      vertex 35 26.52 96
    endloop
  endfacet
  facet normal -0 0 1
    outer loop
      vertex 35 26.52 12
      vertex 38 16.32 12
      vertex 38 26.52 12
    endloop
  endfacet
  facet normal 0 0 1
    outer loop
      vertex 38 16.32 12
      vertex 35 26.52 12
      vertex 35 16.32 12
    endloop
  endfacet
  facet normal 0 -1 0
    outer loop
      vertex 35 26.52 12
      vertex 38 26.52 96
      vertex 35 26.52 96
    endloop
  endfacet
  facet normal 0 -1 -0
    outer loop
      vertex 38 26.52 96
      vertex 35 26.52 12
      vertex 38 26.52 12
    endloop
  endfacet
  facet normal 0 1 -0
    outer loop
      vertex 38 16.32 12
      vertex 35 16.32 96
      vertex 38 16.32 96
    endloop
  endfacet
  facet normal 0 1 0
    outer loop
      vertex 35 16.32 96
      vertex 38 16.32 12
      vertex 35 16.32 12
    endloop
  endfacet
  facet normal 0 0 -1
    outer loop
      vertex 35 33.66 96
      vertex 38 43.86 96
      vertex 38 33.66 96
    endloop
  endfacet
  facet normal -0 0 -1
    outer loop
      vertex 38 43.86 96
      vertex 35 33.66 96
      vertex 35 43.86 96
    endloop
  endfacet
  facet normal -0 0 1
    outer loop
      vertex 35 43.86 12
      vertex 38 33.66 12
      vertex 38 43.86 12
    endloop
  endfacet
  facet normal 0 0 1
    outer loop
      vertex 38 33.66 12
      vertex 35 43.86 12
      vertex 35 33.66 12
    endloop
  endfacet
  facet normal 0 -1 0
    outer loop
      vertex 35 43.86 12
      vertex 38 43.86 96
      vertex 35 43.86 96
    endloop
  endfacet
  facet normal 0 -1 -0
    outer loop
      vertex 38 43.86 96
      vertex 35 43.86 12
      vertex 38 43.86 12
    endloop
  endfacet
  facet normal 0 1 -0
    outer loop
      vertex 38 33.66 12
      vertex 35 33.66 96
      vertex 38 33.66 96
    endloop
  endfacet
  facet normal 0 1 0
    outer loop
      vertex 35 33.66 96
      vertex 38 33.66 12
      vertex 35 33.66 12
    endloop
  endfacet
  facet normal 0 0 -1
    outer loop
      vertex 35 51 96
      vertex 38 61.2 96
      vertex 38 51 96
    endloop
  endfacet
  facet normal -0 0 -1
    outer loop
      vertex 38 61.2 96
      vertex 35 51 96
      vertex 35 61.2 96
    endloop
  endfacet
  facet normal -0 0 1
    outer loop
      vertex 35 61.2 12
      vertex 38 51 12
      vertex 38 61.2 12
    endloop
  endfacet
  facet normal 0 0 1
    outer loop
      vertex 38 51 12
      vertex 35 61.2 12
      vertex 35 51 12
    endloop
  endfacet
  facet normal 0 -1 0
    outer loop
      vertex 35 61.2 12
      vertex 38 61.2 96
      vertex 35 61.2 96
    endloop
  endfacet
  facet normal 0 -1 -0
    outer loop
      vertex 38 61.2 96
      vertex 35 61.2 12
      vertex 38 61.2 12
    endloop
  endfacet
  facet normal 0 1 -0
    outer loop
      vertex 38 51 12
      vertex 35 51 96
      vertex 38 51 96
    endloop
  endfacet
  facet normal 0 1 0
    outer loop
      vertex 35 51 96
      vertex 38 51 12
      vertex 35 51 12
    endloop
  endfacet
  facet normal 0 0 -1
    outer loop
      vertex 35 68.34 96
      vertex 38 78.54 96
      vertex 38 68.34 96
    endloop
  endfacet
  facet normal -0 0 -1
    outer loop
      vertex 38 78.54 96
      vertex 35 68.34 96
      vertex 35 78.54 96
    endloop
  endfacet
  facet normal -0 0 1
    outer loop
      vertex 35 78.54 12
      vertex 38 68.34 12
      vertex 38 78.54 12
    endloop
  endfacet
  facet normal 0 0 1
    outer loop
      vertex 38 68.34 12
      vertex 35 78.54 12
      vertex 35 68.34 12
    endloop
  endfacet
  facet normal 0 -1 0
    outer loop
      vertex 35 78.54 12
      vertex 38 78.54 96
      vertex 35 78.54 96
    endloop
  endfacet
  facet normal 0 -1 -0
    outer loop
      vertex 38 78.54 96
      vertex 35 78.54 12
      vertex 38 78.54 12
    endloop
  endfacet
  facet normal 0 1 -0
    outer loop
      vertex 38 68.34 12
      vertex 35 68.34 96
      vertex 38 68.34 96
    endloop
  endfacet
  facet normal 0 1 0
    outer loop
      vertex 35 68.34 96
      vertex 38 68.34 12
      vertex 35 68.34 12
    endloop
  endfacet
  facet normal 1 0 0
    outer loop
      vertex 38 102 104
      vertex 38 78.54 96
      vertex 38 102 4
    endloop
  endfacet
  facet normal 1 0 0
    outer loop
      vertex 38 102 104
      vertex 38 68.34 96
      vertex 38 78.54 96
    endloop
  endfacet
  facet normal 1 0 0
    outer loop
      vertex 38 68.34 96
      vertex 38 61.2 96
      vertex 38 68.34 12
    endloop
  endfacet
  facet normal 1 0 0
    outer loop
      vertex 38 102 104
      vertex 38 61.2 96
      vertex 38 68.34 96
    endloop
  endfacet
  facet normal 1 0 0
    outer loop
      vertex 38 102 104
      vertex 38 51 96
      vertex 38 61.2 96
    endloop
  endfacet
  facet normal 1 0 0
    outer loop
      vertex 38 51 96
      vertex 38 43.86 96
      vertex 38 51 12
    endloop
  endfacet
  facet normal 1 -0 0
    outer loop
      vertex 38 0 104
      vertex 38 51 96
      vertex 38 102 104
    endloop
  endfacet
  facet normal 1 0 0
    outer loop
      vertex 38 51 96
      vertex 38 0 104
      vertex 38 43.86 96
    endloop
  endfacet
  facet normal 1 0 0
    outer loop
      vertex 38 33.66 96
      vertex 38 26.52 96
      vertex 38 33.66 12
    endloop
  endfacet
  facet normal 1 0 0
    outer loop
      vertex 38 43.86 96
      vertex 38 0 104
      vertex 38 33.66 96
    endloop
  endfacet
  facet normal 1 0 0
    outer loop
      vertex 38 33.66 96
      vertex 38 0 104
      vertex 38 26.52 96
    endloop
  endfacet
  facet normal 1 0 0
    outer loop
      vertex 38 16.32 96
      vertex 38 0 104
      vertex 38 16.32 12
    endloop
  endfacet
  facet normal 1 0 0
    outer loop
      vertex 38 26.52 96
      vertex 38 0 104
      vertex 38 16.32 96
    endloop
  endfacet
  facet normal 1 -0 0
    outer loop
      vertex 38 78.54 12
      vertex 38 102 4
      vertex 38 78.54 96
    endloop
  endfacet
  facet normal 1 -0 0
    outer loop
      vertex 38 68.34 12
      vertex 38 102 4
      vertex 38 78.54 12
    endloop
  endfacet
  facet normal 1 0 0
    outer loop
      vertex 38 61.2 12
      vertex 38 68.34 12
      vertex 38 61.2 96
    endloop
  endfacet
  facet normal 1 -0 0
    outer loop
      vertex 38 61.2 12
      vertex 38 102 4
      vertex 38 68.34 12
    endloop
  endfacet
  facet normal 1 -0 0
    outer loop
      vertex 38 51 12
      vertex 38 102 4
      vertex 38 61.2 12
    endloop
  endfacet
  facet normal 1 0 0
    outer loop
      vertex 38 43.86 12
      vertex 38 51 12
      vertex 38 43.86 96
    endloop
  endfacet
  facet normal 1 0 0
    outer loop
      vertex 38 0 4
      vertex 38 51 12
      vertex 38 43.86 12
    endloop
  endfacet
  facet normal 1 0 0
    outer loop
      vertex 38 0 4
      vertex 38 43.86 12
      vertex 38 33.66 12
    endloop
  endfacet
  facet normal 1 0 0
    outer loop
      vertex 38 26.52 12
      vertex 38 33.66 12
      vertex 38 26.52 96
    endloop
  endfacet
  facet normal 1 0 0
    outer loop
      vertex 38 0 4
      vertex 38 33.66 12
      vertex 38 26.52 12
    endloop
  endfacet
  facet normal 1 0 0
    outer loop
      vertex 38 0 4
      vertex 38 26.52 12
      vertex 38 16.32 12
    endloop
  endfacet
  facet normal 1 0 0
    outer loop
      vertex 38 51 12
      vertex 38 0 4
      vertex 38 102 4
    endloop
  endfacet
  facet normal 1 0 0
    outer loop
      vertex 38 0 4
      vertex 38 16.32 12
      vertex 38 0 104
    endloop
  endfacet
  facet normal -0 0 1
    outer loop
      vertex 35 102 104
      vertex 38 0 104
      vertex 38 102 104
    endloop
  endfacet
  facet normal 0 0 1
    outer loop
      vertex 38 0 104
      vertex 35 102 104
      vertex 35 0 104
    endloop
  endfacet
  facet normal -1 0 0
    outer loop
      vertex 35 102 4
      vertex 35 78.54 12
      vertex 35 102 104
    endloop
  endfacet
  facet normal -1 0 0
    outer loop
      vertex 35 102 4
      vertex 35 68.34 12
      vertex 35 78.54 12
    endloop
  endfacet
  facet normal -1 0 0
    outer loop
      vertex 35 68.34 12
      vertex 35 61.2 12
      vertex 35 68.34 96
    endloop
  endfacet
  facet normal -1 0 0
    outer loop
      vertex 35 102 4
      vertex 35 61.2 12
      vertex 35 68.34 12
    endloop
  endfacet
  facet normal -1 0 0
    outer loop
      vertex 35 102 4
      vertex 35 51 12
      vertex 35 61.2 12
    endloop
  endfacet
  facet normal -1 0 0
    outer loop
      vertex 35 51 12
      vertex 35 43.86 12
      vertex 35 51 96
    endloop
  endfacet
  facet normal -1 0 0
    outer loop
      vertex 35 0 4
      vertex 35 51 12
      vertex 35 102 4
    endloop
  endfacet
  facet normal -1 -0 0
    outer loop
      vertex 35 51 12
      vertex 35 0 4
      vertex 35 43.86 12
    endloop
  endfacet
  facet normal -1 0 0
    outer loop
      vertex 35 33.66 12
      vertex 35 26.52 12
      vertex 35 33.66 96
    endloop
  endfacet
  facet normal -1 -0 0
    outer loop
      vertex 35 43.86 12
      vertex 35 0 4
      vertex 35 33.66 12
    endloop
  endfacet
  facet normal -1 -0 0
    outer loop
      vertex 35 33.66 12
      vertex 35 0 4
      vertex 35 26.52 12
    endloop
  endfacet
  facet normal -1 -0 0
    outer loop
      vertex 35 16.32 12
      vertex 35 0 4
      vertex 35 16.32 96
    endloop
  endfacet
  facet normal -1 -0 0
    outer loop
      vertex 35 26.52 12
      vertex 35 0 4
      vertex 35 16.32 12
    endloop
  endfacet
  facet normal -1 0 0
    outer loop
      vertex 35 78.54 96
      vertex 35 102 104
      vertex 35 78.54 12
    endloop
  endfacet
  facet normal -1 0 0
    outer loop
      vertex 35 68.34 96
      vertex 35 102 104
      vertex 35 78.54 96
    endloop
  endfacet
  facet normal -1 0 0
    outer loop
      vertex 35 61.2 96
      vertex 35 68.34 96
      vertex 35 61.2 12
    endloop
  endfacet
  facet normal -1 0 0
    outer loop
      vertex 35 61.2 96
      vertex 35 102 104
      vertex 35 68.34 96
    endloop
  endfacet
  facet normal -1 0 0
    outer loop
      vertex 35 51 96
      vertex 35 102 104
      vertex 35 61.2 96
    endloop
  endfacet
  facet normal -1 0 0
    outer loop
      vertex 35 43.86 96
      vertex 35 51 96
      vertex 35 43.86 12
    endloop
  endfacet
  facet normal -1 0 0
    outer loop
      vertex 35 0 104
      vertex 35 51 96
      vertex 35 43.86 96
    endloop
  endfacet
  facet normal -1 0 0
    outer loop
      vertex 35 0 104
      vertex 35 43.86 96
      vertex 35 33.66 96
    endloop
  endfacet
  facet normal -1 0 0
    outer loop
      vertex 35 26.52 96
      vertex 35 33.66 96
      vertex 35 26.52 12
    endloop
  endfacet
  facet normal -1 0 0
    outer loop
      vertex 35 0 104
      vertex 35 33.66 96
      vertex 35 26.52 96
    endloop
  endfacet
  facet normal -1 0 0
    outer loop
      vertex 35 0 104
      vertex 35 26.52 96
      vertex 35 16.32 96
    endloop
  endfacet
  facet normal -1 0 0
    outer loop
      vertex 35 51 96
      vertex 35 0 104
      vertex 35 102 104
    endloop
  endfacet
  facet normal -1 0 0
    outer loop
      vertex 35 0 104
      vertex 35 16.32 96
      vertex 35 0 4
    endloop
  endfacet
  facet normal 0 0 -1
    outer loop
      vertex 71.5 16.32 96
      vertex 74.5 26.52 96
      vertex 74.5 16.32 96
    endloop
  endfacet
  facet normal -0 0 -1
    outer loop
      vertex 74.5 26.52 96
      vertex 71.5 16.32 96
      vertex 71.5 26.52 96
    endloop
  endfacet
  facet normal -0 0 1
    outer loop
      vertex 71.5 26.52 12
      vertex 74.5 16.32 12
      vertex 74.5 26.52 12
    endloop
  endfacet
  facet normal 0 0 1
    outer loop
      vertex 74.5 16.32 12
      vertex 71.5 26.52 12
      vertex 71.5 16.32 12
    endloop
  endfacet
  facet normal 0 -1 0
    outer loop
      vertex 71.5 26.52 12
      vertex 74.5 26.52 96
      vertex 71.5 26.52 96
    endloop
  endfacet
  facet normal 0 -1 -0
    outer loop
      vertex 74.5 26.52 96
      vertex 71.5 26.52 12
      vertex 74.5 26.52 12
    endloop
  endfacet
  facet normal 0 1 -0
    outer loop
      vertex 74.5 16.32 12
      vertex 71.5 16.32 96
      vertex 74.5 16.32 96
    endloop
  endfacet
  facet normal 0 1 0
    outer loop
      vertex 71.5 16.32 96
      vertex 74.5 16.32 12
      vertex 71.5 16.32 12
    endloop
  endfacet
  facet normal 0 0 -1
    outer loop
      vertex 71.5 33.66 96
      vertex 74.5 43.86 96
      vertex 74.5 33.66 96
    endloop
  endfacet
  facet normal -0 0 -1
    outer loop
      vertex 74.5 43.86 96
      vertex 71.5 33.66 96
      vertex 71.5 43.86 96
    endloop
  endfacet
  facet normal -0 0 1
    outer loop
      vertex 71.5 43.86 12
      vertex 74.5 33.66 12
      vertex 74.5 43.86 12
    endloop
  endfacet
  facet normal 0 0 1
    outer loop
      vertex 74.5 33.66 12
      vertex 71.5 43.86 12
      vertex 71.5 33.66 12
    endloop
  endfacet
  facet normal 0 -1 0
    outer loop
      vertex 71.5 43.86 12
      vertex 74.5 43.86 96
      vertex 71.5 43.86 96
    endloop
  endfacet
  facet normal 0 -1 -0
    outer loop
      vertex 74.5 43.86 96
      vertex 71.5 43.86 12
      vertex 74.5 43.86 12
    endloop
  endfacet
  facet normal 0 1 -0
    outer loop
      vertex 74.5 33.66 12
      vertex 71.5 33.66 96
      vertex 74.5 33.66 96
    endloop
  endfacet
  facet normal 0 1 0
    outer loop
      vertex 71.5 33.66 96
      vertex 74.5 33.66 12
      vertex 71.5 33.66 12
    endloop
  endfacet
  facet normal 0 0 -1
    outer loop
      vertex 71.5 51 96
      vertex 74.5 61.2 96
      vertex 74.5 51 96
    endloop
  endfacet
  facet normal -0 0 -1
    outer loop
      vertex 74.5 61.2 96
      vertex 71.5 51 96
      vertex 71.5 61.2 96
    endloop
  endfacet
  facet normal -0 0 1
    outer loop
      vertex 71.5 61.2 12
      vertex 74.5 51 12
      vertex 74.5 61.2 12
    endloop
  endfacet
  facet normal 0 0 1
    outer loop
      vertex 74.5 51 12
      vertex 71.5 61.2 12
      vertex 71.5 51 12
    endloop
  endfacet
  facet normal 0 -1 0
    outer loop
      vertex 71.5 61.2 12
      vertex 74.5 61.2 96
      vertex 71.5 61.2 96
    endloop
  endfacet
  facet normal 0 -1 -0
    outer loop
      vertex 74.5 61.2 96
      vertex 71.5 61.2 12
      vertex 74.5 61.2 12
    endloop
  endfacet
  facet normal 0 1 -0
    outer loop
      vertex 74.5 51 12
      vertex 71.5 51 96
      vertex 74.5 51 96
    endloop
  endfacet
  facet normal 0 1 0
    outer loop
      vertex 71.5 51 96
      vertex 74.5 51 12
      vertex 71.5 51 12
    endloop
  endfacet
  facet normal 0 0 -1
    outer loop
      vertex 71.5 68.34 96
      vertex 74.5 78.54 96
      vertex 74.5 68.34 96
    endloop
  endfacet
  facet normal -0 0 -1
    outer loop
      vertex 74.5 78.54 96
      vertex 71.5 68.34 96
      vertex 71.5 78.54 96
    endloop
  endfacet
  facet normal -0 0 1
    outer loop
      vertex 71.5 78.54 12
      vertex 74.5 68.34 12
      vertex 74.5 78.54 12
    endloop
  endfacet
  facet normal 0 0 1
    outer loop
      vertex 74.5 68.34 12
      vertex 71.5 78.54 12
      vertex 71.5 68.34 12
    endloop
  endfacet
  facet normal 0 -1 0
    outer loop
      vertex 71.5 78.54 12
      vertex 74.5 78.54 96
      vertex 71.5 78.54 96
    endloop
  endfacet
  facet normal 0 -1 -0
    outer loop
      vertex 74.5 78.54 96
      vertex 71.5 78.54 12
      vertex 74.5 78.54 12
    endloop
  endfacet
  facet normal 0 1 -0
    outer loop
      vertex 74.5 68.34 12
      vertex 71.5 68.34 96
      vertex 74.5 68.34 96
    endloop
  endfacet
  facet normal 0 1 0
    outer loop
      vertex 71.5 68.34 96
      vertex 74.5 68.34 12
      vertex 71.5 68.34 12
    endloop
  endfacet
  facet normal -0 0 1
    outer loop
      vertex 71.5 102 104
      vertex 74.5 0 104
      vertex 74.5 102 104
    endloop
  endfacet
  facet normal 0 0 1
    outer loop
      vertex 74.5 0 104
      vertex 71.5 102 104
      vertex 71.5 0 104
    endloop
  endfacet
  facet normal -1 0 0
    outer loop
      vertex 71.5 102 4
      vertex 71.5 78.54 12
      vertex 71.5 102 104
    endloop
  endfacet
  facet normal -1 0 0
    outer loop
      vertex 71.5 102 4
      vertex 71.5 68.34 12
      vertex 71.5 78.54 12
    endloop
  endfacet
  facet normal -1 0 0
    outer loop
      vertex 71.5 68.34 12
      vertex 71.5 61.2 12
      vertex 71.5 68.34 96
    endloop
  endfacet
  facet normal -1 0 0
    outer loop
      vertex 71.5 102 4
      vertex 71.5 61.2 12
      vertex 71.5 68.34 12
    endloop
  endfacet
  facet normal -1 0 0
    outer loop
      vertex 71.5 102 4
      vertex 71.5 51 12
      vertex 71.5 61.2 12
    endloop
  endfacet
  facet normal -1 0 0
    outer loop
      vertex 71.5 51 12
      vertex 71.5 43.86 12
      vertex 71.5 51 96
    endloop
  endfacet
  facet normal -1 0 0
    outer loop
      vertex 71.5 0 4
      vertex 71.5 51 12
      vertex 71.5 102 4
    endloop
  endfacet
  facet normal -1 -0 0
    outer loop
      vertex 71.5 51 12
      vertex 71.5 0 4
      vertex 71.5 43.86 12
    endloop
  endfacet
  facet normal -1 0 0
    outer loop
      vertex 71.5 33.66 12
      vertex 71.5 26.52 12
      vertex 71.5 33.66 96
    endloop
  endfacet
  facet normal -1 -0 0
    outer loop
      vertex 71.5 43.86 12
      vertex 71.5 0 4
      vertex 71.5 33.66 12
    endloop
  endfacet
  facet normal -1 -0 0
    outer loop
      vertex 71.5 33.66 12
      vertex 71.5 0 4
      vertex 71.5 26.52 12
    endloop
  endfacet
  facet normal -1 -0 0
    outer loop
      vertex 71.5 16.32 12
      vertex 71.5 0 4
      vertex 71.5 16.32 96
    endloop
  endfacet
  facet normal -1 -0 0
    outer loop
      vertex 71.5 26.52 12
      vertex 71.5 0 4
      vertex 71.5 16.32 12
    endloop
  endfacet
  facet normal -1 0 0
    outer loop
      vertex 71.5 78.54 96
      vertex 71.5 102 104
      vertex 71.5 78.54 12
    endloop
  endfacet
  facet normal -1 0 0
    outer loop
      vertex 71.5 68.34 96
      vertex 71.5 102 104
      vertex 71.5 78.54 96
    endloop
  endfacet
  facet normal -1 0 0
    outer loop
      vertex 71.5 61.2 96
      vertex 71.5 68.34 96
      vertex 71.5 61.2 12
    endloop
  endfacet
  facet normal -1 0 0
    outer loop
      vertex 71.5 61.2 96
      vertex 71.5 102 104
      vertex 71.5 68.34 96
    endloop
  endfacet
  facet normal -1 0 0
    outer loop
      vertex 71.5 51 96
      vertex 71.5 102 104
      vertex 71.5 61.2 96
    endloop
  endfacet
  facet normal -1 0 0
    outer loop
      vertex 71.5 43.86 96
      vertex 71.5 51 96
      vertex 71.5 43.86 12
    endloop
  endfacet
  facet normal -1 0 0
    outer loop
      vertex 71.5 0 104
      vertex 71.5 51 96
      vertex 71.5 43.86 96
    endloop
  endfacet
  facet normal -1 0 0
    outer loop
      vertex 71.5 0 104
      vertex 71.5 43.86 96
      vertex 71.5 33.66 96
    endloop
  endfacet
  facet normal -1 0 0
    outer loop
      vertex 71.5 26.52 96
      vertex 71.5 33.66 96
      vertex 71.5 26.52 12
    endloop
  endfacet
  facet normal -1 0 0
    outer loop
      vertex 71.5 0 104
      vertex 71.5 33.66 96
      vertex 71.5 26.52 96
    endloop
  endfacet
  facet normal -1 0 0
    outer loop
      vertex 71.5 0 104
      vertex 71.5 26.52 96
      vertex 71.5 16.32 96
    endloop
  endfacet
  facet normal -1 0 0
    outer loop
      vertex 71.5 51 96
      vertex 71.5 0 104
      vertex 71.5 102 104
    endloop
  endfacet
  facet normal -1 0 0
    outer loop
      vertex 71.5 0 104
      vertex 71.5 16.32 96
      vertex 71.5 0 4
    endloop
  endfacet
endsolid OpenSCAD_Model
