solid OpenSCAD_Model
  facet normal 0.233641 0 -0.972323
    outer loop
      vertex -122.445 -3 8.48988
      vertex -122.102 0 8.5723
      vertex -122.102 -3 8.5723
    endloop
  endfacet
  facet normal 0.233641 0 -0.972323
    outer loop
      vertex -122.102 0 8.5723
      vertex -122.445 -3 8.48988
      vertex -122.445 0 8.48988
    endloop
  endfacet
  facet normal 0.521295 0 0.853377
    outer loop
      vertex -123.073 0 4.52971
      vertex -122.771 -3 4.34523
      vertex -122.771 0 4.34523
    endloop
  endfacet
  facet normal 0.521295 0 0.853377
    outer loop
      vertex -122.771 -3 4.34523
      vertex -123.073 0 4.52971
      vertex -123.073 -3 4.52971
    endloop
  endfacet
  facet normal -0.923992 0 0.382412
    outer loop
      vertex -112.245 -3 5.32852
      vertex -112.11 0 5.65471
      vertex -112.245 0 5.32852
    endloop
  endfacet
  facet normal -0.923992 0 0.382412
    outer loop
      vertex -112.11 0 5.65471
      vertex -112.245 -3 5.32852
      vertex -112.11 -3 5.65471
    endloop
  endfacet
  facet normal -0.760819 0 -0.648964
    outer loop
      vertex -112.43 -3 7.67252
      vertex -112.659 0 7.94099
      vertex -112.43 0 7.67252
    endloop
  endfacet
  facet normal -0.760819 -0 -0.648964
    outer loop
      vertex -112.659 0 7.94099
      vertex -112.43 -3 7.67252
      vertex -112.659 -3 7.94099
    endloop
  endfacet
  facet normal 0.923992 -0 0.382412
    outer loop
      vertex -123.89 -3 5.65471
      vertex -123.755 0 5.32852
      vertex -123.89 0 5.65471
    endloop
  endfacet
  facet normal 0.923992 0 0.382412
    outer loop
      vertex -123.755 0 5.32852
      vertex -123.89 -3 5.65471
      vertex -123.755 -3 5.32852
    endloop
  endfacet
  facet normal -0.650114 0 0.759837
    outer loop
      vertex -112.927 0 4.52971
      vertex -112.659 -3 4.75901
      vertex -112.659 0 4.75901
    endloop
  endfacet
  facet normal -0.650114 0 0.759837
    outer loop
      vertex -112.659 -3 4.75901
      vertex -112.927 0 4.52971
      vertex -112.927 -3 4.52971
    endloop
  endfacet
  facet normal 0.650114 0 -0.759837
    outer loop
      vertex -123.341 -3 7.94099
      vertex -123.073 0 8.17029
      vertex -123.073 -3 8.17029
    endloop
  endfacet
  facet normal 0.650114 0 -0.759837
    outer loop
      vertex -123.073 0 8.17029
      vertex -123.341 -3 7.94099
      vertex -123.341 0 7.94099
    endloop
  endfacet
  facet normal 0.923992 0 -0.382412
    outer loop
      vertex -123.755 -3 7.37148
      vertex -123.89 0 7.04529
      vertex -123.755 0 7.37148
    endloop
  endfacet
  facet normal 0.923992 0 -0.382412
    outer loop
      vertex -123.89 0 7.04529
      vertex -123.755 -3 7.37148
      vertex -123.89 -3 7.04529
    endloop
  endfacet
  facet normal -0.650114 0 -0.759837
    outer loop
      vertex -112.927 -3 8.17029
      vertex -112.659 0 7.94099
      vertex -112.659 -3 7.94099
    endloop
  endfacet
  facet normal -0.650114 0 -0.759837
    outer loop
      vertex -112.659 0 7.94099
      vertex -112.927 -3 8.17029
      vertex -112.927 0 8.17029
    endloop
  endfacet
  facet normal -0.851981 0 0.523573
    outer loop
      vertex -112.43 -3 5.02748
      vertex -112.245 0 5.32852
      vertex -112.43 0 5.02748
    endloop
  endfacet
  facet normal -0.851981 0 0.523573
    outer loop
      vertex -112.245 0 5.32852
      vertex -112.43 -3 5.02748
      vertex -112.245 -3 5.32852
    endloop
  endfacet
  facet normal -0.996851 0 0.0792995
    outer loop
      vertex -112.028 -3 5.99802
      vertex -112 0 6.35
      vertex -112.028 0 5.99802
    endloop
  endfacet
  facet normal -0.996851 0 0.0792995
    outer loop
      vertex -112 0 6.35
      vertex -112.028 -3 5.99802
      vertex -112 -3 6.35
    endloop
  endfacet
  facet normal -0.97264 0 -0.232316
    outer loop
      vertex -112.028 -3 6.70198
      vertex -112.11 0 7.04529
      vertex -112.028 0 6.70198
    endloop
  endfacet
  facet normal -0.97264 -0 -0.232316
    outer loop
      vertex -112.11 0 7.04529
      vertex -112.028 -3 6.70198
      vertex -112.11 -3 7.04529
    endloop
  endfacet
  facet normal -0.521295 0 0.853377
    outer loop
      vertex -113.229 0 4.34523
      vertex -112.927 -3 4.52971
      vertex -112.927 0 4.52971
    endloop
  endfacet
  facet normal -0.521295 0 0.853377
    outer loop
      vertex -112.927 -3 4.52971
      vertex -113.229 0 4.34523
      vertex -113.229 -3 4.34523
    endloop
  endfacet
  facet normal 0.996851 0 -0.0792995
    outer loop
      vertex -123.972 -3 6.70198
      vertex -124 0 6.35
      vertex -123.972 0 6.70198
    endloop
  endfacet
  facet normal 0.996851 0 -0.0792995
    outer loop
      vertex -124 0 6.35
      vertex -123.972 -3 6.70198
      vertex -124 -3 6.35
    endloop
  endfacet
  facet normal -0.0784506 0 0.996918
    outer loop
      vertex -114.25 0 4.1
      vertex -113.898 -3 4.1277
      vertex -113.898 0 4.1277
    endloop
  endfacet
  facet normal -0.0784506 0 0.996918
    outer loop
      vertex -113.898 -3 4.1277
      vertex -114.25 0 4.1
      vertex -114.25 -3 4.1
    endloop
  endfacet
  facet normal 0.97264 0 -0.232316
    outer loop
      vertex -123.89 -3 7.04529
      vertex -123.972 0 6.70198
      vertex -123.89 0 7.04529
    endloop
  endfacet
  facet normal 0.97264 0 -0.232316
    outer loop
      vertex -123.972 0 6.70198
      vertex -123.89 -3 7.04529
      vertex -123.972 -3 6.70198
    endloop
  endfacet
  facet normal 0.760819 0 -0.648964
    outer loop
      vertex -123.341 -3 7.94099
      vertex -123.57 0 7.67252
      vertex -123.341 0 7.94099
    endloop
  endfacet
  facet normal 0.760819 0 -0.648964
    outer loop
      vertex -123.57 0 7.67252
      vertex -123.341 -3 7.94099
      vertex -123.57 -3 7.67252
    endloop
  endfacet
  facet normal 0.0784506 0 -0.996918
    outer loop
      vertex -122.102 -3 8.5723
      vertex -121.75 0 8.6
      vertex -121.75 -3 8.6
    endloop
  endfacet
  facet normal 0.0784506 0 -0.996918
    outer loop
      vertex -121.75 0 8.6
      vertex -122.102 -3 8.5723
      vertex -122.102 0 8.5723
    endloop
  endfacet
  facet normal 0.0784506 0 0.996918
    outer loop
      vertex -122.102 0 4.1277
      vertex -121.75 -3 4.1
      vertex -121.75 0 4.1
    endloop
  endfacet
  facet normal 0.0784506 0 0.996918
    outer loop
      vertex -121.75 -3 4.1
      vertex -122.102 0 4.1277
      vertex -122.102 -3 4.1277
    endloop
  endfacet
  facet normal 0.760819 -0 0.648964
    outer loop
      vertex -123.57 -3 5.02748
      vertex -123.341 0 4.75901
      vertex -123.57 0 5.02748
    endloop
  endfacet
  facet normal 0.760819 0 0.648964
    outer loop
      vertex -123.341 0 4.75901
      vertex -123.57 -3 5.02748
      vertex -123.341 -3 4.75901
    endloop
  endfacet
  facet normal 0.650114 0 0.759837
    outer loop
      vertex -123.341 0 4.75901
      vertex -123.073 -3 4.52971
      vertex -123.073 0 4.52971
    endloop
  endfacet
  facet normal 0.650114 0 0.759837
    outer loop
      vertex -123.073 -3 4.52971
      vertex -123.341 0 4.75901
      vertex -123.341 -3 4.75901
    endloop
  endfacet
  facet normal -0.760819 0 0.648964
    outer loop
      vertex -112.659 -3 4.75901
      vertex -112.43 0 5.02748
      vertex -112.659 0 4.75901
    endloop
  endfacet
  facet normal -0.760819 0 0.648964
    outer loop
      vertex -112.43 0 5.02748
      vertex -112.659 -3 4.75901
      vertex -112.43 -3 5.02748
    endloop
  endfacet
  facet normal -0.233641 0 -0.972323
    outer loop
      vertex -113.898 -3 8.5723
      vertex -113.555 0 8.48988
      vertex -113.555 -3 8.48988
    endloop
  endfacet
  facet normal -0.233641 0 -0.972323
    outer loop
      vertex -113.555 0 8.48988
      vertex -113.898 -3 8.5723
      vertex -113.898 0 8.5723
    endloop
  endfacet
  facet normal -0.851981 0 -0.523573
    outer loop
      vertex -112.245 -3 7.37148
      vertex -112.43 0 7.67252
      vertex -112.245 0 7.37148
    endloop
  endfacet
  facet normal -0.851981 -0 -0.523573
    outer loop
      vertex -112.43 0 7.67252
      vertex -112.245 -3 7.37148
      vertex -112.43 -3 7.67252
    endloop
  endfacet
  facet normal -0 0 1
    outer loop
      vertex -121.75 0 4.1
      vertex -114.25 -3 4.1
      vertex -114.25 0 4.1
    endloop
  endfacet
  facet normal 0 0 1
    outer loop
      vertex -114.25 -3 4.1
      vertex -121.75 0 4.1
      vertex -121.75 -3 4.1
    endloop
  endfacet
  facet normal 0 0 -1
    outer loop
      vertex -121.75 -3 8.6
      vertex -114.25 0 8.6
      vertex -114.25 -3 8.6
    endloop
  endfacet
  facet normal -0 0 -1
    outer loop
      vertex -114.25 0 8.6
      vertex -121.75 -3 8.6
      vertex -121.75 0 8.6
    endloop
  endfacet
  facet normal 0.233641 0 0.972323
    outer loop
      vertex -122.445 0 4.21012
      vertex -122.102 -3 4.1277
      vertex -122.102 0 4.1277
    endloop
  endfacet
  facet normal 0.233641 0 0.972323
    outer loop
      vertex -122.102 -3 4.1277
      vertex -122.445 0 4.21012
      vertex -122.445 -3 4.21012
    endloop
  endfacet
  facet normal 0.521274 0 -0.853389
    outer loop
      vertex -123.073 -3 8.17029
      vertex -122.771 0 8.35476
      vertex -122.771 -3 8.35476
    endloop
  endfacet
  facet normal 0.521274 0 -0.853389
    outer loop
      vertex -122.771 0 8.35476
      vertex -123.073 -3 8.17029
      vertex -123.073 0 8.17029
    endloop
  endfacet
  facet normal -0.382868 0 0.923803
    outer loop
      vertex -113.555 0 4.21012
      vertex -113.229 -3 4.34523
      vertex -113.229 0 4.34523
    endloop
  endfacet
  facet normal -0.382868 0 0.923803
    outer loop
      vertex -113.229 -3 4.34523
      vertex -113.555 0 4.21012
      vertex -113.555 -3 4.21012
    endloop
  endfacet
  facet normal -0.923992 0 -0.382412
    outer loop
      vertex -112.11 -3 7.04529
      vertex -112.245 0 7.37148
      vertex -112.11 0 7.04529
    endloop
  endfacet
  facet normal -0.923992 -0 -0.382412
    outer loop
      vertex -112.245 0 7.37148
      vertex -112.11 -3 7.04529
      vertex -112.245 -3 7.37148
    endloop
  endfacet
  facet normal 0.382868 0 0.923803
    outer loop
      vertex -122.771 0 4.34523
      vertex -122.445 -3 4.21012
      vertex -122.445 0 4.21012
    endloop
  endfacet
  facet normal 0.382868 0 0.923803
    outer loop
      vertex -122.445 -3 4.21012
      vertex -122.771 0 4.34523
      vertex -122.771 -3 4.34523
    endloop
  endfacet
  facet normal 0.851981 0 -0.523573
    outer loop
      vertex -123.57 -3 7.67252
      vertex -123.755 0 7.37148
      vertex -123.57 0 7.67252
    endloop
  endfacet
  facet normal 0.851981 0 -0.523573
    outer loop
      vertex -123.755 0 7.37148
      vertex -123.57 -3 7.67252
      vertex -123.755 -3 7.37148
    endloop
  endfacet
  facet normal 0.97264 -0 0.232316
    outer loop
      vertex -123.972 -3 5.99802
      vertex -123.89 0 5.65471
      vertex -123.972 0 5.99802
    endloop
  endfacet
  facet normal 0.97264 0 0.232316
    outer loop
      vertex -123.89 0 5.65471
      vertex -123.972 -3 5.99802
      vertex -123.89 -3 5.65471
    endloop
  endfacet
  facet normal -0.0784506 0 -0.996918
    outer loop
      vertex -114.25 -3 8.6
      vertex -113.898 0 8.5723
      vertex -113.898 -3 8.5723
    endloop
  endfacet
  facet normal -0.0784506 0 -0.996918
    outer loop
      vertex -113.898 0 8.5723
      vertex -114.25 -3 8.6
      vertex -114.25 0 8.6
    endloop
  endfacet
  facet normal -0.97264 0 0.232316
    outer loop
      vertex -112.11 -3 5.65471
      vertex -112.028 0 5.99802
      vertex -112.11 0 5.65471
    endloop
  endfacet
  facet normal -0.97264 0 0.232316
    outer loop
      vertex -112.028 0 5.99802
      vertex -112.11 -3 5.65471
      vertex -112.028 -3 5.99802
    endloop
  endfacet
  facet normal -0.521274 0 -0.853389
    outer loop
      vertex -113.229 -3 8.35476
      vertex -112.927 0 8.17029
      vertex -112.927 -3 8.17029
    endloop
  endfacet
  facet normal -0.521274 0 -0.853389
    outer loop
      vertex -112.927 0 8.17029
      vertex -113.229 -3 8.35476
      vertex -113.229 0 8.35476
    endloop
  endfacet
  facet normal -0.382892 0 -0.923793
    outer loop
      vertex -113.555 -3 8.48988
      vertex -113.229 0 8.35476
      vertex -113.229 -3 8.35476
    endloop
  endfacet
  facet normal -0.382892 0 -0.923793
    outer loop
      vertex -113.229 0 8.35476
      vertex -113.555 -3 8.48988
      vertex -113.555 0 8.48988
    endloop
  endfacet
  facet normal -0.996851 0 -0.0792995
    outer loop
      vertex -112 -3 6.35
      vertex -112.028 0 6.70198
      vertex -112 0 6.35
    endloop
  endfacet
  facet normal -0.996851 -0 -0.0792995
    outer loop
      vertex -112.028 0 6.70198
      vertex -112 -3 6.35
      vertex -112.028 -3 6.70198
    endloop
  endfacet
  facet normal 0.851981 -0 0.523573
    outer loop
      vertex -123.755 -3 5.32852
      vertex -123.57 0 5.02748
      vertex -123.755 0 5.32852
    endloop
  endfacet
  facet normal 0.851981 0 0.523573
    outer loop
      vertex -123.57 0 5.02748
      vertex -123.755 -3 5.32852
      vertex -123.57 -3 5.02748
    endloop
  endfacet
  facet normal 0.382892 0 -0.923793
    outer loop
      vertex -122.771 -3 8.35476
      vertex -122.445 0 8.48988
      vertex -122.445 -3 8.48988
    endloop
  endfacet
  facet normal 0.382892 0 -0.923793
    outer loop
      vertex -122.445 0 8.48988
      vertex -122.771 -3 8.35476
      vertex -122.771 0 8.35476
    endloop
  endfacet
  facet normal -0.233641 0 0.972323
    outer loop
      vertex -113.898 0 4.1277
      vertex -113.555 -3 4.21012
      vertex -113.555 0 4.21012
    endloop
  endfacet
  facet normal -0.233641 0 0.972323
    outer loop
      vertex -113.555 -3 4.21012
      vertex -113.898 0 4.1277
      vertex -113.898 -3 4.1277
    endloop
  endfacet
  facet normal 0.996851 -0 0.0792995
    outer loop
      vertex -124 -3 6.35
      vertex -123.972 0 5.99802
      vertex -124 0 6.35
    endloop
  endfacet
  facet normal 0.996851 0 0.0792995
    outer loop
      vertex -123.972 0 5.99802
      vertex -124 -3 6.35
      vertex -123.972 -3 5.99802
    endloop
  endfacet
  facet normal -0.650114 0 -0.759837
    outer loop
      vertex -112.927 -3 39.9203
      vertex -112.659 0 39.691
      vertex -112.659 -3 39.691
    endloop
  endfacet
  facet normal -0.650114 0 -0.759837
    outer loop
      vertex -112.659 0 39.691
      vertex -112.927 -3 39.9203
      vertex -112.927 0 39.9203
    endloop
  endfacet
  facet normal 0.923996 0 -0.382402
    outer loop
      vertex -123.755 -3 39.1215
      vertex -123.89 0 38.7953
      vertex -123.755 0 39.1215
    endloop
  endfacet
  facet normal 0.923996 0 -0.382402
    outer loop
      vertex -123.89 0 38.7953
      vertex -123.755 -3 39.1215
      vertex -123.89 -3 38.7953
    endloop
  endfacet
  facet normal -0.972639 0 0.232323
    outer loop
      vertex -112.11 -3 37.4047
      vertex -112.028 0 37.748
      vertex -112.11 0 37.4047
    endloop
  endfacet
  facet normal -0.972639 0 0.232323
    outer loop
      vertex -112.028 0 37.748
      vertex -112.11 -3 37.4047
      vertex -112.028 -3 37.748
    endloop
  endfacet
  facet normal -0.760855 0 0.648922
    outer loop
      vertex -112.659 -3 36.509
      vertex -112.43 0 36.7775
      vertex -112.659 0 36.509
    endloop
  endfacet
  facet normal -0.760855 0 0.648922
    outer loop
      vertex -112.43 0 36.7775
      vertex -112.659 -3 36.509
      vertex -112.43 -3 36.7775
    endloop
  endfacet
  facet normal 0.382844 0 0.923813
    outer loop
      vertex -122.771 0 36.0952
      vertex -122.445 -3 35.9601
      vertex -122.445 0 35.9601
    endloop
  endfacet
  facet normal 0.382844 0 0.923813
    outer loop
      vertex -122.445 -3 35.9601
      vertex -122.771 0 36.0952
      vertex -122.771 -3 36.0952
    endloop
  endfacet
  facet normal -0.85195 0 -0.523624
    outer loop
      vertex -112.245 -3 39.1215
      vertex -112.43 0 39.4225
      vertex -112.245 0 39.1215
    endloop
  endfacet
  facet normal -0.85195 -0 -0.523624
    outer loop
      vertex -112.43 0 39.4225
      vertex -112.245 -3 39.1215
      vertex -112.43 -3 39.4225
    endloop
  endfacet
  facet normal -0.233587 0 0.972336
    outer loop
      vertex -113.898 0 35.8777
      vertex -113.555 -3 35.9601
      vertex -113.555 0 35.9601
    endloop
  endfacet
  facet normal -0.233587 0 0.972336
    outer loop
      vertex -113.555 -3 35.9601
      vertex -113.898 0 35.8777
      vertex -113.898 -3 35.8777
    endloop
  endfacet
  facet normal 0.650114 0 -0.759837
    outer loop
      vertex -123.341 -3 39.691
      vertex -123.073 0 39.9203
      vertex -123.073 -3 39.9203
    endloop
  endfacet
  facet normal 0.650114 0 -0.759837
    outer loop
      vertex -123.073 0 39.9203
      vertex -123.341 -3 39.691
      vertex -123.341 0 39.691
    endloop
  endfacet
  facet normal -0.972639 0 -0.232323
    outer loop
      vertex -112.028 -3 38.452
      vertex -112.11 0 38.7953
      vertex -112.028 0 38.452
    endloop
  endfacet
  facet normal -0.972639 -0 -0.232323
    outer loop
      vertex -112.11 0 38.7953
      vertex -112.028 -3 38.452
      vertex -112.11 -3 38.7953
    endloop
  endfacet
  facet normal -0.521336 0 0.853352
    outer loop
      vertex -113.229 0 36.0952
      vertex -112.927 -3 36.2797
      vertex -112.927 0 36.2797
    endloop
  endfacet
  facet normal -0.521336 0 0.853352
    outer loop
      vertex -112.927 -3 36.2797
      vertex -113.229 0 36.0952
      vertex -113.229 -3 36.0952
    endloop
  endfacet
  facet normal 0.233587 0 0.972336
    outer loop
      vertex -122.445 0 35.9601
      vertex -122.102 -3 35.8777
      vertex -122.102 0 35.8777
    endloop
  endfacet
  facet normal 0.233587 0 0.972336
    outer loop
      vertex -122.102 -3 35.8777
      vertex -122.445 0 35.9601
      vertex -122.445 -3 35.9601
    endloop
  endfacet
  facet normal 0.972639 0 -0.232323
    outer loop
      vertex -123.89 -3 38.7953
      vertex -123.972 0 38.452
      vertex -123.89 0 38.7953
    endloop
  endfacet
  facet normal 0.972639 0 -0.232323
    outer loop
      vertex -123.972 0 38.452
      vertex -123.89 -3 38.7953
      vertex -123.972 -3 38.452
    endloop
  endfacet
  facet normal 0.650114 0 0.759837
    outer loop
      vertex -123.341 0 36.509
      vertex -123.073 -3 36.2797
      vertex -123.073 0 36.2797
    endloop
  endfacet
  facet normal 0.650114 0 0.759837
    outer loop
      vertex -123.073 -3 36.2797
      vertex -123.341 0 36.509
      vertex -123.341 -3 36.509
    endloop
  endfacet
  facet normal 0.760855 0 -0.648922
    outer loop
      vertex -123.341 -3 39.691
      vertex -123.57 0 39.4225
      vertex -123.341 0 39.691
    endloop
  endfacet
  facet normal 0.760855 0 -0.648922
    outer loop
      vertex -123.57 0 39.4225
      vertex -123.341 -3 39.691
      vertex -123.57 -3 39.4225
    endloop
  endfacet
  facet normal -0.233587 0 -0.972336
    outer loop
      vertex -113.898 -3 40.3223
      vertex -113.555 0 40.2399
      vertex -113.555 -3 40.2399
    endloop
  endfacet
  facet normal -0.233587 0 -0.972336
    outer loop
      vertex -113.555 0 40.2399
      vertex -113.898 -3 40.3223
      vertex -113.898 0 40.3223
    endloop
  endfacet
  facet normal 0.996851 -0 0.079295
    outer loop
      vertex -124 -3 38.1
      vertex -123.972 0 37.748
      vertex -124 0 38.1
    endloop
  endfacet
  facet normal 0.996851 0 0.079295
    outer loop
      vertex -123.972 0 37.748
      vertex -124 -3 38.1
      vertex -123.972 -3 37.748
    endloop
  endfacet
  facet normal 0.233587 0 -0.972336
    outer loop
      vertex -122.445 -3 40.2399
      vertex -122.102 0 40.3223
      vertex -122.102 -3 40.3223
    endloop
  endfacet
  facet normal 0.233587 0 -0.972336
    outer loop
      vertex -122.102 0 40.3223
      vertex -122.445 -3 40.2399
      vertex -122.445 0 40.2399
    endloop
  endfacet
  facet normal 0.521336 0 0.853352
    outer loop
      vertex -123.073 0 36.2797
      vertex -122.771 -3 36.0952
      vertex -122.771 0 36.0952
    endloop
  endfacet
  facet normal 0.521336 0 0.853352
    outer loop
      vertex -122.771 -3 36.0952
      vertex -123.073 0 36.2797
      vertex -123.073 -3 36.2797
    endloop
  endfacet
  facet normal -0.382844 0 -0.923813
    outer loop
      vertex -113.555 -3 40.2399
      vertex -113.229 0 40.1048
      vertex -113.229 -3 40.1048
    endloop
  endfacet
  facet normal -0.382844 0 -0.923813
    outer loop
      vertex -113.229 0 40.1048
      vertex -113.555 -3 40.2399
      vertex -113.555 0 40.2399
    endloop
  endfacet
  facet normal 0.972639 -0 0.232323
    outer loop
      vertex -123.972 -3 37.748
      vertex -123.89 0 37.4047
      vertex -123.972 0 37.748
    endloop
  endfacet
  facet normal 0.972639 0 0.232323
    outer loop
      vertex -123.89 0 37.4047
      vertex -123.972 -3 37.748
      vertex -123.89 -3 37.4047
    endloop
  endfacet
  facet normal -0.760855 0 -0.648922
    outer loop
      vertex -112.43 -3 39.4225
      vertex -112.659 0 39.691
      vertex -112.43 0 39.4225
    endloop
  endfacet
  facet normal -0.760855 -0 -0.648922
    outer loop
      vertex -112.659 0 39.691
      vertex -112.43 -3 39.4225
      vertex -112.659 -3 39.691
    endloop
  endfacet
  facet normal 0.0784506 0 -0.996918
    outer loop
      vertex -122.102 -3 40.3223
      vertex -121.75 0 40.35
      vertex -121.75 -3 40.35
    endloop
  endfacet
  facet normal 0.0784506 0 -0.996918
    outer loop
      vertex -121.75 0 40.35
      vertex -122.102 -3 40.3223
      vertex -122.102 0 40.3223
    endloop
  endfacet
  facet normal 0.0784506 0 0.996918
    outer loop
      vertex -122.102 0 35.8777
      vertex -121.75 -3 35.85
      vertex -121.75 0 35.85
    endloop
  endfacet
  facet normal 0.0784506 0 0.996918
    outer loop
      vertex -121.75 -3 35.85
      vertex -122.102 0 35.8777
      vertex -122.102 -3 35.8777
    endloop
  endfacet
  facet normal -0.85195 0 0.523624
    outer loop
      vertex -112.43 -3 36.7775
      vertex -112.245 0 37.0785
      vertex -112.43 0 36.7775
    endloop
  endfacet
  facet normal -0.85195 0 0.523624
    outer loop
      vertex -112.245 0 37.0785
      vertex -112.43 -3 36.7775
      vertex -112.245 -3 37.0785
    endloop
  endfacet
  facet normal 0.760855 -0 0.648922
    outer loop
      vertex -123.57 -3 36.7775
      vertex -123.341 0 36.509
      vertex -123.57 0 36.7775
    endloop
  endfacet
  facet normal 0.760855 0 0.648922
    outer loop
      vertex -123.341 0 36.509
      vertex -123.57 -3 36.7775
      vertex -123.341 -3 36.509
    endloop
  endfacet
  facet normal 0.923996 -0 0.382402
    outer loop
      vertex -123.89 -3 37.4047
      vertex -123.755 0 37.0785
      vertex -123.89 0 37.4047
    endloop
  endfacet
  facet normal 0.923996 0 0.382402
    outer loop
      vertex -123.755 0 37.0785
      vertex -123.89 -3 37.4047
      vertex -123.755 -3 37.0785
    endloop
  endfacet
  facet normal -0.923996 0 0.382402
    outer loop
      vertex -112.245 -3 37.0785
      vertex -112.11 0 37.4047
      vertex -112.245 0 37.0785
    endloop
  endfacet
  facet normal -0.923996 0 0.382402
    outer loop
      vertex -112.11 0 37.4047
      vertex -112.245 -3 37.0785
      vertex -112.11 -3 37.4047
    endloop
  endfacet
  facet normal 0 0 -1
    outer loop
      vertex -121.75 -3 40.35
      vertex -114.25 0 40.35
      vertex -114.25 -3 40.35
    endloop
  endfacet
  facet normal -0 0 -1
    outer loop
      vertex -114.25 0 40.35
      vertex -121.75 -3 40.35
      vertex -121.75 0 40.35
    endloop
  endfacet
  facet normal -0.0784506 0 0.996918
    outer loop
      vertex -114.25 0 35.85
      vertex -113.898 -3 35.8777
      vertex -113.898 0 35.8777
    endloop
  endfacet
  facet normal -0.0784506 0 0.996918
    outer loop
      vertex -113.898 -3 35.8777
      vertex -114.25 0 35.85
      vertex -114.25 -3 35.85
    endloop
  endfacet
  facet normal -0 0 1
    outer loop
      vertex -121.75 0 35.85
      vertex -114.25 -3 35.85
      vertex -114.25 0 35.85
    endloop
  endfacet
  facet normal 0 0 1
    outer loop
      vertex -114.25 -3 35.85
      vertex -121.75 0 35.85
      vertex -121.75 -3 35.85
    endloop
  endfacet
  facet normal 0.996851 0 -0.079295
    outer loop
      vertex -123.972 -3 38.452
      vertex -124 0 38.1
      vertex -123.972 0 38.452
    endloop
  endfacet
  facet normal 0.996851 0 -0.079295
    outer loop
      vertex -124 0 38.1
      vertex -123.972 -3 38.452
      vertex -124 -3 38.1
    endloop
  endfacet
  facet normal -0.382844 0 0.923813
    outer loop
      vertex -113.555 0 35.9601
      vertex -113.229 -3 36.0952
      vertex -113.229 0 36.0952
    endloop
  endfacet
  facet normal -0.382844 0 0.923813
    outer loop
      vertex -113.229 -3 36.0952
      vertex -113.555 0 35.9601
      vertex -113.555 -3 35.9601
    endloop
  endfacet
  facet normal 0.521336 0 -0.853352
    outer loop
      vertex -123.073 -3 39.9203
      vertex -122.771 0 40.1048
      vertex -122.771 -3 40.1048
    endloop
  endfacet
  facet normal 0.521336 0 -0.853352
    outer loop
      vertex -122.771 0 40.1048
      vertex -123.073 -3 39.9203
      vertex -123.073 0 39.9203
    endloop
  endfacet
  facet normal -0.650114 0 0.759837
    outer loop
      vertex -112.927 0 36.2797
      vertex -112.659 -3 36.509
      vertex -112.659 0 36.509
    endloop
  endfacet
  facet normal -0.650114 0 0.759837
    outer loop
      vertex -112.659 -3 36.509
      vertex -112.927 0 36.2797
      vertex -112.927 -3 36.2797
    endloop
  endfacet
  facet normal 0.85195 0 -0.523624
    outer loop
      vertex -123.57 -3 39.4225
      vertex -123.755 0 39.1215
      vertex -123.57 0 39.4225
    endloop
  endfacet
  facet normal 0.85195 0 -0.523624
    outer loop
      vertex -123.755 0 39.1215
      vertex -123.57 -3 39.4225
      vertex -123.755 -3 39.1215
    endloop
  endfacet
  facet normal -0.0784506 0 -0.996918
    outer loop
      vertex -114.25 -3 40.35
      vertex -113.898 0 40.3223
      vertex -113.898 -3 40.3223
    endloop
  endfacet
  facet normal -0.0784506 0 -0.996918
    outer loop
      vertex -113.898 0 40.3223
      vertex -114.25 -3 40.35
      vertex -114.25 0 40.35
    endloop
  endfacet
  facet normal -0.996851 0 -0.079295
    outer loop
      vertex -112 -3 38.1
      vertex -112.028 0 38.452
      vertex -112 0 38.1
    endloop
  endfacet
  facet normal -0.996851 -0 -0.079295
    outer loop
      vertex -112.028 0 38.452
      vertex -112 -3 38.1
      vertex -112.028 -3 38.452
    endloop
  endfacet
  facet normal -0.996851 0 0.079295
    outer loop
      vertex -112.028 -3 37.748
      vertex -112 0 38.1
      vertex -112.028 0 37.748
    endloop
  endfacet
  facet normal -0.996851 0 0.079295
    outer loop
      vertex -112 0 38.1
      vertex -112.028 -3 37.748
      vertex -112 -3 38.1
    endloop
  endfacet
  facet normal -0.521336 0 -0.853352
    outer loop
      vertex -113.229 -3 40.1048
      vertex -112.927 0 39.9203
      vertex -112.927 -3 39.9203
    endloop
  endfacet
  facet normal -0.521336 0 -0.853352
    outer loop
      vertex -112.927 0 39.9203
      vertex -113.229 -3 40.1048
      vertex -113.229 0 40.1048
    endloop
  endfacet
  facet normal -0.923996 0 -0.382402
    outer loop
      vertex -112.11 -3 38.7953
      vertex -112.245 0 39.1215
      vertex -112.11 0 38.7953
    endloop
  endfacet
  facet normal -0.923996 -0 -0.382402
    outer loop
      vertex -112.245 0 39.1215
      vertex -112.11 -3 38.7953
      vertex -112.245 -3 39.1215
    endloop
  endfacet
  facet normal 0.85195 -0 0.523624
    outer loop
      vertex -123.755 -3 37.0785
      vertex -123.57 0 36.7775
      vertex -123.755 0 37.0785
    endloop
  endfacet
  facet normal 0.85195 0 0.523624
    outer loop
      vertex -123.57 0 36.7775
      vertex -123.755 -3 37.0785
      vertex -123.57 -3 36.7775
    endloop
  endfacet
  facet normal 0.382844 0 -0.923813
    outer loop
      vertex -122.771 -3 40.1048
      vertex -122.445 0 40.2399
      vertex -122.445 -3 40.2399
    endloop
  endfacet
  facet normal 0.382844 0 -0.923813
    outer loop
      vertex -122.445 0 40.2399
      vertex -122.771 -3 40.1048
      vertex -122.771 0 40.1048
    endloop
  endfacet
  facet normal -0.650114 0 -0.759837
    outer loop
      vertex 123.073 -3 8.17029
      vertex 123.341 0 7.94099
      vertex 123.341 -3 7.94099
    endloop
  endfacet
  facet normal -0.650114 0 -0.759837
    outer loop
      vertex 123.341 0 7.94099
      vertex 123.073 -3 8.17029
      vertex 123.073 0 8.17029
    endloop
  endfacet
  facet normal 0.923992 0 -0.382412
    outer loop
      vertex 112.245 -3 7.37148
      vertex 112.11 0 7.04529
      vertex 112.245 0 7.37148
    endloop
  endfacet
  facet normal 0.923992 0 -0.382412
    outer loop
      vertex 112.11 0 7.04529
      vertex 112.245 -3 7.37148
      vertex 112.11 -3 7.04529
    endloop
  endfacet
  facet normal -0.97264 0 0.232316
    outer loop
      vertex 123.89 -3 5.65471
      vertex 123.972 0 5.99802
      vertex 123.89 0 5.65471
    endloop
  endfacet
  facet normal -0.97264 0 0.232316
    outer loop
      vertex 123.972 0 5.99802
      vertex 123.89 -3 5.65471
      vertex 123.972 -3 5.99802
    endloop
  endfacet
  facet normal -0.760819 0 0.648964
    outer loop
      vertex 123.341 -3 4.75901
      vertex 123.57 0 5.02748
      vertex 123.341 0 4.75901
    endloop
  endfacet
  facet normal -0.760819 0 0.648964
    outer loop
      vertex 123.57 0 5.02748
      vertex 123.341 -3 4.75901
      vertex 123.57 -3 5.02748
    endloop
  endfacet
  facet normal 0.382868 0 0.923803
    outer loop
      vertex 113.229 0 4.34523
      vertex 113.555 -3 4.21012
      vertex 113.555 0 4.21012
    endloop
  endfacet
  facet normal 0.382868 0 0.923803
    outer loop
      vertex 113.555 -3 4.21012
      vertex 113.229 0 4.34523
      vertex 113.229 -3 4.34523
    endloop
  endfacet
  facet normal -0.851981 0 -0.523573
    outer loop
      vertex 123.755 -3 7.37148
      vertex 123.57 0 7.67252
      vertex 123.755 0 7.37148
    endloop
  endfacet
  facet normal -0.851981 -0 -0.523573
    outer loop
      vertex 123.57 0 7.67252
      vertex 123.755 -3 7.37148
      vertex 123.57 -3 7.67252
    endloop
  endfacet
  facet normal -0.233641 0 0.972323
    outer loop
      vertex 122.102 0 4.1277
      vertex 122.445 -3 4.21012
      vertex 122.445 0 4.21012
    endloop
  endfacet
  facet normal -0.233641 0 0.972323
    outer loop
      vertex 122.445 -3 4.21012
      vertex 122.102 0 4.1277
      vertex 122.102 -3 4.1277
    endloop
  endfacet
  facet normal 0.650114 0 -0.759837
    outer loop
      vertex 112.659 -3 7.94099
      vertex 112.927 0 8.17029
      vertex 112.927 -3 8.17029
    endloop
  endfacet
  facet normal 0.650114 0 -0.759837
    outer loop
      vertex 112.927 0 8.17029
      vertex 112.659 -3 7.94099
      vertex 112.659 0 7.94099
    endloop
  endfacet
  facet normal -0.97264 0 -0.232316
    outer loop
      vertex 123.972 -3 6.70198
      vertex 123.89 0 7.04529
      vertex 123.972 0 6.70198
    endloop
  endfacet
  facet normal -0.97264 -0 -0.232316
    outer loop
      vertex 123.89 0 7.04529
      vertex 123.972 -3 6.70198
      vertex 123.89 -3 7.04529
    endloop
  endfacet
  facet normal -0.521295 0 0.853377
    outer loop
      vertex 122.771 0 4.34523
      vertex 123.073 -3 4.52971
      vertex 123.073 0 4.52971
    endloop
  endfacet
  facet normal -0.521295 0 0.853377
    outer loop
      vertex 123.073 -3 4.52971
      vertex 122.771 0 4.34523
      vertex 122.771 -3 4.34523
    endloop
  endfacet
  facet normal 0.233641 0 0.972323
    outer loop
      vertex 113.555 0 4.21012
      vertex 113.898 -3 4.1277
      vertex 113.898 0 4.1277
    endloop
  endfacet
  facet normal 0.233641 0 0.972323
    outer loop
      vertex 113.898 -3 4.1277
      vertex 113.555 0 4.21012
      vertex 113.555 -3 4.21012
    endloop
  endfacet
  facet normal 0.97264 0 -0.232316
    outer loop
      vertex 112.11 -3 7.04529
      vertex 112.028 0 6.70198
      vertex 112.11 0 7.04529
    endloop
  endfacet
  facet normal 0.97264 0 -0.232316
    outer loop
      vertex 112.028 0 6.70198
      vertex 112.11 -3 7.04529
      vertex 112.028 -3 6.70198
    endloop
  endfacet
  facet normal 0.650114 0 0.759837
    outer loop
      vertex 112.659 0 4.75901
      vertex 112.927 -3 4.52971
      vertex 112.927 0 4.52971
    endloop
  endfacet
  facet normal 0.650114 0 0.759837
    outer loop
      vertex 112.927 -3 4.52971
      vertex 112.659 0 4.75901
      vertex 112.659 -3 4.75901
    endloop
  endfacet
  facet normal 0.760819 0 -0.648964
    outer loop
      vertex 112.659 -3 7.94099
      vertex 112.43 0 7.67252
      vertex 112.659 0 7.94099
    endloop
  endfacet
  facet normal 0.760819 0 -0.648964
    outer loop
      vertex 112.43 0 7.67252
      vertex 112.659 -3 7.94099
      vertex 112.43 -3 7.67252
    endloop
  endfacet
  facet normal -0.233641 0 -0.972323
    outer loop
      vertex 122.102 -3 8.5723
      vertex 122.445 0 8.48988
      vertex 122.445 -3 8.48988
    endloop
  endfacet
  facet normal -0.233641 0 -0.972323
    outer loop
      vertex 122.445 0 8.48988
      vertex 122.102 -3 8.5723
      vertex 122.102 0 8.5723
    endloop
  endfacet
  facet normal 0.996851 -0 0.0792995
    outer loop
      vertex 112 -3 6.35
      vertex 112.028 0 5.99802
      vertex 112 0 6.35
    endloop
  endfacet
  facet normal 0.996851 0 0.0792995
    outer loop
      vertex 112.028 0 5.99802
      vertex 112 -3 6.35
      vertex 112.028 -3 5.99802
    endloop
  endfacet
  facet normal 0.233641 0 -0.972323
    outer loop
      vertex 113.555 -3 8.48988
      vertex 113.898 0 8.5723
      vertex 113.898 -3 8.5723
    endloop
  endfacet
  facet normal 0.233641 0 -0.972323
    outer loop
      vertex 113.898 0 8.5723
      vertex 113.555 -3 8.48988
      vertex 113.555 0 8.48988
    endloop
  endfacet
  facet normal 0.521295 0 0.853377
    outer loop
      vertex 112.927 0 4.52971
      vertex 113.229 -3 4.34523
      vertex 113.229 0 4.34523
    endloop
  endfacet
  facet normal 0.521295 0 0.853377
    outer loop
      vertex 113.229 -3 4.34523
      vertex 112.927 0 4.52971
      vertex 112.927 -3 4.52971
    endloop
  endfacet
  facet normal -0.382892 0 -0.923793
    outer loop
      vertex 122.445 -3 8.48988
      vertex 122.771 0 8.35476
      vertex 122.771 -3 8.35476
    endloop
  endfacet
  facet normal -0.382892 0 -0.923793
    outer loop
      vertex 122.771 0 8.35476
      vertex 122.445 -3 8.48988
      vertex 122.445 0 8.48988
    endloop
  endfacet
  facet normal 0.97264 -0 0.232316
    outer loop
      vertex 112.028 -3 5.99802
      vertex 112.11 0 5.65471
      vertex 112.028 0 5.99802
    endloop
  endfacet
  facet normal 0.97264 0 0.232316
    outer loop
      vertex 112.11 0 5.65471
      vertex 112.028 -3 5.99802
      vertex 112.11 -3 5.65471
    endloop
  endfacet
  facet normal -0.760819 0 -0.648964
    outer loop
      vertex 123.57 -3 7.67252
      vertex 123.341 0 7.94099
      vertex 123.57 0 7.67252
    endloop
  endfacet
  facet normal -0.760819 -0 -0.648964
    outer loop
      vertex 123.341 0 7.94099
      vertex 123.57 -3 7.67252
      vertex 123.341 -3 7.94099
    endloop
  endfacet
  facet normal 0.0784506 0 -0.996918
    outer loop
      vertex 113.898 -3 8.5723
      vertex 114.25 0 8.6
      vertex 114.25 -3 8.6
    endloop
  endfacet
  facet normal 0.0784506 0 -0.996918
    outer loop
      vertex 114.25 0 8.6
      vertex 113.898 -3 8.5723
      vertex 113.898 0 8.5723
    endloop
  endfacet
  facet normal 0.0784506 0 0.996918
    outer loop
      vertex 113.898 0 4.1277
      vertex 114.25 -3 4.1
      vertex 114.25 0 4.1
    endloop
  endfacet
  facet normal 0.0784506 0 0.996918
    outer loop
      vertex 114.25 -3 4.1
      vertex 113.898 0 4.1277
      vertex 113.898 -3 4.1277
    endloop
  endfacet
  facet normal -0.851981 0 0.523573
    outer loop
      vertex 123.57 -3 5.02748
      vertex 123.755 0 5.32852
      vertex 123.57 0 5.02748
    endloop
  endfacet
  facet normal -0.851981 0 0.523573
    outer loop
      vertex 123.755 0 5.32852
      vertex 123.57 -3 5.02748
      vertex 123.755 -3 5.32852
    endloop
  endfacet
  facet normal 0.760819 -0 0.648964
    outer loop
      vertex 112.43 -3 5.02748
      vertex 112.659 0 4.75901
      vertex 112.43 0 5.02748
    endloop
  endfacet
  facet normal 0.760819 0 0.648964
    outer loop
      vertex 112.659 0 4.75901
      vertex 112.43 -3 5.02748
      vertex 112.659 -3 4.75901
    endloop
  endfacet
  facet normal 0.923992 -0 0.382412
    outer loop
      vertex 112.11 -3 5.65471
      vertex 112.245 0 5.32852
      vertex 112.11 0 5.65471
    endloop
  endfacet
  facet normal 0.923992 0 0.382412
    outer loop
      vertex 112.245 0 5.32852
      vertex 112.11 -3 5.65471
      vertex 112.245 -3 5.32852
    endloop
  endfacet
  facet normal -0.923992 0 0.382412
    outer loop
      vertex 123.755 -3 5.32852
      vertex 123.89 0 5.65471
      vertex 123.755 0 5.32852
    endloop
  endfacet
  facet normal -0.923992 0 0.382412
    outer loop
      vertex 123.89 0 5.65471
      vertex 123.755 -3 5.32852
      vertex 123.89 -3 5.65471
    endloop
  endfacet
  facet normal 0 0 -1
    outer loop
      vertex 114.25 -3 8.6
      vertex 121.75 0 8.6
      vertex 121.75 -3 8.6
    endloop
  endfacet
  facet normal -0 0 -1
    outer loop
      vertex 121.75 0 8.6
      vertex 114.25 -3 8.6
      vertex 114.25 0 8.6
    endloop
  endfacet
  facet normal 0.382892 0 -0.923793
    outer loop
      vertex 113.229 -3 8.35476
      vertex 113.555 0 8.48988
      vertex 113.555 -3 8.48988
    endloop
  endfacet
  facet normal 0.382892 0 -0.923793
    outer loop
      vertex 113.555 0 8.48988
      vertex 113.229 -3 8.35476
      vertex 113.229 0 8.35476
    endloop
  endfacet
  facet normal -0.0784506 0 0.996918
    outer loop
      vertex 121.75 0 4.1
      vertex 122.102 -3 4.1277
      vertex 122.102 0 4.1277
    endloop
  endfacet
  facet normal -0.0784506 0 0.996918
    outer loop
      vertex 122.102 -3 4.1277
      vertex 121.75 0 4.1
      vertex 121.75 -3 4.1
    endloop
  endfacet
  facet normal -0 0 1
    outer loop
      vertex 114.25 0 4.1
      vertex 121.75 -3 4.1
      vertex 121.75 0 4.1
    endloop
  endfacet
  facet normal 0 0 1
    outer loop
      vertex 121.75 -3 4.1
      vertex 114.25 0 4.1
      vertex 114.25 -3 4.1
    endloop
  endfacet
  facet normal 0.996851 0 -0.0792995
    outer loop
      vertex 112.028 -3 6.70198
      vertex 112 0 6.35
      vertex 112.028 0 6.70198
    endloop
  endfacet
  facet normal 0.996851 0 -0.0792995
    outer loop
      vertex 112 0 6.35
      vertex 112.028 -3 6.70198
      vertex 112 -3 6.35
    endloop
  endfacet
  facet normal -0.382868 0 0.923803
    outer loop
      vertex 122.445 0 4.21012
      vertex 122.771 -3 4.34523
      vertex 122.771 0 4.34523
    endloop
  endfacet
  facet normal -0.382868 0 0.923803
    outer loop
      vertex 122.771 -3 4.34523
      vertex 122.445 0 4.21012
      vertex 122.445 -3 4.21012
    endloop
  endfacet
  facet normal 0.521274 0 -0.853389
    outer loop
      vertex 112.927 -3 8.17029
      vertex 113.229 0 8.35476
      vertex 113.229 -3 8.35476
    endloop
  endfacet
  facet normal 0.521274 0 -0.853389
    outer loop
      vertex 113.229 0 8.35476
      vertex 112.927 -3 8.17029
      vertex 112.927 0 8.17029
    endloop
  endfacet
  facet normal -0.650114 0 0.759837
    outer loop
      vertex 123.073 0 4.52971
      vertex 123.341 -3 4.75901
      vertex 123.341 0 4.75901
    endloop
  endfacet
  facet normal -0.650114 0 0.759837
    outer loop
      vertex 123.341 -3 4.75901
      vertex 123.073 0 4.52971
      vertex 123.073 -3 4.52971
    endloop
  endfacet
  facet normal 0.851981 0 -0.523573
    outer loop
      vertex 112.43 -3 7.67252
      vertex 112.245 0 7.37148
      vertex 112.43 0 7.67252
    endloop
  endfacet
  facet normal 0.851981 0 -0.523573
    outer loop
      vertex 112.245 0 7.37148
      vertex 112.43 -3 7.67252
      vertex 112.245 -3 7.37148
    endloop
  endfacet
  facet normal -0.0784506 0 -0.996918
    outer loop
      vertex 121.75 -3 8.6
      vertex 122.102 0 8.5723
      vertex 122.102 -3 8.5723
    endloop
  endfacet
  facet normal -0.0784506 0 -0.996918
    outer loop
      vertex 122.102 0 8.5723
      vertex 121.75 -3 8.6
      vertex 121.75 0 8.6
    endloop
  endfacet
  facet normal -0.996851 0 -0.0792995
    outer loop
      vertex 124 -3 6.35
      vertex 123.972 0 6.70198
      vertex 124 0 6.35
    endloop
  endfacet
  facet normal -0.996851 -0 -0.0792995
    outer loop
      vertex 123.972 0 6.70198
      vertex 124 -3 6.35
      vertex 123.972 -3 6.70198
    endloop
  endfacet
  facet normal -0.996851 0 0.0792995
    outer loop
      vertex 123.972 -3 5.99802
      vertex 124 0 6.35
      vertex 123.972 0 5.99802
    endloop
  endfacet
  facet normal -0.996851 0 0.0792995
    outer loop
      vertex 124 0 6.35
      vertex 123.972 -3 5.99802
      vertex 124 -3 6.35
    endloop
  endfacet
  facet normal -0.521274 0 -0.853389
    outer loop
      vertex 122.771 -3 8.35476
      vertex 123.073 0 8.17029
      vertex 123.073 -3 8.17029
    endloop
  endfacet
  facet normal -0.521274 0 -0.853389
    outer loop
      vertex 123.073 0 8.17029
      vertex 122.771 -3 8.35476
      vertex 122.771 0 8.35476
    endloop
  endfacet
  facet normal -0.923992 0 -0.382412
    outer loop
      vertex 123.89 -3 7.04529
      vertex 123.755 0 7.37148
      vertex 123.89 0 7.04529
    endloop
  endfacet
  facet normal -0.923992 -0 -0.382412
    outer loop
      vertex 123.755 0 7.37148
      vertex 123.89 -3 7.04529
      vertex 123.755 -3 7.37148
    endloop
  endfacet
  facet normal 0.851981 -0 0.523573
    outer loop
      vertex 112.245 -3 5.32852
      vertex 112.43 0 5.02748
      vertex 112.245 0 5.32852
    endloop
  endfacet
  facet normal 0.851981 0 0.523573
    outer loop
      vertex 112.43 0 5.02748
      vertex 112.245 -3 5.32852
      vertex 112.43 -3 5.02748
    endloop
  endfacet
  facet normal -0.650114 0 -0.759837
    outer loop
      vertex 123.073 -3 39.9203
      vertex 123.341 0 39.691
      vertex 123.341 -3 39.691
    endloop
  endfacet
  facet normal -0.650114 0 -0.759837
    outer loop
      vertex 123.341 0 39.691
      vertex 123.073 -3 39.9203
      vertex 123.073 0 39.9203
    endloop
  endfacet
  facet normal 0.923996 0 -0.382402
    outer loop
      vertex 112.245 -3 39.1215
      vertex 112.11 0 38.7953
      vertex 112.245 0 39.1215
    endloop
  endfacet
  facet normal 0.923996 0 -0.382402
    outer loop
      vertex 112.11 0 38.7953
      vertex 112.245 -3 39.1215
      vertex 112.11 -3 38.7953
    endloop
  endfacet
  facet normal -0.972639 0 0.232323
    outer loop
      vertex 123.89 -3 37.4047
      vertex 123.972 0 37.748
      vertex 123.89 0 37.4047
    endloop
  endfacet
  facet normal -0.972639 0 0.232323
    outer loop
      vertex 123.972 0 37.748
      vertex 123.89 -3 37.4047
      vertex 123.972 -3 37.748
    endloop
  endfacet
  facet normal -0.760855 0 0.648922
    outer loop
      vertex 123.341 -3 36.509
      vertex 123.57 0 36.7775
      vertex 123.341 0 36.509
    endloop
  endfacet
  facet normal -0.760855 0 0.648922
    outer loop
      vertex 123.57 0 36.7775
      vertex 123.341 -3 36.509
      vertex 123.57 -3 36.7775
    endloop
  endfacet
  facet normal 0.382844 0 0.923813
    outer loop
      vertex 113.229 0 36.0952
      vertex 113.555 -3 35.9601
      vertex 113.555 0 35.9601
    endloop
  endfacet
  facet normal 0.382844 0 0.923813
    outer loop
      vertex 113.555 -3 35.9601
      vertex 113.229 0 36.0952
      vertex 113.229 -3 36.0952
    endloop
  endfacet
  facet normal -0.85195 0 -0.523624
    outer loop
      vertex 123.755 -3 39.1215
      vertex 123.57 0 39.4225
      vertex 123.755 0 39.1215
    endloop
  endfacet
  facet normal -0.85195 -0 -0.523624
    outer loop
      vertex 123.57 0 39.4225
      vertex 123.755 -3 39.1215
      vertex 123.57 -3 39.4225
    endloop
  endfacet
  facet normal -0.233587 0 0.972336
    outer loop
      vertex 122.102 0 35.8777
      vertex 122.445 -3 35.9601
      vertex 122.445 0 35.9601
    endloop
  endfacet
  facet normal -0.233587 0 0.972336
    outer loop
      vertex 122.445 -3 35.9601
      vertex 122.102 0 35.8777
      vertex 122.102 -3 35.8777
    endloop
  endfacet
  facet normal 0.650114 0 -0.759837
    outer loop
      vertex 112.659 -3 39.691
      vertex 112.927 0 39.9203
      vertex 112.927 -3 39.9203
    endloop
  endfacet
  facet normal 0.650114 0 -0.759837
    outer loop
      vertex 112.927 0 39.9203
      vertex 112.659 -3 39.691
      vertex 112.659 0 39.691
    endloop
  endfacet
  facet normal -0.972639 0 -0.232323
    outer loop
      vertex 123.972 -3 38.452
      vertex 123.89 0 38.7953
      vertex 123.972 0 38.452
    endloop
  endfacet
  facet normal -0.972639 -0 -0.232323
    outer loop
      vertex 123.89 0 38.7953
      vertex 123.972 -3 38.452
      vertex 123.89 -3 38.7953
    endloop
  endfacet
  facet normal -0.521336 0 0.853352
    outer loop
      vertex 122.771 0 36.0952
      vertex 123.073 -3 36.2797
      vertex 123.073 0 36.2797
    endloop
  endfacet
  facet normal -0.521336 0 0.853352
    outer loop
      vertex 123.073 -3 36.2797
      vertex 122.771 0 36.0952
      vertex 122.771 -3 36.0952
    endloop
  endfacet
  facet normal 0.233587 0 0.972336
    outer loop
      vertex 113.555 0 35.9601
      vertex 113.898 -3 35.8777
      vertex 113.898 0 35.8777
    endloop
  endfacet
  facet normal 0.233587 0 0.972336
    outer loop
      vertex 113.898 -3 35.8777
      vertex 113.555 0 35.9601
      vertex 113.555 -3 35.9601
    endloop
  endfacet
  facet normal 0.972639 0 -0.232323
    outer loop
      vertex 112.11 -3 38.7953
      vertex 112.028 0 38.452
      vertex 112.11 0 38.7953
    endloop
  endfacet
  facet normal 0.972639 0 -0.232323
    outer loop
      vertex 112.028 0 38.452
      vertex 112.11 -3 38.7953
      vertex 112.028 -3 38.452
    endloop
  endfacet
  facet normal 0.650114 0 0.759837
    outer loop
      vertex 112.659 0 36.509
      vertex 112.927 -3 36.2797
      vertex 112.927 0 36.2797
    endloop
  endfacet
  facet normal 0.650114 0 0.759837
    outer loop
      vertex 112.927 -3 36.2797
      vertex 112.659 0 36.509
      vertex 112.659 -3 36.509
    endloop
  endfacet
  facet normal 0.760855 0 -0.648922
    outer loop
      vertex 112.659 -3 39.691
      vertex 112.43 0 39.4225
      vertex 112.659 0 39.691
    endloop
  endfacet
  facet normal 0.760855 0 -0.648922
    outer loop
      vertex 112.43 0 39.4225
      vertex 112.659 -3 39.691
      vertex 112.43 -3 39.4225
    endloop
  endfacet
  facet normal -0.233587 0 -0.972336
    outer loop
      vertex 122.102 -3 40.3223
      vertex 122.445 0 40.2399
      vertex 122.445 -3 40.2399
    endloop
  endfacet
  facet normal -0.233587 0 -0.972336
    outer loop
      vertex 122.445 0 40.2399
      vertex 122.102 -3 40.3223
      vertex 122.102 0 40.3223
    endloop
  endfacet
  facet normal 0.996851 -0 0.079295
    outer loop
      vertex 112 -3 38.1
      vertex 112.028 0 37.748
      vertex 112 0 38.1
    endloop
  endfacet
  facet normal 0.996851 0 0.079295
    outer loop
      vertex 112.028 0 37.748
      vertex 112 -3 38.1
      vertex 112.028 -3 37.748
    endloop
  endfacet
  facet normal 0.233587 0 -0.972336
    outer loop
      vertex 113.555 -3 40.2399
      vertex 113.898 0 40.3223
      vertex 113.898 -3 40.3223
    endloop
  endfacet
  facet normal 0.233587 0 -0.972336
    outer loop
      vertex 113.898 0 40.3223
      vertex 113.555 -3 40.2399
      vertex 113.555 0 40.2399
    endloop
  endfacet
  facet normal 0.521336 0 0.853352
    outer loop
      vertex 112.927 0 36.2797
      vertex 113.229 -3 36.0952
      vertex 113.229 0 36.0952
    endloop
  endfacet
  facet normal 0.521336 0 0.853352
    outer loop
      vertex 113.229 -3 36.0952
      vertex 112.927 0 36.2797
      vertex 112.927 -3 36.2797
    endloop
  endfacet
  facet normal -0.382844 0 -0.923813
    outer loop
      vertex 122.445 -3 40.2399
      vertex 122.771 0 40.1048
      vertex 122.771 -3 40.1048
    endloop
  endfacet
  facet normal -0.382844 0 -0.923813
    outer loop
      vertex 122.771 0 40.1048
      vertex 122.445 -3 40.2399
      vertex 122.445 0 40.2399
    endloop
  endfacet
  facet normal 0.972639 -0 0.232323
    outer loop
      vertex 112.028 -3 37.748
      vertex 112.11 0 37.4047
      vertex 112.028 0 37.748
    endloop
  endfacet
  facet normal 0.972639 0 0.232323
    outer loop
      vertex 112.11 0 37.4047
      vertex 112.028 -3 37.748
      vertex 112.11 -3 37.4047
    endloop
  endfacet
  facet normal -0.760855 0 -0.648922
    outer loop
      vertex 123.57 -3 39.4225
      vertex 123.341 0 39.691
      vertex 123.57 0 39.4225
    endloop
  endfacet
  facet normal -0.760855 -0 -0.648922
    outer loop
      vertex 123.341 0 39.691
      vertex 123.57 -3 39.4225
      vertex 123.341 -3 39.691
    endloop
  endfacet
  facet normal 0.0784506 0 -0.996918
    outer loop
      vertex 113.898 -3 40.3223
      vertex 114.25 0 40.35
      vertex 114.25 -3 40.35
    endloop
  endfacet
  facet normal 0.0784506 0 -0.996918
    outer loop
      vertex 114.25 0 40.35
      vertex 113.898 -3 40.3223
      vertex 113.898 0 40.3223
    endloop
  endfacet
  facet normal 0.0784506 0 0.996918
    outer loop
      vertex 113.898 0 35.8777
      vertex 114.25 -3 35.85
      vertex 114.25 0 35.85
    endloop
  endfacet
  facet normal 0.0784506 0 0.996918
    outer loop
      vertex 114.25 -3 35.85
      vertex 113.898 0 35.8777
      vertex 113.898 -3 35.8777
    endloop
  endfacet
  facet normal -0.85195 0 0.523624
    outer loop
      vertex 123.57 -3 36.7775
      vertex 123.755 0 37.0785
      vertex 123.57 0 36.7775
    endloop
  endfacet
  facet normal -0.85195 0 0.523624
    outer loop
      vertex 123.755 0 37.0785
      vertex 123.57 -3 36.7775
      vertex 123.755 -3 37.0785
    endloop
  endfacet
  facet normal 0.760855 -0 0.648922
    outer loop
      vertex 112.43 -3 36.7775
      vertex 112.659 0 36.509
      vertex 112.43 0 36.7775
    endloop
  endfacet
  facet normal 0.760855 0 0.648922
    outer loop
      vertex 112.659 0 36.509
      vertex 112.43 -3 36.7775
      vertex 112.659 -3 36.509
    endloop
  endfacet
  facet normal 0.923996 -0 0.382402
    outer loop
      vertex 112.11 -3 37.4047
      vertex 112.245 0 37.0785
      vertex 112.11 0 37.4047
    endloop
  endfacet
  facet normal 0.923996 0 0.382402
    outer loop
      vertex 112.245 0 37.0785
      vertex 112.11 -3 37.4047
      vertex 112.245 -3 37.0785
    endloop
  endfacet
  facet normal -0.923996 0 0.382402
    outer loop
      vertex 123.755 -3 37.0785
      vertex 123.89 0 37.4047
      vertex 123.755 0 37.0785
    endloop
  endfacet
  facet normal -0.923996 0 0.382402
    outer loop
      vertex 123.89 0 37.4047
      vertex 123.755 -3 37.0785
      vertex 123.89 -3 37.4047
    endloop
  endfacet
  facet normal 0 0 -1
    outer loop
      vertex 114.25 -3 40.35
      vertex 121.75 0 40.35
      vertex 121.75 -3 40.35
    endloop
  endfacet
  facet normal -0 0 -1
    outer loop
      vertex 121.75 0 40.35
      vertex 114.25 -3 40.35
      vertex 114.25 0 40.35
    endloop
  endfacet
  facet normal -0.0784506 0 0.996918
    outer loop
      vertex 121.75 0 35.85
      vertex 122.102 -3 35.8777
      vertex 122.102 0 35.8777
    endloop
  endfacet
  facet normal -0.0784506 0 0.996918
    outer loop
      vertex 122.102 -3 35.8777
      vertex 121.75 0 35.85
      vertex 121.75 -3 35.85
    endloop
  endfacet
  facet normal -0 0 1
    outer loop
      vertex 114.25 0 35.85
      vertex 121.75 -3 35.85
      vertex 121.75 0 35.85
    endloop
  endfacet
  facet normal 0 0 1
    outer loop
      vertex 121.75 -3 35.85
      vertex 114.25 0 35.85
      vertex 114.25 -3 35.85
    endloop
  endfacet
  facet normal 0.996851 0 -0.079295
    outer loop
      vertex 112.028 -3 38.452
      vertex 112 0 38.1
      vertex 112.028 0 38.452
    endloop
  endfacet
  facet normal 0.996851 0 -0.079295
    outer loop
      vertex 112 0 38.1
      vertex 112.028 -3 38.452
      vertex 112 -3 38.1
    endloop
  endfacet
  facet normal -0.382844 0 0.923813
    outer loop
      vertex 122.445 0 35.9601
      vertex 122.771 -3 36.0952
      vertex 122.771 0 36.0952
    endloop
  endfacet
  facet normal -0.382844 0 0.923813
    outer loop
      vertex 122.771 -3 36.0952
      vertex 122.445 0 35.9601
      vertex 122.445 -3 35.9601
    endloop
  endfacet
  facet normal 0.521336 0 -0.853352
    outer loop
      vertex 112.927 -3 39.9203
      vertex 113.229 0 40.1048
      vertex 113.229 -3 40.1048
    endloop
  endfacet
  facet normal 0.521336 0 -0.853352
    outer loop
      vertex 113.229 0 40.1048
      vertex 112.927 -3 39.9203
      vertex 112.927 0 39.9203
    endloop
  endfacet
  facet normal -0.650114 0 0.759837
    outer loop
      vertex 123.073 0 36.2797
      vertex 123.341 -3 36.509
      vertex 123.341 0 36.509
    endloop
  endfacet
  facet normal -0.650114 0 0.759837
    outer loop
      vertex 123.341 -3 36.509
      vertex 123.073 0 36.2797
      vertex 123.073 -3 36.2797
    endloop
  endfacet
  facet normal 0.85195 0 -0.523624
    outer loop
      vertex 112.43 -3 39.4225
      vertex 112.245 0 39.1215
      vertex 112.43 0 39.4225
    endloop
  endfacet
  facet normal 0.85195 0 -0.523624
    outer loop
      vertex 112.245 0 39.1215
      vertex 112.43 -3 39.4225
      vertex 112.245 -3 39.1215
    endloop
  endfacet
  facet normal -0.0784506 0 -0.996918
    outer loop
      vertex 121.75 -3 40.35
      vertex 122.102 0 40.3223
      vertex 122.102 -3 40.3223
    endloop
  endfacet
  facet normal -0.0784506 0 -0.996918
    outer loop
      vertex 122.102 0 40.3223
      vertex 121.75 -3 40.35
      vertex 121.75 0 40.35
    endloop
  endfacet
  facet normal -0.996851 0 -0.079295
    outer loop
      vertex 124 -3 38.1
      vertex 123.972 0 38.452
      vertex 124 0 38.1
    endloop
  endfacet
  facet normal -0.996851 -0 -0.079295
    outer loop
      vertex 123.972 0 38.452
      vertex 124 -3 38.1
      vertex 123.972 -3 38.452
    endloop
  endfacet
  facet normal -0.996851 0 0.079295
    outer loop
      vertex 123.972 -3 37.748
      vertex 124 0 38.1
      vertex 123.972 0 37.748
    endloop
  endfacet
  facet normal -0.996851 0 0.079295
    outer loop
      vertex 124 0 38.1
      vertex 123.972 -3 37.748
      vertex 124 -3 38.1
    endloop
  endfacet
  facet normal -0.521336 0 -0.853352
    outer loop
      vertex 122.771 -3 40.1048
      vertex 123.073 0 39.9203
      vertex 123.073 -3 39.9203
    endloop
  endfacet
  facet normal -0.521336 0 -0.853352
    outer loop
      vertex 123.073 0 39.9203
      vertex 122.771 -3 40.1048
      vertex 122.771 0 40.1048
    endloop
  endfacet
  facet normal -0.923996 0 -0.382402
    outer loop
      vertex 123.89 -3 38.7953
      vertex 123.755 0 39.1215
      vertex 123.89 0 38.7953
    endloop
  endfacet
  facet normal -0.923996 -0 -0.382402
    outer loop
      vertex 123.755 0 39.1215
      vertex 123.89 -3 38.7953
      vertex 123.755 -3 39.1215
    endloop
  endfacet
  facet normal 0.85195 -0 0.523624
    outer loop
      vertex 112.245 -3 37.0785
      vertex 112.43 0 36.7775
      vertex 112.245 0 37.0785
    endloop
  endfacet
  facet normal 0.85195 0 0.523624
    outer loop
      vertex 112.43 0 36.7775
      vertex 112.245 -3 37.0785
      vertex 112.43 -3 36.7775
    endloop
  endfacet
  facet normal 0.382844 0 -0.923813
    outer loop
      vertex 113.229 -3 40.1048
      vertex 113.555 0 40.2399
      vertex 113.555 -3 40.2399
    endloop
  endfacet
  facet normal 0.382844 0 -0.923813
    outer loop
      vertex 113.555 0 40.2399
      vertex 113.229 -3 40.1048
      vertex 113.229 0 40.1048
    endloop
  endfacet
  facet normal 1 -0 0
    outer loop
      vertex 127 -3 44.45
      vertex 127 0 0
      vertex 127 0 44.45
    endloop
  endfacet
  facet normal 1 0 0
    outer loop
      vertex 127 0 0
      vertex 127 -3 44.45
      vertex 127 -3 0
    endloop
  endfacet
  facet normal -0 0 1
    outer loop
      vertex -127 0 44.45
      vertex 127 -3 44.45
      vertex 127 0 44.45
    endloop
  endfacet
  facet normal 0 0 1
    outer loop
      vertex 127 -3 44.45
      vertex -127 0 44.45
      vertex -127 -3 44.45
    endloop
  endfacet
  facet normal 0 0 -1
    outer loop
      vertex 127 -3 0
      vertex 109 0 0
      vertex 127 0 0
    endloop
  endfacet
  facet normal 0 0 -1
    outer loop
      vertex 70.3125 122 0
      vertex 109 0 0
      vertex 70.3125 6 0
    endloop
  endfacet
  facet normal 0 0 -1
    outer loop
      vertex 5 6 0
      vertex 109 0 0
      vertex 127 -3 0
    endloop
  endfacet
  facet normal 0 0 -1
    outer loop
      vertex 109 0 0
      vertex 60.3125 6 0
      vertex 70.3125 6 0
    endloop
  endfacet
  facet normal 0 0 -1
    outer loop
      vertex 60.3125 6 0
      vertex 5 6 0
      vertex 60.3125 122 0
    endloop
  endfacet
  facet normal 0 0 -1
    outer loop
      vertex 109 0 0
      vertex 5 6 0
      vertex 60.3125 6 0
    endloop
  endfacet
  facet normal 0 0 -1
    outer loop
      vertex 127 -3 0
      vertex -5 6 0
      vertex 5 6 0
    endloop
  endfacet
  facet normal 0 0 -1
    outer loop
      vertex -5 6 0
      vertex -60.3125 6 0
      vertex -5 122 0
    endloop
  endfacet
  facet normal 0 0 -1
    outer loop
      vertex -127 -3 0
      vertex -5 6 0
      vertex 127 -3 0
    endloop
  endfacet
  facet normal -0 0 -1
    outer loop
      vertex -5 6 0
      vertex -109 0 0
      vertex -60.3125 6 0
    endloop
  endfacet
  facet normal -0 0 -1
    outer loop
      vertex -70.3125 6 0
      vertex -109 0 0
      vertex -70.3125 122 0
    endloop
  endfacet
  facet normal -0 0 -1
    outer loop
      vertex -60.3125 6 0
      vertex -109 0 0
      vertex -70.3125 6 0
    endloop
  endfacet
  facet normal 0 0 -1
    outer loop
      vertex -5 6 0
      vertex -127 -3 0
      vertex -109 0 0
    endloop
  endfacet
  facet normal -0 0 -1
    outer loop
      vertex -109 0 0
      vertex -127 -3 0
      vertex -127 0 0
    endloop
  endfacet
  facet normal 0 0 -1
    outer loop
      vertex 109 0 0
      vertex 70.3125 122 0
      vertex 109 130.5 0
    endloop
  endfacet
  facet normal 0 0 -1
    outer loop
      vertex 60.3125 122 0
      vertex 109 130.5 0
      vertex 70.3125 122 0
    endloop
  endfacet
  facet normal 0 0 -1
    outer loop
      vertex 5 122 0
      vertex 60.3125 122 0
      vertex 5 6 0
    endloop
  endfacet
  facet normal 0 0 -1
    outer loop
      vertex 5 122 0
      vertex 109 130.5 0
      vertex 60.3125 122 0
    endloop
  endfacet
  facet normal 0 0 -1
    outer loop
      vertex -5 122 0
      vertex 109 130.5 0
      vertex 5 122 0
    endloop
  endfacet
  facet normal 0 0 -1
    outer loop
      vertex -60.3125 122 0
      vertex -5 122 0
      vertex -60.3125 6 0
    endloop
  endfacet
  facet normal 0 0 -1
    outer loop
      vertex -109 130.5 0
      vertex -5 122 0
      vertex -60.3125 122 0
    endloop
  endfacet
  facet normal 0 0 -1
    outer loop
      vertex -109 130.5 0
      vertex -60.3125 122 0
      vertex -70.3125 122 0
    endloop
  endfacet
  facet normal 0 0 -1
    outer loop
      vertex -5 122 0
      vertex -109 130.5 0
      vertex 109 130.5 0
    endloop
  endfacet
  facet normal 0 0 -1
    outer loop
      vertex -109 130.5 0
      vertex -70.3125 122 0
      vertex -109 0 0
    endloop
  endfacet
  facet normal -1 0 0
    outer loop
      vertex -127 -3 0
      vertex -127 0 44.45
      vertex -127 0 0
    endloop
  endfacet
  facet normal -1 -0 0
    outer loop
      vertex -127 0 44.45
      vertex -127 -3 0
      vertex -127 -3 44.45
    endloop
  endfacet
  facet normal 0 1 0
    outer loop
      vertex -109 0 28.5
      vertex -113.898 0 8.5723
      vertex -114.25 0 8.6
    endloop
  endfacet
  facet normal 0 1 0
    outer loop
      vertex -109 0 28.5
      vertex -113.555 0 8.48988
      vertex -113.898 0 8.5723
    endloop
  endfacet
  facet normal 0 1 0
    outer loop
      vertex -109 0 28.5
      vertex -113.229 0 8.35476
      vertex -113.555 0 8.48988
    endloop
  endfacet
  facet normal 0 1 0
    outer loop
      vertex -109 0 28.5
      vertex -112.927 0 8.17029
      vertex -113.229 0 8.35476
    endloop
  endfacet
  facet normal 0 1 0
    outer loop
      vertex -109 0 28.5
      vertex -112.659 0 7.94099
      vertex -112.927 0 8.17029
    endloop
  endfacet
  facet normal 0 1 0
    outer loop
      vertex -109 0 28.5
      vertex -112.43 0 7.67252
      vertex -112.659 0 7.94099
    endloop
  endfacet
  facet normal 0 1 0
    outer loop
      vertex -109 0 28.5
      vertex -112.245 0 7.37148
      vertex -112.43 0 7.67252
    endloop
  endfacet
  facet normal 0 1 0
    outer loop
      vertex -109 0 28.5
      vertex -112.11 0 7.04529
      vertex -112.245 0 7.37148
    endloop
  endfacet
  facet normal 0 1 -0
    outer loop
      vertex -109 0 0
      vertex -112.11 0 7.04529
      vertex -109 0 28.5
    endloop
  endfacet
  facet normal 0 1 0
    outer loop
      vertex -112.11 0 7.04529
      vertex -109 0 0
      vertex -112.028 0 6.70198
    endloop
  endfacet
  facet normal 0 1 0
    outer loop
      vertex -112.028 0 6.70198
      vertex -109 0 0
      vertex -112 0 6.35
    endloop
  endfacet
  facet normal 0 1 0
    outer loop
      vertex -114.25 0 4.1
      vertex -109 0 0
      vertex -121.75 0 4.1
    endloop
  endfacet
  facet normal 0 1 0
    outer loop
      vertex -113.898 0 4.1277
      vertex -109 0 0
      vertex -114.25 0 4.1
    endloop
  endfacet
  facet normal 0 1 0
    outer loop
      vertex -113.555 0 4.21012
      vertex -109 0 0
      vertex -113.898 0 4.1277
    endloop
  endfacet
  facet normal 0 1 0
    outer loop
      vertex -113.229 0 4.34523
      vertex -109 0 0
      vertex -113.555 0 4.21012
    endloop
  endfacet
  facet normal 0 1 0
    outer loop
      vertex -112.927 0 4.52971
      vertex -109 0 0
      vertex -113.229 0 4.34523
    endloop
  endfacet
  facet normal 0 1 0
    outer loop
      vertex -112.659 0 4.75901
      vertex -109 0 0
      vertex -112.927 0 4.52971
    endloop
  endfacet
  facet normal 0 1 0
    outer loop
      vertex -112.43 0 5.02748
      vertex -109 0 0
      vertex -112.659 0 4.75901
    endloop
  endfacet
  facet normal 0 1 0
    outer loop
      vertex -112.245 0 5.32852
      vertex -109 0 0
      vertex -112.43 0 5.02748
    endloop
  endfacet
  facet normal 0 1 0
    outer loop
      vertex -112.11 0 5.65471
      vertex -109 0 0
      vertex -112.245 0 5.32852
    endloop
  endfacet
  facet normal 0 1 0
    outer loop
      vertex -112.028 0 5.99802
      vertex -109 0 0
      vertex -112.11 0 5.65471
    endloop
  endfacet
  facet normal 0 1 0
    outer loop
      vertex -112 0 6.35
      vertex -109 0 0
      vertex -112.028 0 5.99802
    endloop
  endfacet
  facet normal 0 1 -0
    outer loop
      vertex -100.5 0 2.5
      vertex -106.5 0 28.5
      vertex -100.5 0 28.5
    endloop
  endfacet
  facet normal 0 1 0
    outer loop
      vertex -106.5 0 28.5
      vertex -100.5 0 2.5
      vertex -106.5 0 2.5
    endloop
  endfacet
  facet normal 0 1 -0
    outer loop
      vertex 106.5 0 2.5
      vertex 100.5 0 28.5
      vertex 106.5 0 28.5
    endloop
  endfacet
  facet normal 0 1 0
    outer loop
      vertex 100.5 0 28.5
      vertex 106.5 0 2.5
      vertex 100.5 0 2.5
    endloop
  endfacet
  facet normal 0 1 0
    outer loop
      vertex 127 0 44.45
      vertex 113.555 0 40.2399
      vertex -127 0 44.45
    endloop
  endfacet
  facet normal 0 1 0
    outer loop
      vertex -127 0 44.45
      vertex -113.898 0 40.3223
      vertex -114.25 0 40.35
    endloop
  endfacet
  facet normal 0 1 -0
    outer loop
      vertex -113.555 0 40.2399
      vertex -127 0 44.45
      vertex 113.555 0 40.2399
    endloop
  endfacet
  facet normal 0 1 0
    outer loop
      vertex -127 0 44.45
      vertex -113.555 0 40.2399
      vertex -113.898 0 40.3223
    endloop
  endfacet
  facet normal 0 1 -0
    outer loop
      vertex 113.229 0 40.1048
      vertex -113.555 0 40.2399
      vertex 113.555 0 40.2399
    endloop
  endfacet
  facet normal 0 1 0
    outer loop
      vertex 113.229 0 40.1048
      vertex -113.229 0 40.1048
      vertex -113.555 0 40.2399
    endloop
  endfacet
  facet normal 0 1 -0
    outer loop
      vertex 112.927 0 39.9203
      vertex -113.229 0 40.1048
      vertex 113.229 0 40.1048
    endloop
  endfacet
  facet normal 0 1 0
    outer loop
      vertex 112.927 0 39.9203
      vertex -112.927 0 39.9203
      vertex -113.229 0 40.1048
    endloop
  endfacet
  facet normal 0 1 -0
    outer loop
      vertex 112.659 0 39.691
      vertex -112.927 0 39.9203
      vertex 112.927 0 39.9203
    endloop
  endfacet
  facet normal 0 1 0
    outer loop
      vertex 112.659 0 39.691
      vertex -112.659 0 39.691
      vertex -112.927 0 39.9203
    endloop
  endfacet
  facet normal 0 1 0
    outer loop
      vertex 100.5 0 28.5
      vertex 112.659 0 39.691
      vertex 112.43 0 39.4225
    endloop
  endfacet
  facet normal 0 1 0
    outer loop
      vertex 112.659 0 39.691
      vertex 100.5 0 28.5
      vertex -112.659 0 39.691
    endloop
  endfacet
  facet normal 0 1 0
    outer loop
      vertex 100.5 0 28.5
      vertex 112.43 0 39.4225
      vertex 112.245 0 39.1215
    endloop
  endfacet
  facet normal 0 1 -0
    outer loop
      vertex -100.5 0 28.5
      vertex -112.659 0 39.691
      vertex 100.5 0 28.5
    endloop
  endfacet
  facet normal 0 1 0
    outer loop
      vertex 100.5 0 28.5
      vertex 112.245 0 39.1215
      vertex 112.11 0 38.7953
    endloop
  endfacet
  facet normal 0 1 0
    outer loop
      vertex -112.659 0 39.691
      vertex -100.5 0 28.5
      vertex -112.43 0 39.4225
    endloop
  endfacet
  facet normal 0 1 0
    outer loop
      vertex 100.5 0 28.5
      vertex 112.11 0 38.7953
      vertex 112.028 0 38.452
    endloop
  endfacet
  facet normal 0 1 0
    outer loop
      vertex -112.43 0 39.4225
      vertex -100.5 0 28.5
      vertex -112.245 0 39.1215
    endloop
  endfacet
  facet normal 0 1 0
    outer loop
      vertex 100.5 0 28.5
      vertex 112.028 0 38.452
      vertex 112 0 38.1
    endloop
  endfacet
  facet normal 0 1 0
    outer loop
      vertex -112.245 0 39.1215
      vertex -100.5 0 28.5
      vertex -112.11 0 38.7953
    endloop
  endfacet
  facet normal 0 1 0
    outer loop
      vertex 100.5 0 28.5
      vertex 112 0 38.1
      vertex 112.028 0 37.748
    endloop
  endfacet
  facet normal 0 1 0
    outer loop
      vertex -112.11 0 38.7953
      vertex -100.5 0 28.5
      vertex -112.028 0 38.452
    endloop
  endfacet
  facet normal 0 1 0
    outer loop
      vertex 106.5 0 28.5
      vertex 112.028 0 37.748
      vertex 112.11 0 37.4047
    endloop
  endfacet
  facet normal 0 1 0
    outer loop
      vertex -112.028 0 38.452
      vertex -100.5 0 28.5
      vertex -112 0 38.1
    endloop
  endfacet
  facet normal 0 1 0
    outer loop
      vertex 106.5 0 28.5
      vertex 112.11 0 37.4047
      vertex 112.245 0 37.0785
    endloop
  endfacet
  facet normal 0 1 0
    outer loop
      vertex -112 0 38.1
      vertex -100.5 0 28.5
      vertex -112.028 0 37.748
    endloop
  endfacet
  facet normal 0 1 0
    outer loop
      vertex 106.5 0 28.5
      vertex 112.245 0 37.0785
      vertex 112.43 0 36.7775
    endloop
  endfacet
  facet normal 0 1 -0
    outer loop
      vertex -106.5 0 28.5
      vertex -112.028 0 37.748
      vertex -100.5 0 28.5
    endloop
  endfacet
  facet normal 0 1 0
    outer loop
      vertex 109 0 28.5
      vertex 112.43 0 36.7775
      vertex 112.659 0 36.509
    endloop
  endfacet
  facet normal 0 1 0
    outer loop
      vertex -112.028 0 37.748
      vertex -106.5 0 28.5
      vertex -112.11 0 37.4047
    endloop
  endfacet
  facet normal 0 1 0
    outer loop
      vertex 109 0 28.5
      vertex 112.659 0 36.509
      vertex 112.927 0 36.2797
    endloop
  endfacet
  facet normal 0 1 0
    outer loop
      vertex -112.11 0 37.4047
      vertex -106.5 0 28.5
      vertex -112.245 0 37.0785
    endloop
  endfacet
  facet normal 0 1 0
    outer loop
      vertex 109 0 28.5
      vertex 112.927 0 36.2797
      vertex 113.229 0 36.0952
    endloop
  endfacet
  facet normal 0 1 0
    outer loop
      vertex -112.245 0 37.0785
      vertex -106.5 0 28.5
      vertex -112.43 0 36.7775
    endloop
  endfacet
  facet normal 0 1 0
    outer loop
      vertex 109 0 28.5
      vertex 113.229 0 36.0952
      vertex 113.555 0 35.9601
    endloop
  endfacet
  facet normal 0 1 -0
    outer loop
      vertex -109 0 28.5
      vertex -112.43 0 36.7775
      vertex -106.5 0 28.5
    endloop
  endfacet
  facet normal 0 1 0
    outer loop
      vertex 109 0 28.5
      vertex 113.555 0 35.9601
      vertex 113.898 0 35.8777
    endloop
  endfacet
  facet normal 0 1 0
    outer loop
      vertex -112.43 0 36.7775
      vertex -109 0 28.5
      vertex -112.659 0 36.509
    endloop
  endfacet
  facet normal 0 1 0
    outer loop
      vertex 109 0 28.5
      vertex 113.898 0 35.8777
      vertex 114.25 0 35.85
    endloop
  endfacet
  facet normal 0 1 0
    outer loop
      vertex -112.659 0 36.509
      vertex -109 0 28.5
      vertex -112.927 0 36.2797
    endloop
  endfacet
  facet normal 0 1 0
    outer loop
      vertex 114.25 0 40.35
      vertex 127 0 44.45
      vertex 121.75 0 40.35
    endloop
  endfacet
  facet normal 0 1 0
    outer loop
      vertex 127 0 44.45
      vertex 122.102 0 40.3223
      vertex 121.75 0 40.35
    endloop
  endfacet
  facet normal 0 1 0
    outer loop
      vertex 127 0 44.45
      vertex 122.445 0 40.2399
      vertex 122.102 0 40.3223
    endloop
  endfacet
  facet normal 0 1 0
    outer loop
      vertex 127 0 44.45
      vertex 122.771 0 40.1048
      vertex 122.445 0 40.2399
    endloop
  endfacet
  facet normal 0 1 0
    outer loop
      vertex 127 0 44.45
      vertex 123.073 0 39.9203
      vertex 122.771 0 40.1048
    endloop
  endfacet
  facet normal 0 1 0
    outer loop
      vertex 127 0 44.45
      vertex 123.341 0 39.691
      vertex 123.073 0 39.9203
    endloop
  endfacet
  facet normal 0 1 0
    outer loop
      vertex 127 0 44.45
      vertex 123.57 0 39.4225
      vertex 123.341 0 39.691
    endloop
  endfacet
  facet normal 0 1 0
    outer loop
      vertex 127 0 44.45
      vertex 123.755 0 39.1215
      vertex 123.57 0 39.4225
    endloop
  endfacet
  facet normal 0 1 0
    outer loop
      vertex 127 0 44.45
      vertex 123.89 0 38.7953
      vertex 123.755 0 39.1215
    endloop
  endfacet
  facet normal 0 1 0
    outer loop
      vertex 127 0 44.45
      vertex 123.972 0 38.452
      vertex 123.89 0 38.7953
    endloop
  endfacet
  facet normal 0 1 0
    outer loop
      vertex 127 0 44.45
      vertex 124 0 38.1
      vertex 123.972 0 38.452
    endloop
  endfacet
  facet normal 0 1 0
    outer loop
      vertex 127 0 44.45
      vertex 123.972 0 37.748
      vertex 124 0 38.1
    endloop
  endfacet
  facet normal 0 1 0
    outer loop
      vertex 127 0 44.45
      vertex 123.89 0 37.4047
      vertex 123.972 0 37.748
    endloop
  endfacet
  facet normal 0 1 0
    outer loop
      vertex 123.89 0 7.04529
      vertex 123.89 0 37.4047
      vertex 127 0 44.45
    endloop
  endfacet
  facet normal 0 1 0
    outer loop
      vertex 109 0 28.5
      vertex 114.25 0 35.85
      vertex 121.75 0 35.85
    endloop
  endfacet
  facet normal 0 1 0
    outer loop
      vertex -112.927 0 36.2797
      vertex -109 0 28.5
      vertex -113.229 0 36.0952
    endloop
  endfacet
  facet normal 0 1 0
    outer loop
      vertex 112.43 0 36.7775
      vertex 109 0 28.5
      vertex 106.5 0 28.5
    endloop
  endfacet
  facet normal 0 1 0
    outer loop
      vertex 121.75 0 8.6
      vertex 121.75 0 35.85
      vertex 122.102 0 35.8777
    endloop
  endfacet
  facet normal 0 1 0
    outer loop
      vertex 122.102 0 8.5723
      vertex 122.102 0 35.8777
      vertex 122.445 0 35.9601
    endloop
  endfacet
  facet normal 0 1 0
    outer loop
      vertex 122.445 0 8.48988
      vertex 122.445 0 35.9601
      vertex 122.771 0 36.0952
    endloop
  endfacet
  facet normal 0 1 0
    outer loop
      vertex 121.75 0 35.85
      vertex 121.75 0 8.6
      vertex 109 0 28.5
    endloop
  endfacet
  facet normal 0 1 0
    outer loop
      vertex 122.771 0 8.35476
      vertex 122.771 0 36.0952
      vertex 123.073 0 36.2797
    endloop
  endfacet
  facet normal 0 1 0
    outer loop
      vertex 123.073 0 8.17029
      vertex 123.073 0 36.2797
      vertex 123.341 0 36.509
    endloop
  endfacet
  facet normal 0 1 0
    outer loop
      vertex 123.341 0 7.94099
      vertex 123.341 0 36.509
      vertex 123.57 0 36.7775
    endloop
  endfacet
  facet normal 0 1 0
    outer loop
      vertex 123.57 0 7.67252
      vertex 123.57 0 36.7775
      vertex 123.755 0 37.0785
    endloop
  endfacet
  facet normal 0 1 0
    outer loop
      vertex 123.89 0 37.4047
      vertex 123.89 0 7.04529
      vertex 123.755 0 37.0785
    endloop
  endfacet
  facet normal 0 1 0
    outer loop
      vertex 122.102 0 35.8777
      vertex 122.102 0 8.5723
      vertex 121.75 0 8.6
    endloop
  endfacet
  facet normal 0 1 0
    outer loop
      vertex 122.445 0 35.9601
      vertex 122.445 0 8.48988
      vertex 122.102 0 8.5723
    endloop
  endfacet
  facet normal 0 1 0
    outer loop
      vertex 122.771 0 36.0952
      vertex 122.771 0 8.35476
      vertex 122.445 0 8.48988
    endloop
  endfacet
  facet normal 0 1 0
    outer loop
      vertex 123.073 0 36.2797
      vertex 123.073 0 8.17029
      vertex 122.771 0 8.35476
    endloop
  endfacet
  facet normal 0 1 0
    outer loop
      vertex 123.341 0 36.509
      vertex 123.341 0 7.94099
      vertex 123.073 0 8.17029
    endloop
  endfacet
  facet normal 0 1 0
    outer loop
      vertex 123.57 0 36.7775
      vertex 123.57 0 7.67252
      vertex 123.341 0 7.94099
    endloop
  endfacet
  facet normal 0 1 0
    outer loop
      vertex 123.755 0 37.0785
      vertex 123.755 0 7.37148
      vertex 123.57 0 7.67252
    endloop
  endfacet
  facet normal 0 1 0
    outer loop
      vertex 123.755 0 37.0785
      vertex 123.89 0 7.04529
      vertex 123.755 0 7.37148
    endloop
  endfacet
  facet normal 0 1 -0
    outer loop
      vertex 127 0 0
      vertex 123.89 0 7.04529
      vertex 127 0 44.45
    endloop
  endfacet
  facet normal 0 1 0
    outer loop
      vertex 123.89 0 7.04529
      vertex 127 0 0
      vertex 123.972 0 6.70198
    endloop
  endfacet
  facet normal 0 1 0
    outer loop
      vertex 123.972 0 6.70198
      vertex 127 0 0
      vertex 124 0 6.35
    endloop
  endfacet
  facet normal 0 1 0
    outer loop
      vertex 121.75 0 4.1
      vertex 127 0 0
      vertex 114.25 0 4.1
    endloop
  endfacet
  facet normal 0 1 0
    outer loop
      vertex 122.102 0 4.1277
      vertex 127 0 0
      vertex 121.75 0 4.1
    endloop
  endfacet
  facet normal 0 1 0
    outer loop
      vertex 122.445 0 4.21012
      vertex 127 0 0
      vertex 122.102 0 4.1277
    endloop
  endfacet
  facet normal 0 1 0
    outer loop
      vertex 122.771 0 4.34523
      vertex 127 0 0
      vertex 122.445 0 4.21012
    endloop
  endfacet
  facet normal 0 1 0
    outer loop
      vertex 123.073 0 4.52971
      vertex 127 0 0
      vertex 122.771 0 4.34523
    endloop
  endfacet
  facet normal 0 1 0
    outer loop
      vertex 123.341 0 4.75901
      vertex 127 0 0
      vertex 123.073 0 4.52971
    endloop
  endfacet
  facet normal 0 1 0
    outer loop
      vertex 123.57 0 5.02748
      vertex 127 0 0
      vertex 123.341 0 4.75901
    endloop
  endfacet
  facet normal 0 1 0
    outer loop
      vertex 123.755 0 5.32852
      vertex 127 0 0
      vertex 123.57 0 5.02748
    endloop
  endfacet
  facet normal 0 1 0
    outer loop
      vertex 123.89 0 5.65471
      vertex 127 0 0
      vertex 123.755 0 5.32852
    endloop
  endfacet
  facet normal 0 1 0
    outer loop
      vertex 123.972 0 5.99802
      vertex 127 0 0
      vertex 123.89 0 5.65471
    endloop
  endfacet
  facet normal 0 1 0
    outer loop
      vertex 124 0 6.35
      vertex 127 0 0
      vertex 123.972 0 5.99802
    endloop
  endfacet
  facet normal 0 1 0
    outer loop
      vertex 113.898 0 40.3223
      vertex 127 0 44.45
      vertex 114.25 0 40.35
    endloop
  endfacet
  facet normal 0 1 0
    outer loop
      vertex 113.555 0 40.2399
      vertex 127 0 44.45
      vertex 113.898 0 40.3223
    endloop
  endfacet
  facet normal 0 1 -0
    outer loop
      vertex -121.75 0 40.35
      vertex -127 0 44.45
      vertex -114.25 0 40.35
    endloop
  endfacet
  facet normal 0 1 -0
    outer loop
      vertex -122.102 0 40.3223
      vertex -127 0 44.45
      vertex -121.75 0 40.35
    endloop
  endfacet
  facet normal 0 1 -0
    outer loop
      vertex -122.445 0 40.2399
      vertex -127 0 44.45
      vertex -122.102 0 40.3223
    endloop
  endfacet
  facet normal 0 1 -0
    outer loop
      vertex -122.771 0 40.1048
      vertex -127 0 44.45
      vertex -122.445 0 40.2399
    endloop
  endfacet
  facet normal 0 1 -0
    outer loop
      vertex -123.073 0 39.9203
      vertex -127 0 44.45
      vertex -122.771 0 40.1048
    endloop
  endfacet
  facet normal 0 1 -0
    outer loop
      vertex -123.341 0 39.691
      vertex -127 0 44.45
      vertex -123.073 0 39.9203
    endloop
  endfacet
  facet normal 0 1 -0
    outer loop
      vertex -123.57 0 39.4225
      vertex -127 0 44.45
      vertex -123.341 0 39.691
    endloop
  endfacet
  facet normal 0 1 -0
    outer loop
      vertex -123.755 0 39.1215
      vertex -127 0 44.45
      vertex -123.57 0 39.4225
    endloop
  endfacet
  facet normal 0 1 -0
    outer loop
      vertex -123.89 0 38.7953
      vertex -127 0 44.45
      vertex -123.755 0 39.1215
    endloop
  endfacet
  facet normal 0 1 -0
    outer loop
      vertex -123.972 0 38.452
      vertex -127 0 44.45
      vertex -123.89 0 38.7953
    endloop
  endfacet
  facet normal 0 1 -0
    outer loop
      vertex -124 0 38.1
      vertex -127 0 44.45
      vertex -123.972 0 38.452
    endloop
  endfacet
  facet normal 0 1 0
    outer loop
      vertex -123.972 0 37.748
      vertex -127 0 44.45
      vertex -124 0 38.1
    endloop
  endfacet
  facet normal 0 1 0
    outer loop
      vertex -123.89 0 37.4047
      vertex -127 0 44.45
      vertex -123.972 0 37.748
    endloop
  endfacet
  facet normal 0 1 0
    outer loop
      vertex -123.89 0 7.04529
      vertex -123.89 0 37.4047
      vertex -123.755 0 37.0785
    endloop
  endfacet
  facet normal 0 1 0
    outer loop
      vertex 112.028 0 37.748
      vertex 106.5 0 28.5
      vertex 100.5 0 28.5
    endloop
  endfacet
  facet normal 0 1 0
    outer loop
      vertex -113.229 0 36.0952
      vertex -109 0 28.5
      vertex -113.555 0 35.9601
    endloop
  endfacet
  facet normal 0 1 0
    outer loop
      vertex -113.555 0 35.9601
      vertex -109 0 28.5
      vertex -113.898 0 35.8777
    endloop
  endfacet
  facet normal 0 1 0
    outer loop
      vertex -113.898 0 35.8777
      vertex -109 0 28.5
      vertex -114.25 0 35.85
    endloop
  endfacet
  facet normal 0 1 0
    outer loop
      vertex -114.25 0 35.85
      vertex -109 0 28.5
      vertex -121.75 0 35.85
    endloop
  endfacet
  facet normal 0 1 0
    outer loop
      vertex -121.75 0 8.6
      vertex -121.75 0 35.85
      vertex -109 0 28.5
    endloop
  endfacet
  facet normal 0 1 0
    outer loop
      vertex -121.75 0 35.85
      vertex -121.75 0 8.6
      vertex -122.102 0 35.8777
    endloop
  endfacet
  facet normal 0 1 0
    outer loop
      vertex -122.102 0 8.5723
      vertex -122.102 0 35.8777
      vertex -121.75 0 8.6
    endloop
  endfacet
  facet normal 0 1 0
    outer loop
      vertex -121.75 0 8.6
      vertex -109 0 28.5
      vertex -114.25 0 8.6
    endloop
  endfacet
  facet normal 0 1 0
    outer loop
      vertex -122.102 0 35.8777
      vertex -122.102 0 8.5723
      vertex -122.445 0 35.9601
    endloop
  endfacet
  facet normal 0 1 0
    outer loop
      vertex -122.445 0 8.48988
      vertex -122.445 0 35.9601
      vertex -122.102 0 8.5723
    endloop
  endfacet
  facet normal 0 1 0
    outer loop
      vertex -122.445 0 35.9601
      vertex -122.445 0 8.48988
      vertex -122.771 0 36.0952
    endloop
  endfacet
  facet normal 0 1 0
    outer loop
      vertex -122.771 0 8.35476
      vertex -122.771 0 36.0952
      vertex -122.445 0 8.48988
    endloop
  endfacet
  facet normal 0 1 0
    outer loop
      vertex -122.771 0 36.0952
      vertex -122.771 0 8.35476
      vertex -123.073 0 36.2797
    endloop
  endfacet
  facet normal 0 1 0
    outer loop
      vertex -123.073 0 8.17029
      vertex -123.073 0 36.2797
      vertex -122.771 0 8.35476
    endloop
  endfacet
  facet normal 0 1 0
    outer loop
      vertex -123.073 0 36.2797
      vertex -123.073 0 8.17029
      vertex -123.341 0 36.509
    endloop
  endfacet
  facet normal 0 1 0
    outer loop
      vertex -123.341 0 7.94099
      vertex -123.341 0 36.509
      vertex -123.073 0 8.17029
    endloop
  endfacet
  facet normal 0 1 0
    outer loop
      vertex -123.341 0 36.509
      vertex -123.341 0 7.94099
      vertex -123.57 0 36.7775
    endloop
  endfacet
  facet normal 0 1 0
    outer loop
      vertex -123.57 0 7.67252
      vertex -123.57 0 36.7775
      vertex -123.341 0 7.94099
    endloop
  endfacet
  facet normal 0 1 0
    outer loop
      vertex -123.57 0 36.7775
      vertex -123.57 0 7.67252
      vertex -123.755 0 37.0785
    endloop
  endfacet
  facet normal 0 1 0
    outer loop
      vertex -123.755 0 7.37148
      vertex -123.755 0 37.0785
      vertex -123.57 0 7.67252
    endloop
  endfacet
  facet normal 0 1 0
    outer loop
      vertex -123.89 0 7.04529
      vertex -123.755 0 37.0785
      vertex -123.755 0 7.37148
    endloop
  endfacet
  facet normal 0 1 0
    outer loop
      vertex -123.89 0 37.4047
      vertex -123.89 0 7.04529
      vertex -127 0 44.45
    endloop
  endfacet
  facet normal 0 1 0
    outer loop
      vertex -127 0 0
      vertex -123.89 0 7.04529
      vertex -123.972 0 6.70198
    endloop
  endfacet
  facet normal 0 1 0
    outer loop
      vertex -127 0 0
      vertex -123.972 0 6.70198
      vertex -124 0 6.35
    endloop
  endfacet
  facet normal 0 1 0
    outer loop
      vertex -127 0 0
      vertex -124 0 6.35
      vertex -123.972 0 5.99802
    endloop
  endfacet
  facet normal 0 1 0
    outer loop
      vertex -127 0 0
      vertex -121.75 0 4.1
      vertex -109 0 0
    endloop
  endfacet
  facet normal 0 1 0
    outer loop
      vertex -121.75 0 4.1
      vertex -127 0 0
      vertex -122.102 0 4.1277
    endloop
  endfacet
  facet normal 0 1 0
    outer loop
      vertex -123.89 0 7.04529
      vertex -127 0 0
      vertex -127 0 44.45
    endloop
  endfacet
  facet normal 0 1 0
    outer loop
      vertex -123.89 0 5.65471
      vertex -127 0 0
      vertex -123.972 0 5.99802
    endloop
  endfacet
  facet normal 0 1 0
    outer loop
      vertex -123.755 0 5.32852
      vertex -127 0 0
      vertex -123.89 0 5.65471
    endloop
  endfacet
  facet normal 0 1 0
    outer loop
      vertex -123.57 0 5.02748
      vertex -127 0 0
      vertex -123.755 0 5.32852
    endloop
  endfacet
  facet normal 0 1 0
    outer loop
      vertex -123.341 0 4.75901
      vertex -127 0 0
      vertex -123.57 0 5.02748
    endloop
  endfacet
  facet normal 0 1 0
    outer loop
      vertex -123.073 0 4.52971
      vertex -127 0 0
      vertex -123.341 0 4.75901
    endloop
  endfacet
  facet normal 0 1 0
    outer loop
      vertex -122.771 0 4.34523
      vertex -127 0 0
      vertex -123.073 0 4.52971
    endloop
  endfacet
  facet normal 0 1 0
    outer loop
      vertex -122.445 0 4.21012
      vertex -127 0 0
      vertex -122.771 0 4.34523
    endloop
  endfacet
  facet normal 0 1 0
    outer loop
      vertex -122.102 0 4.1277
      vertex -127 0 0
      vertex -122.445 0 4.21012
    endloop
  endfacet
  facet normal 0 1 -0
    outer loop
      vertex 114.25 0 8.6
      vertex 109 0 28.5
      vertex 121.75 0 8.6
    endloop
  endfacet
  facet normal 0 1 -0
    outer loop
      vertex 113.898 0 8.5723
      vertex 109 0 28.5
      vertex 114.25 0 8.6
    endloop
  endfacet
  facet normal 0 1 -0
    outer loop
      vertex 113.555 0 8.48988
      vertex 109 0 28.5
      vertex 113.898 0 8.5723
    endloop
  endfacet
  facet normal 0 1 -0
    outer loop
      vertex 113.229 0 8.35476
      vertex 109 0 28.5
      vertex 113.555 0 8.48988
    endloop
  endfacet
  facet normal 0 1 -0
    outer loop
      vertex 112.927 0 8.17029
      vertex 109 0 28.5
      vertex 113.229 0 8.35476
    endloop
  endfacet
  facet normal 0 1 -0
    outer loop
      vertex 112.659 0 7.94099
      vertex 109 0 28.5
      vertex 112.927 0 8.17029
    endloop
  endfacet
  facet normal 0 1 -0
    outer loop
      vertex 112.43 0 7.67252
      vertex 109 0 28.5
      vertex 112.659 0 7.94099
    endloop
  endfacet
  facet normal 0 1 -0
    outer loop
      vertex 112.245 0 7.37148
      vertex 109 0 28.5
      vertex 112.43 0 7.67252
    endloop
  endfacet
  facet normal 0 1 -0
    outer loop
      vertex 112.11 0 7.04529
      vertex 109 0 28.5
      vertex 112.245 0 7.37148
    endloop
  endfacet
  facet normal 0 1 0
    outer loop
      vertex 109 0 0
      vertex 112.11 0 7.04529
      vertex 112.028 0 6.70198
    endloop
  endfacet
  facet normal 0 1 0
    outer loop
      vertex 109 0 0
      vertex 112.028 0 6.70198
      vertex 112 0 6.35
    endloop
  endfacet
  facet normal 0 1 0
    outer loop
      vertex 109 0 0
      vertex 112 0 6.35
      vertex 112.028 0 5.99802
    endloop
  endfacet
  facet normal 0 1 0
    outer loop
      vertex 109 0 0
      vertex 114.25 0 4.1
      vertex 127 0 0
    endloop
  endfacet
  facet normal 0 1 0
    outer loop
      vertex 114.25 0 4.1
      vertex 109 0 0
      vertex 113.898 0 4.1277
    endloop
  endfacet
  facet normal 0 1 0
    outer loop
      vertex 112.11 0 7.04529
      vertex 109 0 0
      vertex 109 0 28.5
    endloop
  endfacet
  facet normal 0 1 0
    outer loop
      vertex 112.11 0 5.65471
      vertex 109 0 0
      vertex 112.028 0 5.99802
    endloop
  endfacet
  facet normal 0 1 0
    outer loop
      vertex 112.245 0 5.32852
      vertex 109 0 0
      vertex 112.11 0 5.65471
    endloop
  endfacet
  facet normal 0 1 0
    outer loop
      vertex 112.43 0 5.02748
      vertex 109 0 0
      vertex 112.245 0 5.32852
    endloop
  endfacet
  facet normal 0 1 0
    outer loop
      vertex 112.659 0 4.75901
      vertex 109 0 0
      vertex 112.43 0 5.02748
    endloop
  endfacet
  facet normal 0 1 0
    outer loop
      vertex 112.927 0 4.52971
      vertex 109 0 0
      vertex 112.659 0 4.75901
    endloop
  endfacet
  facet normal 0 1 0
    outer loop
      vertex 113.229 0 4.34523
      vertex 109 0 0
      vertex 112.927 0 4.52971
    endloop
  endfacet
  facet normal 0 1 0
    outer loop
      vertex 113.555 0 4.21012
      vertex 109 0 0
      vertex 113.229 0 4.34523
    endloop
  endfacet
  facet normal 0 1 0
    outer loop
      vertex 113.898 0 4.1277
      vertex 109 0 0
      vertex 113.555 0 4.21012
    endloop
  endfacet
  facet normal 0 -1 0
    outer loop
      vertex 113.898 -3 35.8777
      vertex 113.898 -3 8.5723
      vertex 114.25 -3 8.6
    endloop
  endfacet
  facet normal 0 -1 0
    outer loop
      vertex 100.5 -3 28.5
      vertex 113.555 -3 8.48988
      vertex 113.898 -3 8.5723
    endloop
  endfacet
  facet normal 0 -1 0
    outer loop
      vertex 100.5 -3 28.5
      vertex 113.229 -3 8.35476
      vertex 113.555 -3 8.48988
    endloop
  endfacet
  facet normal 0 -1 0
    outer loop
      vertex 100.5 -3 28.5
      vertex 112.927 -3 8.17029
      vertex 113.229 -3 8.35476
    endloop
  endfacet
  facet normal 0 -1 0
    outer loop
      vertex 100.5 -3 28.5
      vertex 112.659 -3 7.94099
      vertex 112.927 -3 8.17029
    endloop
  endfacet
  facet normal 0 -1 0
    outer loop
      vertex 100.5 -3 28.5
      vertex 112.43 -3 7.67252
      vertex 112.659 -3 7.94099
    endloop
  endfacet
  facet normal 0 -1 0
    outer loop
      vertex 100.5 -3 2.5
      vertex 112.43 -3 7.67252
      vertex 100.5 -3 28.5
    endloop
  endfacet
  facet normal 0 -1 0
    outer loop
      vertex 112.43 -3 7.67252
      vertex 100.5 -3 2.5
      vertex 112.245 -3 7.37148
    endloop
  endfacet
  facet normal 0 -1 0
    outer loop
      vertex 112.245 -3 7.37148
      vertex 100.5 -3 2.5
      vertex 112.11 -3 7.04529
    endloop
  endfacet
  facet normal 0 -1 0
    outer loop
      vertex 112.11 -3 7.04529
      vertex 100.5 -3 2.5
      vertex 112.028 -3 6.70198
    endloop
  endfacet
  facet normal 0 -1 0
    outer loop
      vertex 112.028 -3 6.70198
      vertex 100.5 -3 2.5
      vertex 112 -3 6.35
    endloop
  endfacet
  facet normal 0 -1 -0
    outer loop
      vertex 112 -3 6.35
      vertex 100.5 -3 2.5
      vertex 112.028 -3 5.99802
    endloop
  endfacet
  facet normal 0 -1 -0
    outer loop
      vertex 112.028 -3 5.99802
      vertex 100.5 -3 2.5
      vertex 112.11 -3 5.65471
    endloop
  endfacet
  facet normal 0 -1 0
    outer loop
      vertex 113.898 -3 4.1277
      vertex 127 -3 0
      vertex 114.25 -3 4.1
    endloop
  endfacet
  facet normal 0 -1 0
    outer loop
      vertex 127 -3 0
      vertex 113.898 -3 4.1277
      vertex 100.5 -3 2.5
    endloop
  endfacet
  facet normal 0 -1 -0
    outer loop
      vertex 113.555 -3 4.21012
      vertex 100.5 -3 2.5
      vertex 113.898 -3 4.1277
    endloop
  endfacet
  facet normal 0 -1 -0
    outer loop
      vertex 113.229 -3 4.34523
      vertex 100.5 -3 2.5
      vertex 113.555 -3 4.21012
    endloop
  endfacet
  facet normal 0 -1 -0
    outer loop
      vertex 112.927 -3 4.52971
      vertex 100.5 -3 2.5
      vertex 113.229 -3 4.34523
    endloop
  endfacet
  facet normal 0 -1 -0
    outer loop
      vertex 112.659 -3 4.75901
      vertex 100.5 -3 2.5
      vertex 112.927 -3 4.52971
    endloop
  endfacet
  facet normal 0 -1 -0
    outer loop
      vertex 112.43 -3 5.02748
      vertex 100.5 -3 2.5
      vertex 112.659 -3 4.75901
    endloop
  endfacet
  facet normal 0 -1 -0
    outer loop
      vertex 112.245 -3 5.32852
      vertex 100.5 -3 2.5
      vertex 112.43 -3 5.02748
    endloop
  endfacet
  facet normal 0 -1 -0
    outer loop
      vertex 112.11 -3 5.65471
      vertex 100.5 -3 2.5
      vertex 112.245 -3 5.32852
    endloop
  endfacet
  facet normal 0 -1 0
    outer loop
      vertex -127 -3 44.45
      vertex -113.555 -3 40.2399
      vertex 127 -3 44.45
    endloop
  endfacet
  facet normal 0 -1 0
    outer loop
      vertex 127 -3 44.45
      vertex 113.898 -3 40.3223
      vertex 114.25 -3 40.35
    endloop
  endfacet
  facet normal 0 -1 0
    outer loop
      vertex 113.555 -3 40.2399
      vertex 127 -3 44.45
      vertex -113.555 -3 40.2399
    endloop
  endfacet
  facet normal 0 -1 0
    outer loop
      vertex 127 -3 44.45
      vertex 113.555 -3 40.2399
      vertex 113.898 -3 40.3223
    endloop
  endfacet
  facet normal 0 -1 0
    outer loop
      vertex -113.229 -3 40.1048
      vertex 113.555 -3 40.2399
      vertex -113.555 -3 40.2399
    endloop
  endfacet
  facet normal 0 -1 0
    outer loop
      vertex -113.229 -3 40.1048
      vertex 113.229 -3 40.1048
      vertex 113.555 -3 40.2399
    endloop
  endfacet
  facet normal 0 -1 0
    outer loop
      vertex -112.927 -3 39.9203
      vertex 113.229 -3 40.1048
      vertex -113.229 -3 40.1048
    endloop
  endfacet
  facet normal 0 -1 0
    outer loop
      vertex -112.927 -3 39.9203
      vertex 112.927 -3 39.9203
      vertex 113.229 -3 40.1048
    endloop
  endfacet
  facet normal 0 -1 0
    outer loop
      vertex -112.659 -3 39.691
      vertex 112.927 -3 39.9203
      vertex -112.927 -3 39.9203
    endloop
  endfacet
  facet normal 0 -1 0
    outer loop
      vertex -112.659 -3 39.691
      vertex 112.659 -3 39.691
      vertex 112.927 -3 39.9203
    endloop
  endfacet
  facet normal 0 -1 0
    outer loop
      vertex -100.5 -3 28.5
      vertex -112.659 -3 39.691
      vertex -112.43 -3 39.4225
    endloop
  endfacet
  facet normal 0 -1 0
    outer loop
      vertex -112.659 -3 39.691
      vertex -100.5 -3 28.5
      vertex 112.659 -3 39.691
    endloop
  endfacet
  facet normal 0 -1 0
    outer loop
      vertex -100.5 -3 28.5
      vertex -112.43 -3 39.4225
      vertex -112.245 -3 39.1215
    endloop
  endfacet
  facet normal 0 -1 0
    outer loop
      vertex 100.5 -3 28.5
      vertex 112.659 -3 39.691
      vertex -100.5 -3 28.5
    endloop
  endfacet
  facet normal 0 -1 0
    outer loop
      vertex -100.5 -3 28.5
      vertex -112.245 -3 39.1215
      vertex -112.11 -3 38.7953
    endloop
  endfacet
  facet normal 0 -1 0
    outer loop
      vertex 112.659 -3 39.691
      vertex 100.5 -3 28.5
      vertex 112.43 -3 39.4225
    endloop
  endfacet
  facet normal 0 -1 0
    outer loop
      vertex -100.5 -3 28.5
      vertex -112.11 -3 38.7953
      vertex -112.028 -3 38.452
    endloop
  endfacet
  facet normal 0 -1 0
    outer loop
      vertex 112.43 -3 39.4225
      vertex 100.5 -3 28.5
      vertex 112.245 -3 39.1215
    endloop
  endfacet
  facet normal 0 -1 0
    outer loop
      vertex -100.5 -3 28.5
      vertex -112.028 -3 38.452
      vertex -112 -3 38.1
    endloop
  endfacet
  facet normal 0 -1 0
    outer loop
      vertex 112.245 -3 39.1215
      vertex 100.5 -3 28.5
      vertex 112.11 -3 38.7953
    endloop
  endfacet
  facet normal 0 -1 0
    outer loop
      vertex -100.5 -3 28.5
      vertex -112 -3 38.1
      vertex -112.028 -3 37.748
    endloop
  endfacet
  facet normal 0 -1 0
    outer loop
      vertex 112.11 -3 38.7953
      vertex 100.5 -3 28.5
      vertex 112.028 -3 38.452
    endloop
  endfacet
  facet normal 0 -1 0
    outer loop
      vertex -100.5 -3 28.5
      vertex -112.028 -3 37.748
      vertex -112.11 -3 37.4047
    endloop
  endfacet
  facet normal 0 -1 0
    outer loop
      vertex 112.028 -3 38.452
      vertex 100.5 -3 28.5
      vertex 112 -3 38.1
    endloop
  endfacet
  facet normal 0 -1 0
    outer loop
      vertex -100.5 -3 28.5
      vertex -112.11 -3 37.4047
      vertex -112.245 -3 37.0785
    endloop
  endfacet
  facet normal 0 -1 -0
    outer loop
      vertex 112 -3 38.1
      vertex 100.5 -3 28.5
      vertex 112.028 -3 37.748
    endloop
  endfacet
  facet normal 0 -1 0
    outer loop
      vertex -100.5 -3 28.5
      vertex -112.245 -3 37.0785
      vertex -112.43 -3 36.7775
    endloop
  endfacet
  facet normal 0 -1 -0
    outer loop
      vertex 112.028 -3 37.748
      vertex 100.5 -3 28.5
      vertex 112.11 -3 37.4047
    endloop
  endfacet
  facet normal 0 -1 0
    outer loop
      vertex -100.5 -3 28.5
      vertex -112.43 -3 36.7775
      vertex -112.659 -3 36.509
    endloop
  endfacet
  facet normal 0 -1 -0
    outer loop
      vertex 112.11 -3 37.4047
      vertex 100.5 -3 28.5
      vertex 112.245 -3 37.0785
    endloop
  endfacet
  facet normal 0 -1 0
    outer loop
      vertex -100.5 -3 28.5
      vertex -112.659 -3 36.509
      vertex -112.927 -3 36.2797
    endloop
  endfacet
  facet normal 0 -1 -0
    outer loop
      vertex 112.245 -3 37.0785
      vertex 100.5 -3 28.5
      vertex 112.43 -3 36.7775
    endloop
  endfacet
  facet normal 0 -1 0
    outer loop
      vertex -100.5 -3 28.5
      vertex -112.927 -3 36.2797
      vertex -113.229 -3 36.0952
    endloop
  endfacet
  facet normal 0 -1 -0
    outer loop
      vertex 112.43 -3 36.7775
      vertex 100.5 -3 28.5
      vertex 112.659 -3 36.509
    endloop
  endfacet
  facet normal 0 -1 0
    outer loop
      vertex -100.5 -3 28.5
      vertex -113.229 -3 36.0952
      vertex -113.555 -3 35.9601
    endloop
  endfacet
  facet normal 0 -1 -0
    outer loop
      vertex 112.659 -3 36.509
      vertex 100.5 -3 28.5
      vertex 112.927 -3 36.2797
    endloop
  endfacet
  facet normal 0 -1 0
    outer loop
      vertex -100.5 -3 28.5
      vertex -113.555 -3 35.9601
      vertex -113.898 -3 35.8777
    endloop
  endfacet
  facet normal 0 -1 -0
    outer loop
      vertex 112.927 -3 36.2797
      vertex 100.5 -3 28.5
      vertex 113.229 -3 36.0952
    endloop
  endfacet
  facet normal 0 -1 0
    outer loop
      vertex -113.898 -3 8.5723
      vertex -113.898 -3 35.8777
      vertex -114.25 -3 35.85
    endloop
  endfacet
  facet normal 0 -1 -0
    outer loop
      vertex 113.229 -3 36.0952
      vertex 100.5 -3 28.5
      vertex 113.555 -3 35.9601
    endloop
  endfacet
  facet normal 0 -1 0
    outer loop
      vertex -114.25 -3 40.35
      vertex -127 -3 44.45
      vertex -121.75 -3 40.35
    endloop
  endfacet
  facet normal 0 -1 0
    outer loop
      vertex -127 -3 44.45
      vertex -122.102 -3 40.3223
      vertex -121.75 -3 40.35
    endloop
  endfacet
  facet normal 0 -1 0
    outer loop
      vertex -127 -3 44.45
      vertex -122.445 -3 40.2399
      vertex -122.102 -3 40.3223
    endloop
  endfacet
  facet normal 0 -1 0
    outer loop
      vertex -127 -3 44.45
      vertex -122.771 -3 40.1048
      vertex -122.445 -3 40.2399
    endloop
  endfacet
  facet normal 0 -1 0
    outer loop
      vertex -127 -3 44.45
      vertex -123.073 -3 39.9203
      vertex -122.771 -3 40.1048
    endloop
  endfacet
  facet normal 0 -1 0
    outer loop
      vertex -127 -3 44.45
      vertex -123.341 -3 39.691
      vertex -123.073 -3 39.9203
    endloop
  endfacet
  facet normal 0 -1 0
    outer loop
      vertex -127 -3 44.45
      vertex -123.57 -3 39.4225
      vertex -123.341 -3 39.691
    endloop
  endfacet
  facet normal 0 -1 0
    outer loop
      vertex -127 -3 44.45
      vertex -123.755 -3 39.1215
      vertex -123.57 -3 39.4225
    endloop
  endfacet
  facet normal 0 -1 0
    outer loop
      vertex -127 -3 44.45
      vertex -123.89 -3 38.7953
      vertex -123.755 -3 39.1215
    endloop
  endfacet
  facet normal 0 -1 0
    outer loop
      vertex -127 -3 44.45
      vertex -123.972 -3 38.452
      vertex -123.89 -3 38.7953
    endloop
  endfacet
  facet normal 0 -1 0
    outer loop
      vertex -127 -3 44.45
      vertex -124 -3 38.1
      vertex -123.972 -3 38.452
    endloop
  endfacet
  facet normal 0 -1 0
    outer loop
      vertex -127 -3 44.45
      vertex -123.972 -3 37.748
      vertex -124 -3 38.1
    endloop
  endfacet
  facet normal 0 -1 0
    outer loop
      vertex -127 -3 44.45
      vertex -123.89 -3 37.4047
      vertex -123.972 -3 37.748
    endloop
  endfacet
  facet normal 0 -1 0
    outer loop
      vertex -123.89 -3 7.04529
      vertex -123.89 -3 37.4047
      vertex -127 -3 44.45
    endloop
  endfacet
  facet normal 0 -1 0
    outer loop
      vertex -114.25 -3 8.6
      vertex -114.25 -3 35.85
      vertex -121.75 -3 35.85
    endloop
  endfacet
  facet normal 0 -1 -0
    outer loop
      vertex 113.555 -3 35.9601
      vertex 100.5 -3 28.5
      vertex 113.898 -3 35.8777
    endloop
  endfacet
  facet normal 0 -1 0
    outer loop
      vertex 113.898 -3 8.5723
      vertex 113.898 -3 35.8777
      vertex 100.5 -3 28.5
    endloop
  endfacet
  facet normal 0 -1 0
    outer loop
      vertex -121.75 -3 8.6
      vertex -121.75 -3 35.85
      vertex -122.102 -3 35.8777
    endloop
  endfacet
  facet normal 0 -1 0
    outer loop
      vertex -122.102 -3 8.5723
      vertex -122.102 -3 35.8777
      vertex -122.445 -3 35.9601
    endloop
  endfacet
  facet normal 0 -1 0
    outer loop
      vertex -121.75 -3 35.85
      vertex -121.75 -3 8.6
      vertex -114.25 -3 8.6
    endloop
  endfacet
  facet normal 0 -1 0
    outer loop
      vertex -122.445 -3 8.48988
      vertex -122.445 -3 35.9601
      vertex -122.771 -3 36.0952
    endloop
  endfacet
  facet normal 0 -1 0
    outer loop
      vertex -122.771 -3 8.35476
      vertex -122.771 -3 36.0952
      vertex -123.073 -3 36.2797
    endloop
  endfacet
  facet normal 0 -1 0
    outer loop
      vertex -123.073 -3 8.17029
      vertex -123.073 -3 36.2797
      vertex -123.341 -3 36.509
    endloop
  endfacet
  facet normal 0 -1 0
    outer loop
      vertex -123.341 -3 7.94099
      vertex -123.341 -3 36.509
      vertex -123.57 -3 36.7775
    endloop
  endfacet
  facet normal 0 -1 0
    outer loop
      vertex -123.57 -3 7.67252
      vertex -123.57 -3 36.7775
      vertex -123.755 -3 37.0785
    endloop
  endfacet
  facet normal 0 -1 0
    outer loop
      vertex -123.89 -3 37.4047
      vertex -123.89 -3 7.04529
      vertex -123.755 -3 37.0785
    endloop
  endfacet
  facet normal 0 -1 0
    outer loop
      vertex -122.102 -3 35.8777
      vertex -122.102 -3 8.5723
      vertex -121.75 -3 8.6
    endloop
  endfacet
  facet normal 0 -1 0
    outer loop
      vertex -122.445 -3 35.9601
      vertex -122.445 -3 8.48988
      vertex -122.102 -3 8.5723
    endloop
  endfacet
  facet normal 0 -1 0
    outer loop
      vertex -122.771 -3 36.0952
      vertex -122.771 -3 8.35476
      vertex -122.445 -3 8.48988
    endloop
  endfacet
  facet normal 0 -1 0
    outer loop
      vertex -123.073 -3 36.2797
      vertex -123.073 -3 8.17029
      vertex -122.771 -3 8.35476
    endloop
  endfacet
  facet normal 0 -1 0
    outer loop
      vertex -123.341 -3 36.509
      vertex -123.341 -3 7.94099
      vertex -123.073 -3 8.17029
    endloop
  endfacet
  facet normal 0 -1 0
    outer loop
      vertex -123.57 -3 36.7775
      vertex -123.57 -3 7.67252
      vertex -123.341 -3 7.94099
    endloop
  endfacet
  facet normal 0 -1 0
    outer loop
      vertex -123.755 -3 37.0785
      vertex -123.755 -3 7.37148
      vertex -123.57 -3 7.67252
    endloop
  endfacet
  facet normal 0 -1 -0
    outer loop
      vertex -123.755 -3 37.0785
      vertex -123.89 -3 7.04529
      vertex -123.755 -3 7.37148
    endloop
  endfacet
  facet normal 0 -1 0
    outer loop
      vertex -127 -3 0
      vertex -123.89 -3 7.04529
      vertex -127 -3 44.45
    endloop
  endfacet
  facet normal 0 -1 0
    outer loop
      vertex -123.89 -3 7.04529
      vertex -127 -3 0
      vertex -123.972 -3 6.70198
    endloop
  endfacet
  facet normal 0 -1 0
    outer loop
      vertex -123.972 -3 6.70198
      vertex -127 -3 0
      vertex -124 -3 6.35
    endloop
  endfacet
  facet normal 0 -1 0
    outer loop
      vertex -127 -3 0
      vertex -114.25 -3 4.1
      vertex -121.75 -3 4.1
    endloop
  endfacet
  facet normal 0 -1 -0
    outer loop
      vertex -100.5 -3 2.5
      vertex -127 -3 0
      vertex 100.5 -3 2.5
    endloop
  endfacet
  facet normal 0 -1 -0
    outer loop
      vertex -114.25 -3 4.1
      vertex -127 -3 0
      vertex -100.5 -3 2.5
    endloop
  endfacet
  facet normal 0 -1 -0
    outer loop
      vertex -122.102 -3 4.1277
      vertex -127 -3 0
      vertex -121.75 -3 4.1
    endloop
  endfacet
  facet normal 0 -1 -0
    outer loop
      vertex -122.445 -3 4.21012
      vertex -127 -3 0
      vertex -122.102 -3 4.1277
    endloop
  endfacet
  facet normal 0 -1 -0
    outer loop
      vertex -122.771 -3 4.34523
      vertex -127 -3 0
      vertex -122.445 -3 4.21012
    endloop
  endfacet
  facet normal 0 -1 -0
    outer loop
      vertex -123.073 -3 4.52971
      vertex -127 -3 0
      vertex -122.771 -3 4.34523
    endloop
  endfacet
  facet normal 0 -1 -0
    outer loop
      vertex -123.341 -3 4.75901
      vertex -127 -3 0
      vertex -123.073 -3 4.52971
    endloop
  endfacet
  facet normal 0 -1 -0
    outer loop
      vertex -123.57 -3 5.02748
      vertex -127 -3 0
      vertex -123.341 -3 4.75901
    endloop
  endfacet
  facet normal 0 -1 -0
    outer loop
      vertex -123.755 -3 5.32852
      vertex -127 -3 0
      vertex -123.57 -3 5.02748
    endloop
  endfacet
  facet normal 0 -1 -0
    outer loop
      vertex -123.89 -3 5.65471
      vertex -127 -3 0
      vertex -123.755 -3 5.32852
    endloop
  endfacet
  facet normal 0 -1 -0
    outer loop
      vertex -123.972 -3 5.99802
      vertex -127 -3 0
      vertex -123.89 -3 5.65471
    endloop
  endfacet
  facet normal 0 -1 -0
    outer loop
      vertex -124 -3 6.35
      vertex -127 -3 0
      vertex -123.972 -3 5.99802
    endloop
  endfacet
  facet normal 0 -1 0
    outer loop
      vertex -113.898 -3 40.3223
      vertex -127 -3 44.45
      vertex -114.25 -3 40.35
    endloop
  endfacet
  facet normal 0 -1 0
    outer loop
      vertex -113.555 -3 40.2399
      vertex -127 -3 44.45
      vertex -113.898 -3 40.3223
    endloop
  endfacet
  facet normal 0 -1 0
    outer loop
      vertex 121.75 -3 40.35
      vertex 127 -3 44.45
      vertex 114.25 -3 40.35
    endloop
  endfacet
  facet normal 0 -1 0
    outer loop
      vertex 122.102 -3 40.3223
      vertex 127 -3 44.45
      vertex 121.75 -3 40.35
    endloop
  endfacet
  facet normal 0 -1 0
    outer loop
      vertex 122.445 -3 40.2399
      vertex 127 -3 44.45
      vertex 122.102 -3 40.3223
    endloop
  endfacet
  facet normal 0 -1 0
    outer loop
      vertex 122.771 -3 40.1048
      vertex 127 -3 44.45
      vertex 122.445 -3 40.2399
    endloop
  endfacet
  facet normal 0 -1 0
    outer loop
      vertex 123.073 -3 39.9203
      vertex 127 -3 44.45
      vertex 122.771 -3 40.1048
    endloop
  endfacet
  facet normal 0 -1 0
    outer loop
      vertex 123.341 -3 39.691
      vertex 127 -3 44.45
      vertex 123.073 -3 39.9203
    endloop
  endfacet
  facet normal 0 -1 0
    outer loop
      vertex 123.57 -3 39.4225
      vertex 127 -3 44.45
      vertex 123.341 -3 39.691
    endloop
  endfacet
  facet normal 0 -1 0
    outer loop
      vertex 123.755 -3 39.1215
      vertex 127 -3 44.45
      vertex 123.57 -3 39.4225
    endloop
  endfacet
  facet normal 0 -1 0
    outer loop
      vertex 123.89 -3 38.7953
      vertex 127 -3 44.45
      vertex 123.755 -3 39.1215
    endloop
  endfacet
  facet normal 0 -1 0
    outer loop
      vertex 123.972 -3 38.452
      vertex 127 -3 44.45
      vertex 123.89 -3 38.7953
    endloop
  endfacet
  facet normal 0 -1 0
    outer loop
      vertex 124 -3 38.1
      vertex 127 -3 44.45
      vertex 123.972 -3 38.452
    endloop
  endfacet
  facet normal 0 -1 0
    outer loop
      vertex 123.972 -3 37.748
      vertex 127 -3 44.45
      vertex 124 -3 38.1
    endloop
  endfacet
  facet normal 0 -1 0
    outer loop
      vertex 123.89 -3 37.4047
      vertex 127 -3 44.45
      vertex 123.972 -3 37.748
    endloop
  endfacet
  facet normal 0 -1 0
    outer loop
      vertex 123.89 -3 7.04529
      vertex 123.89 -3 37.4047
      vertex 123.755 -3 37.0785
    endloop
  endfacet
  facet normal 0 -1 0
    outer loop
      vertex 113.898 -3 35.8777
      vertex 114.25 -3 8.6
      vertex 114.25 -3 35.85
    endloop
  endfacet
  facet normal 0 -1 0
    outer loop
      vertex 114.25 -3 35.85
      vertex 114.25 -3 8.6
      vertex 121.75 -3 35.85
    endloop
  endfacet
  facet normal 0 -1 0
    outer loop
      vertex 121.75 -3 8.6
      vertex 121.75 -3 35.85
      vertex 114.25 -3 8.6
    endloop
  endfacet
  facet normal 0 -1 0
    outer loop
      vertex 121.75 -3 35.85
      vertex 121.75 -3 8.6
      vertex 122.102 -3 35.8777
    endloop
  endfacet
  facet normal 0 -1 0
    outer loop
      vertex 122.102 -3 8.5723
      vertex 122.102 -3 35.8777
      vertex 121.75 -3 8.6
    endloop
  endfacet
  facet normal 0 -1 0
    outer loop
      vertex 122.102 -3 35.8777
      vertex 122.102 -3 8.5723
      vertex 122.445 -3 35.9601
    endloop
  endfacet
  facet normal 0 -1 0
    outer loop
      vertex 122.445 -3 8.48988
      vertex 122.445 -3 35.9601
      vertex 122.102 -3 8.5723
    endloop
  endfacet
  facet normal 0 -1 0
    outer loop
      vertex 122.445 -3 35.9601
      vertex 122.445 -3 8.48988
      vertex 122.771 -3 36.0952
    endloop
  endfacet
  facet normal 0 -1 0
    outer loop
      vertex 122.771 -3 8.35476
      vertex 122.771 -3 36.0952
      vertex 122.445 -3 8.48988
    endloop
  endfacet
  facet normal 0 -1 0
    outer loop
      vertex 122.771 -3 36.0952
      vertex 122.771 -3 8.35476
      vertex 123.073 -3 36.2797
    endloop
  endfacet
  facet normal 0 -1 0
    outer loop
      vertex 123.073 -3 8.17029
      vertex 123.073 -3 36.2797
      vertex 122.771 -3 8.35476
    endloop
  endfacet
  facet normal 0 -1 0
    outer loop
      vertex 123.073 -3 36.2797
      vertex 123.073 -3 8.17029
      vertex 123.341 -3 36.509
    endloop
  endfacet
  facet normal 0 -1 0
    outer loop
      vertex 123.341 -3 7.94099
      vertex 123.341 -3 36.509
      vertex 123.073 -3 8.17029
    endloop
  endfacet
  facet normal 0 -1 0
    outer loop
      vertex 123.341 -3 36.509
      vertex 123.341 -3 7.94099
      vertex 123.57 -3 36.7775
    endloop
  endfacet
  facet normal 0 -1 0
    outer loop
      vertex 123.57 -3 7.67252
      vertex 123.57 -3 36.7775
      vertex 123.341 -3 7.94099
    endloop
  endfacet
  facet normal 0 -1 0
    outer loop
      vertex 123.57 -3 36.7775
      vertex 123.57 -3 7.67252
      vertex 123.755 -3 37.0785
    endloop
  endfacet
  facet normal 0 -1 0
    outer loop
      vertex 123.755 -3 7.37148
      vertex 123.755 -3 37.0785
      vertex 123.57 -3 7.67252
    endloop
  endfacet
  facet normal 0 -1 0
    outer loop
      vertex 123.89 -3 7.04529
      vertex 123.755 -3 37.0785
      vertex 123.755 -3 7.37148
    endloop
  endfacet
  facet normal 0 -1 0
    outer loop
      vertex 123.89 -3 37.4047
      vertex 123.89 -3 7.04529
      vertex 127 -3 44.45
    endloop
  endfacet
  facet normal 0 -1 0
    outer loop
      vertex 127 -3 0
      vertex 123.89 -3 7.04529
      vertex 123.972 -3 6.70198
    endloop
  endfacet
  facet normal 0 -1 0
    outer loop
      vertex 127 -3 0
      vertex 123.972 -3 6.70198
      vertex 124 -3 6.35
    endloop
  endfacet
  facet normal 0 -1 0
    outer loop
      vertex 127 -3 0
      vertex 124 -3 6.35
      vertex 123.972 -3 5.99802
    endloop
  endfacet
  facet normal 0 -1 0
    outer loop
      vertex 123.89 -3 7.04529
      vertex 127 -3 0
      vertex 127 -3 44.45
    endloop
  endfacet
  facet normal 0 -1 0
    outer loop
      vertex 123.89 -3 5.65471
      vertex 127 -3 0
      vertex 123.972 -3 5.99802
    endloop
  endfacet
  facet normal 0 -1 0
    outer loop
      vertex 123.755 -3 5.32852
      vertex 127 -3 0
      vertex 123.89 -3 5.65471
    endloop
  endfacet
  facet normal 0 -1 0
    outer loop
      vertex 123.57 -3 5.02748
      vertex 127 -3 0
      vertex 123.755 -3 5.32852
    endloop
  endfacet
  facet normal 0 -1 0
    outer loop
      vertex 123.341 -3 4.75901
      vertex 127 -3 0
      vertex 123.57 -3 5.02748
    endloop
  endfacet
  facet normal 0 -1 0
    outer loop
      vertex 123.073 -3 4.52971
      vertex 127 -3 0
      vertex 123.341 -3 4.75901
    endloop
  endfacet
  facet normal 0 -1 0
    outer loop
      vertex 122.771 -3 4.34523
      vertex 127 -3 0
      vertex 123.073 -3 4.52971
    endloop
  endfacet
  facet normal 0 -1 0
    outer loop
      vertex 122.445 -3 4.21012
      vertex 127 -3 0
      vertex 122.771 -3 4.34523
    endloop
  endfacet
  facet normal 0 -1 0
    outer loop
      vertex 122.102 -3 4.1277
      vertex 127 -3 0
      vertex 122.445 -3 4.21012
    endloop
  endfacet
  facet normal 0 -1 0
    outer loop
      vertex 121.75 -3 4.1
      vertex 127 -3 0
      vertex 122.102 -3 4.1277
    endloop
  endfacet
  facet normal 0 -1 0
    outer loop
      vertex 114.25 -3 4.1
      vertex 127 -3 0
      vertex 121.75 -3 4.1
    endloop
  endfacet
  facet normal 0 -1 0
    outer loop
      vertex 127 -3 0
      vertex 100.5 -3 2.5
      vertex -127 -3 0
    endloop
  endfacet
  facet normal 0 -1 0
    outer loop
      vertex -113.898 -3 8.5723
      vertex -114.25 -3 35.85
      vertex -114.25 -3 8.6
    endloop
  endfacet
  facet normal 0 -1 0
    outer loop
      vertex -113.898 -3 35.8777
      vertex -113.898 -3 8.5723
      vertex -100.5 -3 28.5
    endloop
  endfacet
  facet normal 0 -1 0
    outer loop
      vertex -113.555 -3 8.48988
      vertex -100.5 -3 28.5
      vertex -113.898 -3 8.5723
    endloop
  endfacet
  facet normal 0 -1 0
    outer loop
      vertex -113.229 -3 8.35476
      vertex -100.5 -3 28.5
      vertex -113.555 -3 8.48988
    endloop
  endfacet
  facet normal 0 -1 0
    outer loop
      vertex -112.927 -3 8.17029
      vertex -100.5 -3 28.5
      vertex -113.229 -3 8.35476
    endloop
  endfacet
  facet normal 0 -1 0
    outer loop
      vertex -112.659 -3 7.94099
      vertex -100.5 -3 28.5
      vertex -112.927 -3 8.17029
    endloop
  endfacet
  facet normal 0 -1 0
    outer loop
      vertex -112.43 -3 7.67252
      vertex -100.5 -3 28.5
      vertex -112.659 -3 7.94099
    endloop
  endfacet
  facet normal 0 -1 0
    outer loop
      vertex -100.5 -3 2.5
      vertex -112.43 -3 7.67252
      vertex -112.245 -3 7.37148
    endloop
  endfacet
  facet normal 0 -1 0
    outer loop
      vertex -100.5 -3 2.5
      vertex -112.245 -3 7.37148
      vertex -112.11 -3 7.04529
    endloop
  endfacet
  facet normal 0 -1 0
    outer loop
      vertex -100.5 -3 2.5
      vertex -112.11 -3 7.04529
      vertex -112.028 -3 6.70198
    endloop
  endfacet
  facet normal 0 -1 0
    outer loop
      vertex -100.5 -3 2.5
      vertex -112.028 -3 6.70198
      vertex -112 -3 6.35
    endloop
  endfacet
  facet normal 0 -1 0
    outer loop
      vertex -100.5 -3 2.5
      vertex -112 -3 6.35
      vertex -112.028 -3 5.99802
    endloop
  endfacet
  facet normal 0 -1 0
    outer loop
      vertex -100.5 -3 2.5
      vertex -112.028 -3 5.99802
      vertex -112.11 -3 5.65471
    endloop
  endfacet
  facet normal 0 -1 0
    outer loop
      vertex -100.5 -3 2.5
      vertex -112.11 -3 5.65471
      vertex -112.245 -3 5.32852
    endloop
  endfacet
  facet normal 0 -1 0
    outer loop
      vertex -112.43 -3 7.67252
      vertex -100.5 -3 2.5
      vertex -100.5 -3 28.5
    endloop
  endfacet
  facet normal 0 -1 0
    outer loop
      vertex -112.43 -3 5.02748
      vertex -100.5 -3 2.5
      vertex -112.245 -3 5.32852
    endloop
  endfacet
  facet normal 0 -1 0
    outer loop
      vertex -112.659 -3 4.75901
      vertex -100.5 -3 2.5
      vertex -112.43 -3 5.02748
    endloop
  endfacet
  facet normal 0 -1 0
    outer loop
      vertex -112.927 -3 4.52971
      vertex -100.5 -3 2.5
      vertex -112.659 -3 4.75901
    endloop
  endfacet
  facet normal 0 -1 0
    outer loop
      vertex -113.229 -3 4.34523
      vertex -100.5 -3 2.5
      vertex -112.927 -3 4.52971
    endloop
  endfacet
  facet normal 0 -1 0
    outer loop
      vertex -113.555 -3 4.21012
      vertex -100.5 -3 2.5
      vertex -113.229 -3 4.34523
    endloop
  endfacet
  facet normal 0 -1 0
    outer loop
      vertex -113.898 -3 4.1277
      vertex -100.5 -3 2.5
      vertex -113.555 -3 4.21012
    endloop
  endfacet
  facet normal 0 -1 0
    outer loop
      vertex -100.5 -3 2.5
      vertex -113.898 -3 4.1277
      vertex -114.25 -3 4.1
    endloop
  endfacet
  facet normal -1 0 0
    outer loop
      vertex 100.5 -0.799999 2.5
      vertex 100.5 0 28.5
      vertex 100.5 0 2.5
    endloop
  endfacet
  facet normal -1 0 0
    outer loop
      vertex 100.5 -3 28.5
      vertex 100.5 -0.799999 2.5
      vertex 100.5 -3 2.5
    endloop
  endfacet
  facet normal -1 0 0
    outer loop
      vertex 100.5 -0.799999 2.5
      vertex 100.5 -3 28.5
      vertex 100.5 0 28.5
    endloop
  endfacet
  facet normal 0 0 -1
    outer loop
      vertex -100.5 -3 28.5
      vertex 100.5 0 28.5
      vertex 100.5 -3 28.5
    endloop
  endfacet
  facet normal -0 0 -1
    outer loop
      vertex 100.5 0 28.5
      vertex -100.5 -3 28.5
      vertex -100.5 0 28.5
    endloop
  endfacet
  facet normal 0 0 1
    outer loop
      vertex 106.5 127.2 2.5
      vertex 100.5 0 2.5
      vertex 106.5 0 2.5
    endloop
  endfacet
  facet normal -0 0 1
    outer loop
      vertex 70.3125 6 2.5
      vertex 100.5 0 2.5
      vertex 70.3125 122 2.5
    endloop
  endfacet
  facet normal 0 0 1
    outer loop
      vertex 106.5 127.2 2.5
      vertex 70.3125 122 2.5
      vertex 100.5 0 2.5
    endloop
  endfacet
  facet normal 0 0 1
    outer loop
      vertex 106.5 127.2 2.5
      vertex 60.3125 122 2.5
      vertex 70.3125 122 2.5
    endloop
  endfacet
  facet normal 0 0 1
    outer loop
      vertex 60.3125 122 2.5
      vertex 5 122 2.5
      vertex 60.3125 6 2.5
    endloop
  endfacet
  facet normal 0 0 1
    outer loop
      vertex 106.5 127.2 2.5
      vertex 5 122 2.5
      vertex 60.3125 122 2.5
    endloop
  endfacet
  facet normal 0 0 1
    outer loop
      vertex 106.5 127.2 2.5
      vertex -5 122 2.5
      vertex 5 122 2.5
    endloop
  endfacet
  facet normal 0 0 1
    outer loop
      vertex -5 122 2.5
      vertex -60.3125 122 2.5
      vertex -5 6 2.5
    endloop
  endfacet
  facet normal -0 0 1
    outer loop
      vertex -106.5 127.2 2.5
      vertex -5 122 2.5
      vertex 106.5 127.2 2.5
    endloop
  endfacet
  facet normal 0 0 1
    outer loop
      vertex -5 122 2.5
      vertex -106.5 127.2 2.5
      vertex -60.3125 122 2.5
    endloop
  endfacet
  facet normal 0 0 1
    outer loop
      vertex -70.3125 122 2.5
      vertex -100.5 0 2.5
      vertex -70.3125 6 2.5
    endloop
  endfacet
  facet normal 0 0 1
    outer loop
      vertex -60.3125 122 2.5
      vertex -106.5 127.2 2.5
      vertex -70.3125 122 2.5
    endloop
  endfacet
  facet normal 0 0 1
    outer loop
      vertex -106.5 127.2 2.5
      vertex -100.5 0 2.5
      vertex -70.3125 122 2.5
    endloop
  endfacet
  facet normal 0 0 1
    outer loop
      vertex -100.5 0 2.5
      vertex -106.5 127.2 2.5
      vertex -106.5 0 2.5
    endloop
  endfacet
  facet normal 0 0 1
    outer loop
      vertex 100.5 0 2.5
      vertex 70.3125 6 2.5
      vertex 100.5 -0.799999 2.5
    endloop
  endfacet
  facet normal -0 0 1
    outer loop
      vertex 60.3125 6 2.5
      vertex 100.5 -0.799999 2.5
      vertex 70.3125 6 2.5
    endloop
  endfacet
  facet normal 0 0 1
    outer loop
      vertex 5 6 2.5
      vertex 60.3125 6 2.5
      vertex 5 122 2.5
    endloop
  endfacet
  facet normal -0 0 1
    outer loop
      vertex 5 6 2.5
      vertex 100.5 -0.799999 2.5
      vertex 60.3125 6 2.5
    endloop
  endfacet
  facet normal -0 0 1
    outer loop
      vertex -5 6 2.5
      vertex 100.5 -0.799999 2.5
      vertex 5 6 2.5
    endloop
  endfacet
  facet normal 0 0 1
    outer loop
      vertex -60.3125 6 2.5
      vertex -5 6 2.5
      vertex -60.3125 122 2.5
    endloop
  endfacet
  facet normal 0 0 1
    outer loop
      vertex -100.5 -0.799999 2.5
      vertex -5 6 2.5
      vertex -60.3125 6 2.5
    endloop
  endfacet
  facet normal 0 0 1
    outer loop
      vertex -100.5 -0.799999 2.5
      vertex -60.3125 6 2.5
      vertex -70.3125 6 2.5
    endloop
  endfacet
  facet normal 0 0 1
    outer loop
      vertex -100.5 -0.799999 2.5
      vertex -70.3125 6 2.5
      vertex -100.5 0 2.5
    endloop
  endfacet
  facet normal 0 0 1
    outer loop
      vertex -5 6 2.5
      vertex -100.5 -0.799999 2.5
      vertex 100.5 -0.799999 2.5
    endloop
  endfacet
  facet normal -0 0 1
    outer loop
      vertex -100.5 -0.799999 2.5
      vertex 100.5 -3 2.5
      vertex 100.5 -0.799999 2.5
    endloop
  endfacet
  facet normal 0 0 1
    outer loop
      vertex 100.5 -3 2.5
      vertex -100.5 -0.799999 2.5
      vertex -100.5 -3 2.5
    endloop
  endfacet
  facet normal 1 0 0
    outer loop
      vertex -100.5 0 28.5
      vertex -100.5 -0.799999 2.5
      vertex -100.5 0 2.5
    endloop
  endfacet
  facet normal 1 -0 0
    outer loop
      vertex -100.5 -3 28.5
      vertex -100.5 -0.799999 2.5
      vertex -100.5 0 28.5
    endloop
  endfacet
  facet normal 1 0 0
    outer loop
      vertex -100.5 -0.799999 2.5
      vertex -100.5 -3 28.5
      vertex -100.5 -3 2.5
    endloop
  endfacet
  facet normal -1 0 0
    outer loop
      vertex -60.3125 6 0
      vertex -60.3125 122 2.5
      vertex -60.3125 122 0
    endloop
  endfacet
  facet normal -1 -0 0
    outer loop
      vertex -60.3125 122 2.5
      vertex -60.3125 6 0
      vertex -60.3125 6 2.5
    endloop
  endfacet
  facet normal 1 -0 0
    outer loop
      vertex -70.3125 6 2.5
      vertex -70.3125 122 0
      vertex -70.3125 122 2.5
    endloop
  endfacet
  facet normal 1 0 0
    outer loop
      vertex -70.3125 122 0
      vertex -70.3125 6 2.5
      vertex -70.3125 6 0
    endloop
  endfacet
  facet normal 0 -1 0
    outer loop
      vertex -70.3125 122 0
      vertex -60.3125 122 2.5
      vertex -70.3125 122 2.5
    endloop
  endfacet
  facet normal 0 -1 -0
    outer loop
      vertex -60.3125 122 2.5
      vertex -70.3125 122 0
      vertex -60.3125 122 0
    endloop
  endfacet
  facet normal 0 1 -0
    outer loop
      vertex -60.3125 6 0
      vertex -70.3125 6 2.5
      vertex -60.3125 6 2.5
    endloop
  endfacet
  facet normal 0 1 0
    outer loop
      vertex -70.3125 6 2.5
      vertex -60.3125 6 0
      vertex -70.3125 6 0
    endloop
  endfacet
  facet normal -1 0 0
    outer loop
      vertex 5 6 0
      vertex 5 122 2.5
      vertex 5 122 0
    endloop
  endfacet
  facet normal -1 -0 0
    outer loop
      vertex 5 122 2.5
      vertex 5 6 0
      vertex 5 6 2.5
    endloop
  endfacet
  facet normal 1 -0 0
    outer loop
      vertex -5 6 2.5
      vertex -5 122 0
      vertex -5 122 2.5
    endloop
  endfacet
  facet normal 1 0 0
    outer loop
      vertex -5 122 0
      vertex -5 6 2.5
      vertex -5 6 0
    endloop
  endfacet
  facet normal 0 -1 0
    outer loop
      vertex -5 122 0
      vertex 5 122 2.5
      vertex -5 122 2.5
    endloop
  endfacet
  facet normal 0 -1 -0
    outer loop
      vertex 5 122 2.5
      vertex -5 122 0
      vertex 5 122 0
    endloop
  endfacet
  facet normal 0 1 -0
    outer loop
      vertex 5 6 0
      vertex -5 6 2.5
      vertex 5 6 2.5
    endloop
  endfacet
  facet normal 0 1 0
    outer loop
      vertex -5 6 2.5
      vertex 5 6 0
      vertex -5 6 0
    endloop
  endfacet
  facet normal -1 0 0
    outer loop
      vertex 70.3125 6 0
      vertex 70.3125 122 2.5
      vertex 70.3125 122 0
    endloop
  endfacet
  facet normal -1 -0 0
    outer loop
      vertex 70.3125 122 2.5
      vertex 70.3125 6 0
      vertex 70.3125 6 2.5
    endloop
  endfacet
  facet normal 1 -0 0
    outer loop
      vertex 60.3125 6 2.5
      vertex 60.3125 122 0
      vertex 60.3125 122 2.5
    endloop
  endfacet
  facet normal 1 0 0
    outer loop
      vertex 60.3125 122 0
      vertex 60.3125 6 2.5
      vertex 60.3125 6 0
    endloop
  endfacet
  facet normal 0 -1 0
    outer loop
      vertex 60.3125 122 0
      vertex 70.3125 122 2.5
      vertex 60.3125 122 2.5
    endloop
  endfacet
  facet normal 0 -1 -0
    outer loop
      vertex 70.3125 122 2.5
      vertex 60.3125 122 0
      vertex 70.3125 122 0
    endloop
  endfacet
  facet normal 0 1 -0
    outer loop
      vertex 70.3125 6 0
      vertex 60.3125 6 2.5
      vertex 70.3125 6 2.5
    endloop
  endfacet
  facet normal 0 1 0
    outer loop
      vertex 60.3125 6 2.5
      vertex 70.3125 6 0
      vertex 60.3125 6 0
    endloop
  endfacet
  facet normal 1 -0 0
    outer loop
      vertex 109 0 28.5
      vertex 109 130.5 0
      vertex 109 130.5 28.5
    endloop
  endfacet
  facet normal 1 0 0
    outer loop
      vertex 109 130.5 0
      vertex 109 0 28.5
      vertex 109 0 0
    endloop
  endfacet
  facet normal -1 0 0
    outer loop
      vertex -109 0 0
      vertex -109 130.5 28.5
      vertex -109 130.5 0
    endloop
  endfacet
  facet normal -1 -0 0
    outer loop
      vertex -109 130.5 28.5
      vertex -109 0 0
      vertex -109 0 28.5
    endloop
  endfacet
  facet normal 1 -0 0
    outer loop
      vertex -106.5 0 28.5
      vertex -106.5 127.2 2.5
      vertex -106.5 127.2 28.5
    endloop
  endfacet
  facet normal 1 0 0
    outer loop
      vertex -106.5 127.2 2.5
      vertex -106.5 0 28.5
      vertex -106.5 0 2.5
    endloop
  endfacet
  facet normal 0 0 1
    outer loop
      vertex 109 130.5 28.5
      vertex 106.5 127.2 28.5
      vertex 109 0 28.5
    endloop
  endfacet
  facet normal 0 0 1
    outer loop
      vertex 109 130.5 28.5
      vertex -106.5 127.2 28.5
      vertex 106.5 127.2 28.5
    endloop
  endfacet
  facet normal -0 0 1
    outer loop
      vertex -109 130.5 28.5
      vertex -106.5 127.2 28.5
      vertex 109 130.5 28.5
    endloop
  endfacet
  facet normal 0 0 1
    outer loop
      vertex -109 0 28.5
      vertex -106.5 127.2 28.5
      vertex -109 130.5 28.5
    endloop
  endfacet
  facet normal 0 0 1
    outer loop
      vertex -106.5 127.2 28.5
      vertex -109 0 28.5
      vertex -106.5 0 28.5
    endloop
  endfacet
  facet normal 0 0 1
    outer loop
      vertex 109 0 28.5
      vertex 106.5 127.2 28.5
      vertex 106.5 0 28.5
    endloop
  endfacet
  facet normal -1 0 0
    outer loop
      vertex 106.5 0 2.5
      vertex 106.5 127.2 28.5
      vertex 106.5 127.2 2.5
    endloop
  endfacet
  facet normal -1 -0 0
    outer loop
      vertex 106.5 127.2 28.5
      vertex 106.5 0 2.5
      vertex 106.5 0 28.5
    endloop
  endfacet
  facet normal 0 1 -0
    outer loop
      vertex 109 130.5 0
      vertex -109 130.5 28.5
      vertex 109 130.5 28.5
    endloop
  endfacet
  facet normal 0 1 0
    outer loop
      vertex -109 130.5 28.5
      vertex 109 130.5 0
      vertex -109 130.5 0
    endloop
  endfacet
  facet normal 0 -1 0
    outer loop
      vertex -106.5 127.2 2.5
      vertex 106.5 127.2 28.5
      vertex -106.5 127.2 28.5
    endloop
  endfacet
  facet normal 0 -1 -0
    outer loop
      vertex 106.5 127.2 28.5
      vertex -106.5 127.2 2.5
      vertex 106.5 127.2 2.5
    endloop
  endfacet
endsolid OpenSCAD_Model
