solid OpenSCAD_Model
  facet normal -1 0 0
    outer loop
      vertex 42.5 -3 8
      vertex 42.5 0 120
      vertex 42.5 0 8
    endloop
  endfacet
  facet normal -1 -0 0
    outer loop
      vertex 42.5 0 120
      vertex 42.5 -3 8
      vertex 42.5 -3 120
    endloop
  endfacet
  facet normal 0 0 -1
    outer loop
      vertex 7.5 -3 120
      vertex 42.5 0 120
      vertex 42.5 -3 120
    endloop
  endfacet
  facet normal -0 0 -1
    outer loop
      vertex 42.5 0 120
      vertex 7.5 -3 120
      vertex 7.5 0 120
    endloop
  endfacet
  facet normal -0 0 1
    outer loop
      vertex 7.5 0 8
      vertex 42.5 -3 8
      vertex 42.5 0 8
    endloop
  endfacet
  facet normal 0 0 1
    outer loop
      vertex 42.5 -3 8
      vertex 7.5 0 8
      vertex 7.5 -3 8
    endloop
  endfacet
  facet normal 1 -0 0
    outer loop
      vertex 7.5 -3 120
      vertex 7.5 0 8
      vertex 7.5 0 120
    endloop
  endfacet
  facet normal 1 0 0
    outer loop
      vertex 7.5 0 8
      vertex 7.5 -3 120
      vertex 7.5 -3 8
    endloop
  endfacet
  facet normal -1 0 0
    outer loop
      vertex 92.5 -3 8
      vertex 92.5 0 120
      vertex 92.5 0 8
    endloop
  endfacet
  facet normal -1 -0 0
    outer loop
      vertex 92.5 0 120
      vertex 92.5 -3 8
      vertex 92.5 -3 120
    endloop
  endfacet
  facet normal 0 0 -1
    outer loop
      vertex 57.5 -3 120
      vertex 92.5 0 120
      vertex 92.5 -3 120
    endloop
  endfacet
  facet normal -0 0 -1
    outer loop
      vertex 92.5 0 120
      vertex 57.5 -3 120
      vertex 57.5 0 120
    endloop
  endfacet
  facet normal -0 0 1
    outer loop
      vertex 57.5 0 8
      vertex 92.5 -3 8
      vertex 92.5 0 8
    endloop
  endfacet
  facet normal 0 0 1
    outer loop
      vertex 92.5 -3 8
      vertex 57.5 0 8
      vertex 57.5 -3 8
    endloop
  endfacet
  facet normal 1 -0 0
    outer loop
      vertex 57.5 -3 120
      vertex 57.5 0 8
      vertex 57.5 0 120
    endloop
  endfacet
  facet normal 1 0 0
    outer loop
      vertex 57.5 0 8
      vertex 57.5 -3 120
      vertex 57.5 -3 8
    endloop
  endfacet
  facet normal 0.996851 0 -0.0792995
    outer loop
      vertex 112.028 -3 6.70198
      vertex 112 0 6.35
      vertex 112.028 0 6.70198
    endloop
  endfacet
  facet normal 0.996851 0 -0.0792995
    outer loop
      vertex 112 0 6.35
      vertex 112.028 -3 6.70198
      vertex 112 -3 6.35
    endloop
  endfacet
  facet normal 0.521274 0 -0.853389
    outer loop
      vertex 112.927 -3 8.17029
      vertex 113.229 0 8.35476
      vertex 113.229 -3 8.35476
    endloop
  endfacet
  facet normal 0.521274 0 -0.853389
    outer loop
      vertex 113.229 0 8.35476
      vertex 112.927 -3 8.17029
      vertex 112.927 0 8.17029
    endloop
  endfacet
  facet normal -0.0784506 0 -0.996918
    outer loop
      vertex 121.75 -3 8.6
      vertex 122.102 0 8.5723
      vertex 122.102 -3 8.5723
    endloop
  endfacet
  facet normal -0.0784506 0 -0.996918
    outer loop
      vertex 122.102 0 8.5723
      vertex 121.75 -3 8.6
      vertex 121.75 0 8.6
    endloop
  endfacet
  facet normal 0.0784506 0 -0.996918
    outer loop
      vertex 113.898 -3 8.5723
      vertex 114.25 0 8.6
      vertex 114.25 -3 8.6
    endloop
  endfacet
  facet normal 0.0784506 0 -0.996918
    outer loop
      vertex 114.25 0 8.6
      vertex 113.898 -3 8.5723
      vertex 113.898 0 8.5723
    endloop
  endfacet
  facet normal -0.851981 0 -0.523573
    outer loop
      vertex 123.755 -3 7.37148
      vertex 123.57 0 7.67252
      vertex 123.755 0 7.37148
    endloop
  endfacet
  facet normal -0.851981 -0 -0.523573
    outer loop
      vertex 123.57 0 7.67252
      vertex 123.755 -3 7.37148
      vertex 123.57 -3 7.67252
    endloop
  endfacet
  facet normal 0.923992 -0 0.382412
    outer loop
      vertex 112.11 -3 5.65471
      vertex 112.245 0 5.32852
      vertex 112.11 0 5.65471
    endloop
  endfacet
  facet normal 0.923992 0 0.382412
    outer loop
      vertex 112.245 0 5.32852
      vertex 112.11 -3 5.65471
      vertex 112.245 -3 5.32852
    endloop
  endfacet
  facet normal -0.233641 0 0.972323
    outer loop
      vertex 122.102 0 4.1277
      vertex 122.445 -3 4.21012
      vertex 122.445 0 4.21012
    endloop
  endfacet
  facet normal -0.233641 0 0.972323
    outer loop
      vertex 122.445 -3 4.21012
      vertex 122.102 0 4.1277
      vertex 122.102 -3 4.1277
    endloop
  endfacet
  facet normal 0.851981 0 -0.523573
    outer loop
      vertex 112.43 -3 7.67252
      vertex 112.245 0 7.37148
      vertex 112.43 0 7.67252
    endloop
  endfacet
  facet normal 0.851981 0 -0.523573
    outer loop
      vertex 112.245 0 7.37148
      vertex 112.43 -3 7.67252
      vertex 112.245 -3 7.37148
    endloop
  endfacet
  facet normal -0.0784506 0 0.996918
    outer loop
      vertex 121.75 0 4.1
      vertex 122.102 -3 4.1277
      vertex 122.102 0 4.1277
    endloop
  endfacet
  facet normal -0.0784506 0 0.996918
    outer loop
      vertex 122.102 -3 4.1277
      vertex 121.75 0 4.1
      vertex 121.75 -3 4.1
    endloop
  endfacet
  facet normal -0.233641 0 -0.972323
    outer loop
      vertex 122.102 -3 8.5723
      vertex 122.445 0 8.48988
      vertex 122.445 -3 8.48988
    endloop
  endfacet
  facet normal -0.233641 0 -0.972323
    outer loop
      vertex 122.445 0 8.48988
      vertex 122.102 -3 8.5723
      vertex 122.102 0 8.5723
    endloop
  endfacet
  facet normal -0.996851 0 -0.0792995
    outer loop
      vertex 124 -3 6.35
      vertex 123.972 0 6.70198
      vertex 124 0 6.35
    endloop
  endfacet
  facet normal -0.996851 -0 -0.0792995
    outer loop
      vertex 123.972 0 6.70198
      vertex 124 -3 6.35
      vertex 123.972 -3 6.70198
    endloop
  endfacet
  facet normal -0.382892 0 -0.923793
    outer loop
      vertex 122.445 -3 8.48988
      vertex 122.771 0 8.35476
      vertex 122.771 -3 8.35476
    endloop
  endfacet
  facet normal -0.382892 0 -0.923793
    outer loop
      vertex 122.771 0 8.35476
      vertex 122.445 -3 8.48988
      vertex 122.445 0 8.48988
    endloop
  endfacet
  facet normal -0.521274 0 -0.853389
    outer loop
      vertex 122.771 -3 8.35476
      vertex 123.073 0 8.17029
      vertex 123.073 -3 8.17029
    endloop
  endfacet
  facet normal -0.521274 0 -0.853389
    outer loop
      vertex 123.073 0 8.17029
      vertex 122.771 -3 8.35476
      vertex 122.771 0 8.35476
    endloop
  endfacet
  facet normal -0.996851 0 0.0792995
    outer loop
      vertex 123.972 -3 5.99802
      vertex 124 0 6.35
      vertex 123.972 0 5.99802
    endloop
  endfacet
  facet normal -0.996851 0 0.0792995
    outer loop
      vertex 124 0 6.35
      vertex 123.972 -3 5.99802
      vertex 124 -3 6.35
    endloop
  endfacet
  facet normal 0.97264 0 -0.232316
    outer loop
      vertex 112.11 -3 7.04529
      vertex 112.028 0 6.70198
      vertex 112.11 0 7.04529
    endloop
  endfacet
  facet normal 0.97264 0 -0.232316
    outer loop
      vertex 112.028 0 6.70198
      vertex 112.11 -3 7.04529
      vertex 112.028 -3 6.70198
    endloop
  endfacet
  facet normal 0.760819 0 -0.648964
    outer loop
      vertex 112.659 -3 7.94099
      vertex 112.43 0 7.67252
      vertex 112.659 0 7.94099
    endloop
  endfacet
  facet normal 0.760819 0 -0.648964
    outer loop
      vertex 112.43 0 7.67252
      vertex 112.659 -3 7.94099
      vertex 112.43 -3 7.67252
    endloop
  endfacet
  facet normal 0.650114 0 -0.759837
    outer loop
      vertex 112.659 -3 7.94099
      vertex 112.927 0 8.17029
      vertex 112.927 -3 8.17029
    endloop
  endfacet
  facet normal 0.650114 0 -0.759837
    outer loop
      vertex 112.927 0 8.17029
      vertex 112.659 -3 7.94099
      vertex 112.659 0 7.94099
    endloop
  endfacet
  facet normal -0.760819 0 0.648964
    outer loop
      vertex 123.341 -3 4.75901
      vertex 123.57 0 5.02748
      vertex 123.341 0 4.75901
    endloop
  endfacet
  facet normal -0.760819 0 0.648964
    outer loop
      vertex 123.57 0 5.02748
      vertex 123.341 -3 4.75901
      vertex 123.57 -3 5.02748
    endloop
  endfacet
  facet normal 0.650114 0 0.759837
    outer loop
      vertex 112.659 0 4.75901
      vertex 112.927 -3 4.52971
      vertex 112.927 0 4.52971
    endloop
  endfacet
  facet normal 0.650114 0 0.759837
    outer loop
      vertex 112.927 -3 4.52971
      vertex 112.659 0 4.75901
      vertex 112.659 -3 4.75901
    endloop
  endfacet
  facet normal 0.996851 -0 0.0792995
    outer loop
      vertex 112 -3 6.35
      vertex 112.028 0 5.99802
      vertex 112 0 6.35
    endloop
  endfacet
  facet normal 0.996851 0 0.0792995
    outer loop
      vertex 112.028 0 5.99802
      vertex 112 -3 6.35
      vertex 112.028 -3 5.99802
    endloop
  endfacet
  facet normal -0 0 1
    outer loop
      vertex 114.25 0 4.1
      vertex 121.75 -3 4.1
      vertex 121.75 0 4.1
    endloop
  endfacet
  facet normal 0 0 1
    outer loop
      vertex 121.75 -3 4.1
      vertex 114.25 0 4.1
      vertex 114.25 -3 4.1
    endloop
  endfacet
  facet normal -0.650114 0 0.759837
    outer loop
      vertex 123.073 0 4.52971
      vertex 123.341 -3 4.75901
      vertex 123.341 0 4.75901
    endloop
  endfacet
  facet normal -0.650114 0 0.759837
    outer loop
      vertex 123.341 -3 4.75901
      vertex 123.073 0 4.52971
      vertex 123.073 -3 4.52971
    endloop
  endfacet
  facet normal 0.0784506 0 0.996918
    outer loop
      vertex 113.898 0 4.1277
      vertex 114.25 -3 4.1
      vertex 114.25 0 4.1
    endloop
  endfacet
  facet normal 0.0784506 0 0.996918
    outer loop
      vertex 114.25 -3 4.1
      vertex 113.898 0 4.1277
      vertex 113.898 -3 4.1277
    endloop
  endfacet
  facet normal 0 0 -1
    outer loop
      vertex 114.25 -3 8.6
      vertex 121.75 0 8.6
      vertex 121.75 -3 8.6
    endloop
  endfacet
  facet normal -0 0 -1
    outer loop
      vertex 121.75 0 8.6
      vertex 114.25 -3 8.6
      vertex 114.25 0 8.6
    endloop
  endfacet
  facet normal -0.382868 0 0.923803
    outer loop
      vertex 122.445 0 4.21012
      vertex 122.771 -3 4.34523
      vertex 122.771 0 4.34523
    endloop
  endfacet
  facet normal -0.382868 0 0.923803
    outer loop
      vertex 122.771 -3 4.34523
      vertex 122.445 0 4.21012
      vertex 122.445 -3 4.21012
    endloop
  endfacet
  facet normal -0.97264 0 -0.232316
    outer loop
      vertex 123.972 -3 6.70198
      vertex 123.89 0 7.04529
      vertex 123.972 0 6.70198
    endloop
  endfacet
  facet normal -0.97264 -0 -0.232316
    outer loop
      vertex 123.89 0 7.04529
      vertex 123.972 -3 6.70198
      vertex 123.89 -3 7.04529
    endloop
  endfacet
  facet normal 0.760819 -0 0.648964
    outer loop
      vertex 112.43 -3 5.02748
      vertex 112.659 0 4.75901
      vertex 112.43 0 5.02748
    endloop
  endfacet
  facet normal 0.760819 0 0.648964
    outer loop
      vertex 112.659 0 4.75901
      vertex 112.43 -3 5.02748
      vertex 112.659 -3 4.75901
    endloop
  endfacet
  facet normal 0.97264 -0 0.232316
    outer loop
      vertex 112.028 -3 5.99802
      vertex 112.11 0 5.65471
      vertex 112.028 0 5.99802
    endloop
  endfacet
  facet normal 0.97264 0 0.232316
    outer loop
      vertex 112.11 0 5.65471
      vertex 112.028 -3 5.99802
      vertex 112.11 -3 5.65471
    endloop
  endfacet
  facet normal 0.233641 0 -0.972323
    outer loop
      vertex 113.555 -3 8.48988
      vertex 113.898 0 8.5723
      vertex 113.898 -3 8.5723
    endloop
  endfacet
  facet normal 0.233641 0 -0.972323
    outer loop
      vertex 113.898 0 8.5723
      vertex 113.555 -3 8.48988
      vertex 113.555 0 8.48988
    endloop
  endfacet
  facet normal 0.923992 0 -0.382412
    outer loop
      vertex 112.245 -3 7.37148
      vertex 112.11 0 7.04529
      vertex 112.245 0 7.37148
    endloop
  endfacet
  facet normal 0.923992 0 -0.382412
    outer loop
      vertex 112.11 0 7.04529
      vertex 112.245 -3 7.37148
      vertex 112.11 -3 7.04529
    endloop
  endfacet
  facet normal 0.233641 0 0.972323
    outer loop
      vertex 113.555 0 4.21012
      vertex 113.898 -3 4.1277
      vertex 113.898 0 4.1277
    endloop
  endfacet
  facet normal 0.233641 0 0.972323
    outer loop
      vertex 113.898 -3 4.1277
      vertex 113.555 0 4.21012
      vertex 113.555 -3 4.21012
    endloop
  endfacet
  facet normal -0.521295 0 0.853377
    outer loop
      vertex 122.771 0 4.34523
      vertex 123.073 -3 4.52971
      vertex 123.073 0 4.52971
    endloop
  endfacet
  facet normal -0.521295 0 0.853377
    outer loop
      vertex 123.073 -3 4.52971
      vertex 122.771 0 4.34523
      vertex 122.771 -3 4.34523
    endloop
  endfacet
  facet normal 0.851981 -0 0.523573
    outer loop
      vertex 112.245 -3 5.32852
      vertex 112.43 0 5.02748
      vertex 112.245 0 5.32852
    endloop
  endfacet
  facet normal 0.851981 0 0.523573
    outer loop
      vertex 112.43 0 5.02748
      vertex 112.245 -3 5.32852
      vertex 112.43 -3 5.02748
    endloop
  endfacet
  facet normal 0.521295 0 0.853377
    outer loop
      vertex 112.927 0 4.52971
      vertex 113.229 -3 4.34523
      vertex 113.229 0 4.34523
    endloop
  endfacet
  facet normal 0.521295 0 0.853377
    outer loop
      vertex 113.229 -3 4.34523
      vertex 112.927 0 4.52971
      vertex 112.927 -3 4.52971
    endloop
  endfacet
  facet normal -0.851981 0 0.523573
    outer loop
      vertex 123.57 -3 5.02748
      vertex 123.755 0 5.32852
      vertex 123.57 0 5.02748
    endloop
  endfacet
  facet normal -0.851981 0 0.523573
    outer loop
      vertex 123.755 0 5.32852
      vertex 123.57 -3 5.02748
      vertex 123.755 -3 5.32852
    endloop
  endfacet
  facet normal 0.382892 0 -0.923793
    outer loop
      vertex 113.229 -3 8.35476
      vertex 113.555 0 8.48988
      vertex 113.555 -3 8.48988
    endloop
  endfacet
  facet normal 0.382892 0 -0.923793
    outer loop
      vertex 113.555 0 8.48988
      vertex 113.229 -3 8.35476
      vertex 113.229 0 8.35476
    endloop
  endfacet
  facet normal -0.760819 0 -0.648964
    outer loop
      vertex 123.57 -3 7.67252
      vertex 123.341 0 7.94099
      vertex 123.57 0 7.67252
    endloop
  endfacet
  facet normal -0.760819 -0 -0.648964
    outer loop
      vertex 123.341 0 7.94099
      vertex 123.57 -3 7.67252
      vertex 123.341 -3 7.94099
    endloop
  endfacet
  facet normal -0.650114 0 -0.759837
    outer loop
      vertex 123.073 -3 8.17029
      vertex 123.341 0 7.94099
      vertex 123.341 -3 7.94099
    endloop
  endfacet
  facet normal -0.650114 0 -0.759837
    outer loop
      vertex 123.341 0 7.94099
      vertex 123.073 -3 8.17029
      vertex 123.073 0 8.17029
    endloop
  endfacet
  facet normal -0.97264 0 0.232316
    outer loop
      vertex 123.89 -3 5.65471
      vertex 123.972 0 5.99802
      vertex 123.89 0 5.65471
    endloop
  endfacet
  facet normal -0.97264 0 0.232316
    outer loop
      vertex 123.972 0 5.99802
      vertex 123.89 -3 5.65471
      vertex 123.972 -3 5.99802
    endloop
  endfacet
  facet normal -0.923992 0 0.382412
    outer loop
      vertex 123.755 -3 5.32852
      vertex 123.89 0 5.65471
      vertex 123.755 0 5.32852
    endloop
  endfacet
  facet normal -0.923992 0 0.382412
    outer loop
      vertex 123.89 0 5.65471
      vertex 123.755 -3 5.32852
      vertex 123.89 -3 5.65471
    endloop
  endfacet
  facet normal 0.382868 0 0.923803
    outer loop
      vertex 113.229 0 4.34523
      vertex 113.555 -3 4.21012
      vertex 113.555 0 4.21012
    endloop
  endfacet
  facet normal 0.382868 0 0.923803
    outer loop
      vertex 113.555 -3 4.21012
      vertex 113.229 0 4.34523
      vertex 113.229 -3 4.34523
    endloop
  endfacet
  facet normal -0.923992 0 -0.382412
    outer loop
      vertex 123.89 -3 7.04529
      vertex 123.755 0 7.37148
      vertex 123.89 0 7.04529
    endloop
  endfacet
  facet normal -0.923992 -0 -0.382412
    outer loop
      vertex 123.755 0 7.37148
      vertex 123.89 -3 7.04529
      vertex 123.755 -3 7.37148
    endloop
  endfacet
  facet normal 0.996851 0 -0.079295
    outer loop
      vertex 112.028 -3 127.352
      vertex 112 0 127
      vertex 112.028 0 127.352
    endloop
  endfacet
  facet normal 0.996851 0 -0.079295
    outer loop
      vertex 112 0 127
      vertex 112.028 -3 127.352
      vertex 112 -3 127
    endloop
  endfacet
  facet normal 0.522363 0 -0.852723
    outer loop
      vertex 112.927 -3 128.82
      vertex 113.229 0 129.005
      vertex 113.229 -3 129.005
    endloop
  endfacet
  facet normal 0.522363 0 -0.852723
    outer loop
      vertex 113.229 0 129.005
      vertex 112.927 -3 128.82
      vertex 112.927 0 128.82
    endloop
  endfacet
  facet normal -0.079295 0 -0.996851
    outer loop
      vertex 121.75 -3 129.25
      vertex 122.102 0 129.222
      vertex 122.102 -3 129.222
    endloop
  endfacet
  facet normal -0.079295 0 -0.996851
    outer loop
      vertex 122.102 0 129.222
      vertex 121.75 -3 129.25
      vertex 121.75 0 129.25
    endloop
  endfacet
  facet normal -0.852723 0 -0.522363
    outer loop
      vertex 123.755 -3 128.021
      vertex 123.57 0 128.323
      vertex 123.755 0 128.021
    endloop
  endfacet
  facet normal -0.852723 -0 -0.522363
    outer loop
      vertex 123.57 0 128.323
      vertex 123.755 -3 128.021
      vertex 123.57 -3 128.323
    endloop
  endfacet
  facet normal 0.923913 -0 0.382602
    outer loop
      vertex 112.11 -3 126.305
      vertex 112.245 0 125.979
      vertex 112.11 0 126.305
    endloop
  endfacet
  facet normal 0.923913 0 0.382602
    outer loop
      vertex 112.245 0 125.979
      vertex 112.11 -3 126.305
      vertex 112.245 -3 125.979
    endloop
  endfacet
  facet normal -0.232515 0 0.972593
    outer loop
      vertex 122.102 0 124.778
      vertex 122.445 -3 124.86
      vertex 122.445 0 124.86
    endloop
  endfacet
  facet normal -0.232515 0 0.972593
    outer loop
      vertex 122.445 -3 124.86
      vertex 122.102 0 124.778
      vertex 122.102 -3 124.778
    endloop
  endfacet
  facet normal 0.852723 0 -0.522363
    outer loop
      vertex 112.43 -3 128.323
      vertex 112.245 0 128.021
      vertex 112.43 0 128.323
    endloop
  endfacet
  facet normal 0.852723 0 -0.522363
    outer loop
      vertex 112.245 0 128.021
      vertex 112.43 -3 128.323
      vertex 112.245 -3 128.021
    endloop
  endfacet
  facet normal -0.079295 0 0.996851
    outer loop
      vertex 121.75 0 124.75
      vertex 122.102 -3 124.778
      vertex 122.102 0 124.778
    endloop
  endfacet
  facet normal -0.079295 0 0.996851
    outer loop
      vertex 122.102 -3 124.778
      vertex 121.75 0 124.75
      vertex 121.75 -3 124.75
    endloop
  endfacet
  facet normal -0.232515 0 -0.972593
    outer loop
      vertex 122.102 -3 129.222
      vertex 122.445 0 129.14
      vertex 122.445 -3 129.14
    endloop
  endfacet
  facet normal -0.232515 0 -0.972593
    outer loop
      vertex 122.445 0 129.14
      vertex 122.102 -3 129.222
      vertex 122.102 0 129.222
    endloop
  endfacet
  facet normal -0.996851 0 -0.079295
    outer loop
      vertex 124 -3 127
      vertex 123.972 0 127.352
      vertex 124 0 127
    endloop
  endfacet
  facet normal -0.996851 -0 -0.079295
    outer loop
      vertex 123.972 0 127.352
      vertex 124 -3 127
      vertex 123.972 -3 127.352
    endloop
  endfacet
  facet normal -0.382602 0 -0.923913
    outer loop
      vertex 122.445 -3 129.14
      vertex 122.771 0 129.005
      vertex 122.771 -3 129.005
    endloop
  endfacet
  facet normal -0.382602 0 -0.923913
    outer loop
      vertex 122.771 0 129.005
      vertex 122.445 -3 129.14
      vertex 122.445 0 129.14
    endloop
  endfacet
  facet normal -0.522363 0 -0.852723
    outer loop
      vertex 122.771 -3 129.005
      vertex 123.073 0 128.82
      vertex 123.073 -3 128.82
    endloop
  endfacet
  facet normal -0.522363 0 -0.852723
    outer loop
      vertex 123.073 0 128.82
      vertex 122.771 -3 129.005
      vertex 122.771 0 129.005
    endloop
  endfacet
  facet normal -0.996851 0 0.079295
    outer loop
      vertex 123.972 -3 126.648
      vertex 124 0 127
      vertex 123.972 0 126.648
    endloop
  endfacet
  facet normal -0.996851 0 0.079295
    outer loop
      vertex 124 0 127
      vertex 123.972 -3 126.648
      vertex 124 -3 127
    endloop
  endfacet
  facet normal 0.972593 0 -0.232515
    outer loop
      vertex 112.11 -3 127.695
      vertex 112.028 0 127.352
      vertex 112.11 0 127.695
    endloop
  endfacet
  facet normal 0.972593 0 -0.232515
    outer loop
      vertex 112.028 0 127.352
      vertex 112.11 -3 127.695
      vertex 112.028 -3 127.352
    endloop
  endfacet
  facet normal 0.760257 0 -0.649623
    outer loop
      vertex 112.659 -3 128.591
      vertex 112.43 0 128.323
      vertex 112.659 0 128.591
    endloop
  endfacet
  facet normal 0.760257 0 -0.649623
    outer loop
      vertex 112.43 0 128.323
      vertex 112.659 -3 128.591
      vertex 112.43 -3 128.323
    endloop
  endfacet
  facet normal 0.649623 0 -0.760257
    outer loop
      vertex 112.659 -3 128.591
      vertex 112.927 0 128.82
      vertex 112.927 -3 128.82
    endloop
  endfacet
  facet normal 0.649623 0 -0.760257
    outer loop
      vertex 112.927 0 128.82
      vertex 112.659 -3 128.591
      vertex 112.659 0 128.591
    endloop
  endfacet
  facet normal -0.760257 0 0.649623
    outer loop
      vertex 123.341 -3 125.409
      vertex 123.57 0 125.677
      vertex 123.341 0 125.409
    endloop
  endfacet
  facet normal -0.760257 0 0.649623
    outer loop
      vertex 123.57 0 125.677
      vertex 123.341 -3 125.409
      vertex 123.57 -3 125.677
    endloop
  endfacet
  facet normal 0.649623 0 0.760257
    outer loop
      vertex 112.659 0 125.409
      vertex 112.927 -3 125.18
      vertex 112.927 0 125.18
    endloop
  endfacet
  facet normal 0.649623 0 0.760257
    outer loop
      vertex 112.927 -3 125.18
      vertex 112.659 0 125.409
      vertex 112.659 -3 125.409
    endloop
  endfacet
  facet normal 0.996851 -0 0.079295
    outer loop
      vertex 112 -3 127
      vertex 112.028 0 126.648
      vertex 112 0 127
    endloop
  endfacet
  facet normal 0.996851 0 0.079295
    outer loop
      vertex 112.028 0 126.648
      vertex 112 -3 127
      vertex 112.028 -3 126.648
    endloop
  endfacet
  facet normal -0 0 1
    outer loop
      vertex 114.25 0 124.75
      vertex 121.75 -3 124.75
      vertex 121.75 0 124.75
    endloop
  endfacet
  facet normal 0 0 1
    outer loop
      vertex 121.75 -3 124.75
      vertex 114.25 0 124.75
      vertex 114.25 -3 124.75
    endloop
  endfacet
  facet normal -0.649623 0 0.760257
    outer loop
      vertex 123.073 0 125.18
      vertex 123.341 -3 125.409
      vertex 123.341 0 125.409
    endloop
  endfacet
  facet normal -0.649623 0 0.760257
    outer loop
      vertex 123.341 -3 125.409
      vertex 123.073 0 125.18
      vertex 123.073 -3 125.18
    endloop
  endfacet
  facet normal 0.079295 0 0.996851
    outer loop
      vertex 113.898 0 124.778
      vertex 114.25 -3 124.75
      vertex 114.25 0 124.75
    endloop
  endfacet
  facet normal 0.079295 0 0.996851
    outer loop
      vertex 114.25 -3 124.75
      vertex 113.898 0 124.778
      vertex 113.898 -3 124.778
    endloop
  endfacet
  facet normal 0 0 -1
    outer loop
      vertex 114.25 -3 129.25
      vertex 121.75 0 129.25
      vertex 121.75 -3 129.25
    endloop
  endfacet
  facet normal -0 0 -1
    outer loop
      vertex 121.75 0 129.25
      vertex 114.25 -3 129.25
      vertex 114.25 0 129.25
    endloop
  endfacet
  facet normal -0.382602 0 0.923913
    outer loop
      vertex 122.445 0 124.86
      vertex 122.771 -3 124.995
      vertex 122.771 0 124.995
    endloop
  endfacet
  facet normal -0.382602 0 0.923913
    outer loop
      vertex 122.771 -3 124.995
      vertex 122.445 0 124.86
      vertex 122.445 -3 124.86
    endloop
  endfacet
  facet normal -0.972593 0 -0.232515
    outer loop
      vertex 123.972 -3 127.352
      vertex 123.89 0 127.695
      vertex 123.972 0 127.352
    endloop
  endfacet
  facet normal -0.972593 -0 -0.232515
    outer loop
      vertex 123.89 0 127.695
      vertex 123.972 -3 127.352
      vertex 123.89 -3 127.695
    endloop
  endfacet
  facet normal 0.760257 -0 0.649623
    outer loop
      vertex 112.43 -3 125.677
      vertex 112.659 0 125.409
      vertex 112.43 0 125.677
    endloop
  endfacet
  facet normal 0.760257 0 0.649623
    outer loop
      vertex 112.659 0 125.409
      vertex 112.43 -3 125.677
      vertex 112.659 -3 125.409
    endloop
  endfacet
  facet normal 0.972593 -0 0.232515
    outer loop
      vertex 112.028 -3 126.648
      vertex 112.11 0 126.305
      vertex 112.028 0 126.648
    endloop
  endfacet
  facet normal 0.972593 0 0.232515
    outer loop
      vertex 112.11 0 126.305
      vertex 112.028 -3 126.648
      vertex 112.11 -3 126.305
    endloop
  endfacet
  facet normal 0.232515 0 -0.972593
    outer loop
      vertex 113.555 -3 129.14
      vertex 113.898 0 129.222
      vertex 113.898 -3 129.222
    endloop
  endfacet
  facet normal 0.232515 0 -0.972593
    outer loop
      vertex 113.898 0 129.222
      vertex 113.555 -3 129.14
      vertex 113.555 0 129.14
    endloop
  endfacet
  facet normal 0.923913 0 -0.382602
    outer loop
      vertex 112.245 -3 128.021
      vertex 112.11 0 127.695
      vertex 112.245 0 128.021
    endloop
  endfacet
  facet normal 0.923913 0 -0.382602
    outer loop
      vertex 112.11 0 127.695
      vertex 112.245 -3 128.021
      vertex 112.11 -3 127.695
    endloop
  endfacet
  facet normal 0.232515 0 0.972593
    outer loop
      vertex 113.555 0 124.86
      vertex 113.898 -3 124.778
      vertex 113.898 0 124.778
    endloop
  endfacet
  facet normal 0.232515 0 0.972593
    outer loop
      vertex 113.898 -3 124.778
      vertex 113.555 0 124.86
      vertex 113.555 -3 124.86
    endloop
  endfacet
  facet normal -0.522363 0 0.852723
    outer loop
      vertex 122.771 0 124.995
      vertex 123.073 -3 125.18
      vertex 123.073 0 125.18
    endloop
  endfacet
  facet normal -0.522363 0 0.852723
    outer loop
      vertex 123.073 -3 125.18
      vertex 122.771 0 124.995
      vertex 122.771 -3 124.995
    endloop
  endfacet
  facet normal 0.852723 -0 0.522363
    outer loop
      vertex 112.245 -3 125.979
      vertex 112.43 0 125.677
      vertex 112.245 0 125.979
    endloop
  endfacet
  facet normal 0.852723 0 0.522363
    outer loop
      vertex 112.43 0 125.677
      vertex 112.245 -3 125.979
      vertex 112.43 -3 125.677
    endloop
  endfacet
  facet normal 0.522363 0 0.852723
    outer loop
      vertex 112.927 0 125.18
      vertex 113.229 -3 124.995
      vertex 113.229 0 124.995
    endloop
  endfacet
  facet normal 0.522363 0 0.852723
    outer loop
      vertex 113.229 -3 124.995
      vertex 112.927 0 125.18
      vertex 112.927 -3 125.18
    endloop
  endfacet
  facet normal 0.079295 0 -0.996851
    outer loop
      vertex 113.898 -3 129.222
      vertex 114.25 0 129.25
      vertex 114.25 -3 129.25
    endloop
  endfacet
  facet normal 0.079295 0 -0.996851
    outer loop
      vertex 114.25 0 129.25
      vertex 113.898 -3 129.222
      vertex 113.898 0 129.222
    endloop
  endfacet
  facet normal -0.852723 0 0.522363
    outer loop
      vertex 123.57 -3 125.677
      vertex 123.755 0 125.979
      vertex 123.57 0 125.677
    endloop
  endfacet
  facet normal -0.852723 0 0.522363
    outer loop
      vertex 123.755 0 125.979
      vertex 123.57 -3 125.677
      vertex 123.755 -3 125.979
    endloop
  endfacet
  facet normal 0.382602 0 -0.923913
    outer loop
      vertex 113.229 -3 129.005
      vertex 113.555 0 129.14
      vertex 113.555 -3 129.14
    endloop
  endfacet
  facet normal 0.382602 0 -0.923913
    outer loop
      vertex 113.555 0 129.14
      vertex 113.229 -3 129.005
      vertex 113.229 0 129.005
    endloop
  endfacet
  facet normal -0.760257 0 -0.649623
    outer loop
      vertex 123.57 -3 128.323
      vertex 123.341 0 128.591
      vertex 123.57 0 128.323
    endloop
  endfacet
  facet normal -0.760257 -0 -0.649623
    outer loop
      vertex 123.341 0 128.591
      vertex 123.57 -3 128.323
      vertex 123.341 -3 128.591
    endloop
  endfacet
  facet normal -0.649623 0 -0.760257
    outer loop
      vertex 123.073 -3 128.82
      vertex 123.341 0 128.591
      vertex 123.341 -3 128.591
    endloop
  endfacet
  facet normal -0.649623 0 -0.760257
    outer loop
      vertex 123.341 0 128.591
      vertex 123.073 -3 128.82
      vertex 123.073 0 128.82
    endloop
  endfacet
  facet normal -0.972593 0 0.232515
    outer loop
      vertex 123.89 -3 126.305
      vertex 123.972 0 126.648
      vertex 123.89 0 126.305
    endloop
  endfacet
  facet normal -0.972593 0 0.232515
    outer loop
      vertex 123.972 0 126.648
      vertex 123.89 -3 126.305
      vertex 123.972 -3 126.648
    endloop
  endfacet
  facet normal -0.923913 0 0.382602
    outer loop
      vertex 123.755 -3 125.979
      vertex 123.89 0 126.305
      vertex 123.755 0 125.979
    endloop
  endfacet
  facet normal -0.923913 0 0.382602
    outer loop
      vertex 123.89 0 126.305
      vertex 123.755 -3 125.979
      vertex 123.89 -3 126.305
    endloop
  endfacet
  facet normal 0.382602 0 0.923913
    outer loop
      vertex 113.229 0 124.995
      vertex 113.555 -3 124.86
      vertex 113.555 0 124.86
    endloop
  endfacet
  facet normal 0.382602 0 0.923913
    outer loop
      vertex 113.555 -3 124.86
      vertex 113.229 0 124.995
      vertex 113.229 -3 124.995
    endloop
  endfacet
  facet normal -0.923913 0 -0.382602
    outer loop
      vertex 123.89 -3 127.695
      vertex 123.755 0 128.021
      vertex 123.89 0 127.695
    endloop
  endfacet
  facet normal -0.923913 -0 -0.382602
    outer loop
      vertex 123.755 0 128.021
      vertex 123.89 -3 127.695
      vertex 123.755 -3 128.021
    endloop
  endfacet
  facet normal 1 -0 0
    outer loop
      vertex 127 -3 133.35
      vertex 127 0 0
      vertex 127 0 133.35
    endloop
  endfacet
  facet normal 1 0 0
    outer loop
      vertex 127 0 0
      vertex 127 -3 133.35
      vertex 127 -3 0
    endloop
  endfacet
  facet normal -0 0 1
    outer loop
      vertex 0 0 133.35
      vertex 127 -3 133.35
      vertex 127 0 133.35
    endloop
  endfacet
  facet normal 0 0 1
    outer loop
      vertex 127 -3 133.35
      vertex 0 0 133.35
      vertex 0 -3 133.35
    endloop
  endfacet
  facet normal 0 0 -1
    outer loop
      vertex 127 -3 0
      vertex 101.5 0 0
      vertex 127 0 0
    endloop
  endfacet
  facet normal 0 0 -1
    outer loop
      vertex 91.5 110 0
      vertex 101.5 0 0
      vertex 91.5 5 0
    endloop
  endfacet
  facet normal 0 0 -1
    outer loop
      vertex 101.5 0 0
      vertex 58.5 5 0
      vertex 91.5 5 0
    endloop
  endfacet
  facet normal 0 0 -1
    outer loop
      vertex 0 -3 0
      vertex 101.5 0 0
      vertex 127 -3 0
    endloop
  endfacet
  facet normal 0 0 -1
    outer loop
      vertex 58.5 5 0
      vertex 41.5 5 0
      vertex 58.5 110 0
    endloop
  endfacet
  facet normal -0 0 -1
    outer loop
      vertex 101.5 0 0
      vertex 0 -3 0
      vertex 58.5 5 0
    endloop
  endfacet
  facet normal -0 0 -1
    outer loop
      vertex 58.5 5 0
      vertex 0 -3 0
      vertex 41.5 5 0
    endloop
  endfacet
  facet normal -0 0 -1
    outer loop
      vertex 8.5 5 0
      vertex 0 -3 0
      vertex 8.5 110 0
    endloop
  endfacet
  facet normal -0 0 -1
    outer loop
      vertex 41.5 5 0
      vertex 0 -3 0
      vertex 8.5 5 0
    endloop
  endfacet
  facet normal 0 0 -1
    outer loop
      vertex 101.5 0 0
      vertex 91.5 110 0
      vertex 101.5 120 0
    endloop
  endfacet
  facet normal 0 0 -1
    outer loop
      vertex 58.5 110 0
      vertex 101.5 120 0
      vertex 91.5 110 0
    endloop
  endfacet
  facet normal 0 0 -1
    outer loop
      vertex 41.5 110 0
      vertex 58.5 110 0
      vertex 41.5 5 0
    endloop
  endfacet
  facet normal 0 0 -1
    outer loop
      vertex 41.5 110 0
      vertex 101.5 120 0
      vertex 58.5 110 0
    endloop
  endfacet
  facet normal 0 0 -1
    outer loop
      vertex 0 120 0
      vertex 41.5 110 0
      vertex 8.5 110 0
    endloop
  endfacet
  facet normal 0 0 -1
    outer loop
      vertex 41.5 110 0
      vertex 0 120 0
      vertex 101.5 120 0
    endloop
  endfacet
  facet normal 0 0 -1
    outer loop
      vertex 0 120 0
      vertex 8.5 110 0
      vertex 0 -3 0
    endloop
  endfacet
  facet normal 0 1 -0
    outer loop
      vertex 7.5 0 120
      vertex 0 0 133.35
      vertex 42.5 0 120
    endloop
  endfacet
  facet normal 0 1 0
    outer loop
      vertex 48.5 0 124
      vertex 42.5 0 8
      vertex 42.5 0 120
    endloop
  endfacet
  facet normal 0 1 0
    outer loop
      vertex 3 0 4
      vertex 42.5 0 8
      vertex 48.5 0 4
    endloop
  endfacet
  facet normal 0 1 -0
    outer loop
      vertex 48.5 0 4
      vertex 42.5 0 8
      vertex 48.5 0 124
    endloop
  endfacet
  facet normal 0 1 0
    outer loop
      vertex 98.5 0 124
      vertex 92.5 0 120
      vertex 51.5 0 124
    endloop
  endfacet
  facet normal 0 1 0
    outer loop
      vertex 98.5 0 124
      vertex 92.5 0 8
      vertex 92.5 0 120
    endloop
  endfacet
  facet normal 0 1 0
    outer loop
      vertex 92.5 0 8
      vertex 98.5 0 4
      vertex 57.5 0 8
    endloop
  endfacet
  facet normal 0 1 -0
    outer loop
      vertex 98.5 0 4
      vertex 92.5 0 8
      vertex 98.5 0 124
    endloop
  endfacet
  facet normal 0 1 0
    outer loop
      vertex 114.25 0 129.25
      vertex 127 0 133.35
      vertex 121.75 0 129.25
    endloop
  endfacet
  facet normal 0 1 0
    outer loop
      vertex 127 0 133.35
      vertex 122.102 0 129.222
      vertex 121.75 0 129.25
    endloop
  endfacet
  facet normal 0 1 0
    outer loop
      vertex 127 0 133.35
      vertex 122.445 0 129.14
      vertex 122.102 0 129.222
    endloop
  endfacet
  facet normal 0 1 0
    outer loop
      vertex 127 0 133.35
      vertex 122.771 0 129.005
      vertex 122.445 0 129.14
    endloop
  endfacet
  facet normal 0 1 0
    outer loop
      vertex 127 0 133.35
      vertex 123.073 0 128.82
      vertex 122.771 0 129.005
    endloop
  endfacet
  facet normal 0 1 0
    outer loop
      vertex 127 0 133.35
      vertex 123.341 0 128.591
      vertex 123.073 0 128.82
    endloop
  endfacet
  facet normal 0 1 0
    outer loop
      vertex 127 0 133.35
      vertex 123.57 0 128.323
      vertex 123.341 0 128.591
    endloop
  endfacet
  facet normal 0 1 0
    outer loop
      vertex 127 0 133.35
      vertex 123.755 0 128.021
      vertex 123.57 0 128.323
    endloop
  endfacet
  facet normal 0 1 0
    outer loop
      vertex 127 0 133.35
      vertex 123.89 0 127.695
      vertex 123.755 0 128.021
    endloop
  endfacet
  facet normal 0 1 0
    outer loop
      vertex 127 0 133.35
      vertex 123.972 0 127.352
      vertex 123.89 0 127.695
    endloop
  endfacet
  facet normal 0 1 0
    outer loop
      vertex 127 0 133.35
      vertex 124 0 127
      vertex 123.972 0 127.352
    endloop
  endfacet
  facet normal 0 1 0
    outer loop
      vertex 127 0 133.35
      vertex 123.972 0 126.648
      vertex 124 0 127
    endloop
  endfacet
  facet normal 0 1 0
    outer loop
      vertex 127 0 133.35
      vertex 123.89 0 126.305
      vertex 123.972 0 126.648
    endloop
  endfacet
  facet normal 0 1 0
    outer loop
      vertex 127 0 133.35
      vertex 123.755 0 125.979
      vertex 123.89 0 126.305
    endloop
  endfacet
  facet normal 0 1 0
    outer loop
      vertex 114.25 0 8.6
      vertex 114.25 0 124.75
      vertex 121.75 0 124.75
    endloop
  endfacet
  facet normal 0 1 0
    outer loop
      vertex 114.25 0 8.6
      vertex 121.75 0 124.75
      vertex 121.75 0 8.6
    endloop
  endfacet
  facet normal 0 1 0
    outer loop
      vertex 122.102 0 124.778
      vertex 121.75 0 8.6
      vertex 121.75 0 124.75
    endloop
  endfacet
  facet normal 0 1 0
    outer loop
      vertex 122.102 0 8.5723
      vertex 122.102 0 124.778
      vertex 122.445 0 124.86
    endloop
  endfacet
  facet normal 0 1 0
    outer loop
      vertex 122.445 0 8.48988
      vertex 122.445 0 124.86
      vertex 122.771 0 124.995
    endloop
  endfacet
  facet normal 0 1 0
    outer loop
      vertex 122.771 0 8.35476
      vertex 122.771 0 124.995
      vertex 123.073 0 125.18
    endloop
  endfacet
  facet normal 0 1 0
    outer loop
      vertex 123.073 0 8.17029
      vertex 123.073 0 125.18
      vertex 123.341 0 125.409
    endloop
  endfacet
  facet normal 0 1 0
    outer loop
      vertex 123.341 0 7.94099
      vertex 123.341 0 125.409
      vertex 123.57 0 125.677
    endloop
  endfacet
  facet normal 0 1 0
    outer loop
      vertex 123.57 0 7.67252
      vertex 123.57 0 125.677
      vertex 123.755 0 125.979
    endloop
  endfacet
  facet normal 0 1 0
    outer loop
      vertex 123.755 0 7.37148
      vertex 123.755 0 125.979
      vertex 127 0 133.35
    endloop
  endfacet
  facet normal 0 1 0
    outer loop
      vertex 122.102 0 124.778
      vertex 122.102 0 8.5723
      vertex 121.75 0 8.6
    endloop
  endfacet
  facet normal 0 1 0
    outer loop
      vertex 122.445 0 124.86
      vertex 122.445 0 8.48988
      vertex 122.102 0 8.5723
    endloop
  endfacet
  facet normal 0 1 0
    outer loop
      vertex 122.771 0 124.995
      vertex 122.771 0 8.35476
      vertex 122.445 0 8.48988
    endloop
  endfacet
  facet normal 0 1 0
    outer loop
      vertex 123.073 0 125.18
      vertex 123.073 0 8.17029
      vertex 122.771 0 8.35476
    endloop
  endfacet
  facet normal 0 1 0
    outer loop
      vertex 123.341 0 125.409
      vertex 123.341 0 7.94099
      vertex 123.073 0 8.17029
    endloop
  endfacet
  facet normal 0 1 0
    outer loop
      vertex 123.57 0 125.677
      vertex 123.57 0 7.67252
      vertex 123.341 0 7.94099
    endloop
  endfacet
  facet normal 0 1 0
    outer loop
      vertex 123.755 0 125.979
      vertex 123.755 0 7.37148
      vertex 123.57 0 7.67252
    endloop
  endfacet
  facet normal 0 1 0
    outer loop
      vertex 127 0 133.35
      vertex 123.89 0 7.04529
      vertex 123.755 0 7.37148
    endloop
  endfacet
  facet normal 0 1 -0
    outer loop
      vertex 127 0 0
      vertex 123.89 0 7.04529
      vertex 127 0 133.35
    endloop
  endfacet
  facet normal 0 1 0
    outer loop
      vertex 123.89 0 7.04529
      vertex 127 0 0
      vertex 123.972 0 6.70198
    endloop
  endfacet
  facet normal 0 1 0
    outer loop
      vertex 121.75 0 4.1
      vertex 127 0 0
      vertex 114.25 0 4.1
    endloop
  endfacet
  facet normal 0 1 0
    outer loop
      vertex 122.102 0 4.1277
      vertex 127 0 0
      vertex 121.75 0 4.1
    endloop
  endfacet
  facet normal 0 1 0
    outer loop
      vertex 122.445 0 4.21012
      vertex 127 0 0
      vertex 122.102 0 4.1277
    endloop
  endfacet
  facet normal 0 1 0
    outer loop
      vertex 122.771 0 4.34523
      vertex 127 0 0
      vertex 122.445 0 4.21012
    endloop
  endfacet
  facet normal 0 1 0
    outer loop
      vertex 123.073 0 4.52971
      vertex 127 0 0
      vertex 122.771 0 4.34523
    endloop
  endfacet
  facet normal 0 1 0
    outer loop
      vertex 123.341 0 4.75901
      vertex 127 0 0
      vertex 123.073 0 4.52971
    endloop
  endfacet
  facet normal 0 1 0
    outer loop
      vertex 123.57 0 5.02748
      vertex 127 0 0
      vertex 123.341 0 4.75901
    endloop
  endfacet
  facet normal 0 1 0
    outer loop
      vertex 123.755 0 5.32852
      vertex 127 0 0
      vertex 123.57 0 5.02748
    endloop
  endfacet
  facet normal 0 1 0
    outer loop
      vertex 123.89 0 5.65471
      vertex 127 0 0
      vertex 123.755 0 5.32852
    endloop
  endfacet
  facet normal 0 1 0
    outer loop
      vertex 123.972 0 5.99802
      vertex 127 0 0
      vertex 123.89 0 5.65471
    endloop
  endfacet
  facet normal 0 1 0
    outer loop
      vertex 124 0 6.35
      vertex 127 0 0
      vertex 123.972 0 5.99802
    endloop
  endfacet
  facet normal 0 1 0
    outer loop
      vertex 123.972 0 6.70198
      vertex 127 0 0
      vertex 124 0 6.35
    endloop
  endfacet
  facet normal 0 1 0
    outer loop
      vertex 113.898 0 129.222
      vertex 127 0 133.35
      vertex 114.25 0 129.25
    endloop
  endfacet
  facet normal 0 1 0
    outer loop
      vertex 113.555 0 129.14
      vertex 127 0 133.35
      vertex 113.898 0 129.222
    endloop
  endfacet
  facet normal 0 1 0
    outer loop
      vertex 51.5 0 124
      vertex 127 0 133.35
      vertex 113.555 0 129.14
    endloop
  endfacet
  facet normal 0 1 0
    outer loop
      vertex 51.5 0 124
      vertex 113.555 0 129.14
      vertex 113.229 0 129.005
    endloop
  endfacet
  facet normal 0 1 0
    outer loop
      vertex 98.5 0 124
      vertex 113.229 0 129.005
      vertex 112.927 0 128.82
    endloop
  endfacet
  facet normal 0 1 0
    outer loop
      vertex 98.5 0 124
      vertex 112.927 0 128.82
      vertex 112.659 0 128.591
    endloop
  endfacet
  facet normal 0 1 0
    outer loop
      vertex 101.5 0 124
      vertex 112.659 0 128.591
      vertex 112.43 0 128.323
    endloop
  endfacet
  facet normal 0 1 0
    outer loop
      vertex 101.5 0 124
      vertex 112.43 0 128.323
      vertex 112.245 0 128.021
    endloop
  endfacet
  facet normal 0 1 0
    outer loop
      vertex 101.5 0 124
      vertex 112.245 0 128.021
      vertex 112.11 0 127.695
    endloop
  endfacet
  facet normal 0 1 0
    outer loop
      vertex 101.5 0 124
      vertex 112.11 0 127.695
      vertex 112.028 0 127.352
    endloop
  endfacet
  facet normal 0 1 0
    outer loop
      vertex 101.5 0 124
      vertex 112.028 0 127.352
      vertex 112 0 127
    endloop
  endfacet
  facet normal 0 1 0
    outer loop
      vertex 101.5 0 124
      vertex 112 0 127
      vertex 112.028 0 126.648
    endloop
  endfacet
  facet normal 0 1 0
    outer loop
      vertex 101.5 0 124
      vertex 112.028 0 126.648
      vertex 112.11 0 126.305
    endloop
  endfacet
  facet normal 0 1 0
    outer loop
      vertex 101.5 0 124
      vertex 112.11 0 126.305
      vertex 112.245 0 125.979
    endloop
  endfacet
  facet normal 0 1 0
    outer loop
      vertex 101.5 0 124
      vertex 112.245 0 125.979
      vertex 112.43 0 125.677
    endloop
  endfacet
  facet normal 0 1 0
    outer loop
      vertex 101.5 0 124
      vertex 112.43 0 125.677
      vertex 112.659 0 125.409
    endloop
  endfacet
  facet normal 0 1 0
    outer loop
      vertex 101.5 0 124
      vertex 112.659 0 125.409
      vertex 112.927 0 125.18
    endloop
  endfacet
  facet normal 0 1 0
    outer loop
      vertex 101.5 0 124
      vertex 112.927 0 125.18
      vertex 113.229 0 124.995
    endloop
  endfacet
  facet normal 0 1 0
    outer loop
      vertex 101.5 0 124
      vertex 113.229 0 124.995
      vertex 113.555 0 124.86
    endloop
  endfacet
  facet normal 0 1 0
    outer loop
      vertex 101.5 0 124
      vertex 113.555 0 124.86
      vertex 113.898 0 124.778
    endloop
  endfacet
  facet normal 0 1 0
    outer loop
      vertex 101.5 0 124
      vertex 113.898 0 124.778
      vertex 114.25 0 124.75
    endloop
  endfacet
  facet normal 0 1 0
    outer loop
      vertex 112.659 0 128.591
      vertex 101.5 0 124
      vertex 98.5 0 124
    endloop
  endfacet
  facet normal 0 1 0
    outer loop
      vertex 113.229 0 129.005
      vertex 98.5 0 124
      vertex 51.5 0 124
    endloop
  endfacet
  facet normal 0 1 0
    outer loop
      vertex 127 0 133.35
      vertex 51.5 0 124
      vertex 0 0 133.35
    endloop
  endfacet
  facet normal 0 1 -0
    outer loop
      vertex 48.5 0 124
      vertex 0 0 133.35
      vertex 51.5 0 124
    endloop
  endfacet
  facet normal 0 1 -0
    outer loop
      vertex 42.5 0 120
      vertex 0 0 133.35
      vertex 48.5 0 124
    endloop
  endfacet
  facet normal 0 1 0
    outer loop
      vertex 0 0 133.35
      vertex 3 0 124
      vertex 0 0 124
    endloop
  endfacet
  facet normal 0 1 -0
    outer loop
      vertex 57.5 0 120
      vertex 51.5 0 124
      vertex 92.5 0 120
    endloop
  endfacet
  facet normal 0 1 -0
    outer loop
      vertex 57.5 0 8
      vertex 51.5 0 124
      vertex 57.5 0 120
    endloop
  endfacet
  facet normal 0 1 0
    outer loop
      vertex 57.5 0 8
      vertex 51.5 0 4
      vertex 51.5 0 124
    endloop
  endfacet
  facet normal 0 1 0
    outer loop
      vertex 51.5 0 4
      vertex 57.5 0 8
      vertex 98.5 0 4
    endloop
  endfacet
  facet normal 0 1 0
    outer loop
      vertex 0 0 133.35
      vertex 7.5 0 120
      vertex 3 0 124
    endloop
  endfacet
  facet normal 0 1 -0
    outer loop
      vertex 7.5 0 8
      vertex 3 0 124
      vertex 7.5 0 120
    endloop
  endfacet
  facet normal 0 1 0
    outer loop
      vertex 7.5 0 8
      vertex 3 0 4
      vertex 3 0 124
    endloop
  endfacet
  facet normal 0 1 0
    outer loop
      vertex 42.5 0 8
      vertex 3 0 4
      vertex 7.5 0 8
    endloop
  endfacet
  facet normal 0 1 0
    outer loop
      vertex 114.25 0 124.75
      vertex 114.25 0 8.6
      vertex 101.5 0 124
    endloop
  endfacet
  facet normal 0 1 -0
    outer loop
      vertex 113.898 0 8.5723
      vertex 101.5 0 124
      vertex 114.25 0 8.6
    endloop
  endfacet
  facet normal 0 1 -0
    outer loop
      vertex 113.555 0 8.48988
      vertex 101.5 0 124
      vertex 113.898 0 8.5723
    endloop
  endfacet
  facet normal 0 1 -0
    outer loop
      vertex 113.229 0 8.35476
      vertex 101.5 0 124
      vertex 113.555 0 8.48988
    endloop
  endfacet
  facet normal 0 1 -0
    outer loop
      vertex 112.927 0 8.17029
      vertex 101.5 0 124
      vertex 113.229 0 8.35476
    endloop
  endfacet
  facet normal 0 1 -0
    outer loop
      vertex 112.659 0 7.94099
      vertex 101.5 0 124
      vertex 112.927 0 8.17029
    endloop
  endfacet
  facet normal 0 1 0
    outer loop
      vertex 101.5 0 0
      vertex 112.659 0 7.94099
      vertex 112.43 0 7.67252
    endloop
  endfacet
  facet normal 0 1 0
    outer loop
      vertex 101.5 0 0
      vertex 112.43 0 7.67252
      vertex 112.245 0 7.37148
    endloop
  endfacet
  facet normal 0 1 0
    outer loop
      vertex 101.5 0 0
      vertex 112.245 0 7.37148
      vertex 112.11 0 7.04529
    endloop
  endfacet
  facet normal 0 1 0
    outer loop
      vertex 101.5 0 0
      vertex 112.11 0 7.04529
      vertex 112.028 0 6.70198
    endloop
  endfacet
  facet normal 0 1 0
    outer loop
      vertex 101.5 0 0
      vertex 112.028 0 6.70198
      vertex 112 0 6.35
    endloop
  endfacet
  facet normal 0 1 0
    outer loop
      vertex 101.5 0 0
      vertex 112 0 6.35
      vertex 112.028 0 5.99802
    endloop
  endfacet
  facet normal 0 1 0
    outer loop
      vertex 101.5 0 0
      vertex 114.25 0 4.1
      vertex 127 0 0
    endloop
  endfacet
  facet normal 0 1 0
    outer loop
      vertex 114.25 0 4.1
      vertex 101.5 0 0
      vertex 113.898 0 4.1277
    endloop
  endfacet
  facet normal 0 1 0
    outer loop
      vertex 112.659 0 7.94099
      vertex 101.5 0 0
      vertex 101.5 0 124
    endloop
  endfacet
  facet normal 0 1 0
    outer loop
      vertex 112.11 0 5.65471
      vertex 101.5 0 0
      vertex 112.028 0 5.99802
    endloop
  endfacet
  facet normal 0 1 0
    outer loop
      vertex 112.245 0 5.32852
      vertex 101.5 0 0
      vertex 112.11 0 5.65471
    endloop
  endfacet
  facet normal 0 1 0
    outer loop
      vertex 112.43 0 5.02748
      vertex 101.5 0 0
      vertex 112.245 0 5.32852
    endloop
  endfacet
  facet normal 0 1 0
    outer loop
      vertex 112.659 0 4.75901
      vertex 101.5 0 0
      vertex 112.43 0 5.02748
    endloop
  endfacet
  facet normal 0 1 0
    outer loop
      vertex 112.927 0 4.52971
      vertex 101.5 0 0
      vertex 112.659 0 4.75901
    endloop
  endfacet
  facet normal 0 1 0
    outer loop
      vertex 113.229 0 4.34523
      vertex 101.5 0 0
      vertex 112.927 0 4.52971
    endloop
  endfacet
  facet normal 0 1 0
    outer loop
      vertex 113.555 0 4.21012
      vertex 101.5 0 0
      vertex 113.229 0 4.34523
    endloop
  endfacet
  facet normal 0 1 0
    outer loop
      vertex 113.898 0 4.1277
      vertex 101.5 0 0
      vertex 113.555 0 4.21012
    endloop
  endfacet
  facet normal 0 -1 0
    outer loop
      vertex 92.5 -3 120
      vertex 113.898 -3 8.5723
      vertex 114.25 -3 8.6
    endloop
  endfacet
  facet normal 0 -1 0
    outer loop
      vertex 92.5 -3 8
      vertex 113.898 -3 8.5723
      vertex 92.5 -3 120
    endloop
  endfacet
  facet normal 0 -1 0
    outer loop
      vertex 113.898 -3 8.5723
      vertex 92.5 -3 8
      vertex 113.555 -3 8.48988
    endloop
  endfacet
  facet normal 0 -1 0
    outer loop
      vertex 113.555 -3 8.48988
      vertex 92.5 -3 8
      vertex 113.229 -3 8.35476
    endloop
  endfacet
  facet normal 0 -1 0
    outer loop
      vertex 113.229 -3 8.35476
      vertex 92.5 -3 8
      vertex 112.927 -3 8.17029
    endloop
  endfacet
  facet normal 0 -1 0
    outer loop
      vertex 112.927 -3 8.17029
      vertex 92.5 -3 8
      vertex 112.659 -3 7.94099
    endloop
  endfacet
  facet normal 0 -1 0
    outer loop
      vertex 42.5 -3 8
      vertex 57.5 -3 120
      vertex 42.5 -3 120
    endloop
  endfacet
  facet normal 0 -1 -0
    outer loop
      vertex 57.5 -3 120
      vertex 42.5 -3 8
      vertex 57.5 -3 8
    endloop
  endfacet
  facet normal 0 -1 0
    outer loop
      vertex 113.555 -3 129.14
      vertex 127 -3 133.35
      vertex 0 -3 133.35
    endloop
  endfacet
  facet normal 0 -1 0
    outer loop
      vertex 127 -3 133.35
      vertex 113.898 -3 129.222
      vertex 114.25 -3 129.25
    endloop
  endfacet
  facet normal 0 -1 0
    outer loop
      vertex 127 -3 133.35
      vertex 113.555 -3 129.14
      vertex 113.898 -3 129.222
    endloop
  endfacet
  facet normal 0 -1 0
    outer loop
      vertex 57.5 -3 120
      vertex 113.555 -3 129.14
      vertex 0 -3 133.35
    endloop
  endfacet
  facet normal 0 -1 0
    outer loop
      vertex 113.555 -3 129.14
      vertex 57.5 -3 120
      vertex 113.229 -3 129.005
    endloop
  endfacet
  facet normal 0 -1 0
    outer loop
      vertex 113.229 -3 129.005
      vertex 57.5 -3 120
      vertex 112.927 -3 128.82
    endloop
  endfacet
  facet normal 0 -1 0
    outer loop
      vertex 92.5 -3 120
      vertex 112.927 -3 128.82
      vertex 57.5 -3 120
    endloop
  endfacet
  facet normal 0 -1 0
    outer loop
      vertex 112.927 -3 128.82
      vertex 92.5 -3 120
      vertex 112.659 -3 128.591
    endloop
  endfacet
  facet normal 0 -1 0
    outer loop
      vertex 112.659 -3 128.591
      vertex 92.5 -3 120
      vertex 112.43 -3 128.323
    endloop
  endfacet
  facet normal 0 -1 0
    outer loop
      vertex 112.43 -3 128.323
      vertex 92.5 -3 120
      vertex 112.245 -3 128.021
    endloop
  endfacet
  facet normal 0 -1 0
    outer loop
      vertex 112.245 -3 128.021
      vertex 92.5 -3 120
      vertex 112.11 -3 127.695
    endloop
  endfacet
  facet normal 0 -1 0
    outer loop
      vertex 112.11 -3 127.695
      vertex 92.5 -3 120
      vertex 112.028 -3 127.352
    endloop
  endfacet
  facet normal 0 -1 0
    outer loop
      vertex 112.028 -3 127.352
      vertex 92.5 -3 120
      vertex 112 -3 127
    endloop
  endfacet
  facet normal 0 -1 -0
    outer loop
      vertex 112 -3 127
      vertex 92.5 -3 120
      vertex 112.028 -3 126.648
    endloop
  endfacet
  facet normal 0 -1 -0
    outer loop
      vertex 112.028 -3 126.648
      vertex 92.5 -3 120
      vertex 112.11 -3 126.305
    endloop
  endfacet
  facet normal 0 -1 -0
    outer loop
      vertex 112.11 -3 126.305
      vertex 92.5 -3 120
      vertex 112.245 -3 125.979
    endloop
  endfacet
  facet normal 0 -1 -0
    outer loop
      vertex 112.245 -3 125.979
      vertex 92.5 -3 120
      vertex 112.43 -3 125.677
    endloop
  endfacet
  facet normal 0 -1 -0
    outer loop
      vertex 112.43 -3 125.677
      vertex 92.5 -3 120
      vertex 112.659 -3 125.409
    endloop
  endfacet
  facet normal 0 -1 -0
    outer loop
      vertex 112.659 -3 125.409
      vertex 92.5 -3 120
      vertex 112.927 -3 125.18
    endloop
  endfacet
  facet normal 0 -1 -0
    outer loop
      vertex 112.927 -3 125.18
      vertex 92.5 -3 120
      vertex 113.229 -3 124.995
    endloop
  endfacet
  facet normal 0 -1 -0
    outer loop
      vertex 113.229 -3 124.995
      vertex 92.5 -3 120
      vertex 113.555 -3 124.86
    endloop
  endfacet
  facet normal 0 -1 0
    outer loop
      vertex 57.5 -3 120
      vertex 0 -3 133.35
      vertex 42.5 -3 120
    endloop
  endfacet
  facet normal 0 -1 0
    outer loop
      vertex 42.5 -3 120
      vertex 0 -3 133.35
      vertex 7.5 -3 120
    endloop
  endfacet
  facet normal 0 -1 0
    outer loop
      vertex 0 -3 0
      vertex 7.5 -3 120
      vertex 0 -3 133.35
    endloop
  endfacet
  facet normal 0 -1 0
    outer loop
      vertex 0 -3 0
      vertex 42.5 -3 8
      vertex 7.5 -3 8
    endloop
  endfacet
  facet normal 0 -1 -0
    outer loop
      vertex 42.5 -3 8
      vertex 0 -3 0
      vertex 57.5 -3 8
    endloop
  endfacet
  facet normal 0 -1 0
    outer loop
      vertex 127 -3 0
      vertex 57.5 -3 8
      vertex 0 -3 0
    endloop
  endfacet
  facet normal 0 -1 0
    outer loop
      vertex 92.5 -3 8
      vertex 112.43 -3 7.67252
      vertex 112.659 -3 7.94099
    endloop
  endfacet
  facet normal 0 -1 0
    outer loop
      vertex 92.5 -3 8
      vertex 112.245 -3 7.37148
      vertex 112.43 -3 7.67252
    endloop
  endfacet
  facet normal 0 -1 0
    outer loop
      vertex 92.5 -3 8
      vertex 112.11 -3 7.04529
      vertex 112.245 -3 7.37148
    endloop
  endfacet
  facet normal 0 -1 0
    outer loop
      vertex 92.5 -3 8
      vertex 112.028 -3 6.70198
      vertex 112.11 -3 7.04529
    endloop
  endfacet
  facet normal 0 -1 0
    outer loop
      vertex 92.5 -3 8
      vertex 112 -3 6.35
      vertex 112.028 -3 6.70198
    endloop
  endfacet
  facet normal 0 -1 0
    outer loop
      vertex 92.5 -3 8
      vertex 112.028 -3 5.99802
      vertex 112 -3 6.35
    endloop
  endfacet
  facet normal 0 -1 0
    outer loop
      vertex 92.5 -3 8
      vertex 112.11 -3 5.65471
      vertex 112.028 -3 5.99802
    endloop
  endfacet
  facet normal 0 -1 0
    outer loop
      vertex 92.5 -3 8
      vertex 112.245 -3 5.32852
      vertex 112.11 -3 5.65471
    endloop
  endfacet
  facet normal 0 -1 0
    outer loop
      vertex 92.5 -3 8
      vertex 112.43 -3 5.02748
      vertex 112.245 -3 5.32852
    endloop
  endfacet
  facet normal 0 -1 0
    outer loop
      vertex 92.5 -3 8
      vertex 112.659 -3 4.75901
      vertex 112.43 -3 5.02748
    endloop
  endfacet
  facet normal 0 -1 0
    outer loop
      vertex 57.5 -3 8
      vertex 127 -3 0
      vertex 92.5 -3 8
    endloop
  endfacet
  facet normal 0 -1 0
    outer loop
      vertex 92.5 -3 8
      vertex 112.927 -3 4.52971
      vertex 112.659 -3 4.75901
    endloop
  endfacet
  facet normal 0 -1 0
    outer loop
      vertex 92.5 -3 8
      vertex 113.229 -3 4.34523
      vertex 112.927 -3 4.52971
    endloop
  endfacet
  facet normal 0 -1 0
    outer loop
      vertex 92.5 -3 8
      vertex 113.555 -3 4.21012
      vertex 113.229 -3 4.34523
    endloop
  endfacet
  facet normal 0 -1 0
    outer loop
      vertex 92.5 -3 8
      vertex 127 -3 0
      vertex 113.555 -3 4.21012
    endloop
  endfacet
  facet normal 0 -1 0
    outer loop
      vertex 113.898 -3 4.1277
      vertex 127 -3 0
      vertex 114.25 -3 4.1
    endloop
  endfacet
  facet normal 0 -1 0
    outer loop
      vertex 113.555 -3 4.21012
      vertex 127 -3 0
      vertex 113.898 -3 4.1277
    endloop
  endfacet
  facet normal 0 -1 -0
    outer loop
      vertex 7.5 -3 120
      vertex 0 -3 0
      vertex 7.5 -3 8
    endloop
  endfacet
  facet normal 0 -1 0
    outer loop
      vertex 121.75 -3 129.25
      vertex 127 -3 133.35
      vertex 114.25 -3 129.25
    endloop
  endfacet
  facet normal 0 -1 0
    outer loop
      vertex 122.102 -3 129.222
      vertex 127 -3 133.35
      vertex 121.75 -3 129.25
    endloop
  endfacet
  facet normal 0 -1 0
    outer loop
      vertex 122.445 -3 129.14
      vertex 127 -3 133.35
      vertex 122.102 -3 129.222
    endloop
  endfacet
  facet normal 0 -1 0
    outer loop
      vertex 122.771 -3 129.005
      vertex 127 -3 133.35
      vertex 122.445 -3 129.14
    endloop
  endfacet
  facet normal 0 -1 0
    outer loop
      vertex 123.073 -3 128.82
      vertex 127 -3 133.35
      vertex 122.771 -3 129.005
    endloop
  endfacet
  facet normal 0 -1 0
    outer loop
      vertex 123.341 -3 128.591
      vertex 127 -3 133.35
      vertex 123.073 -3 128.82
    endloop
  endfacet
  facet normal 0 -1 0
    outer loop
      vertex 123.57 -3 128.323
      vertex 127 -3 133.35
      vertex 123.341 -3 128.591
    endloop
  endfacet
  facet normal 0 -1 0
    outer loop
      vertex 123.755 -3 128.021
      vertex 127 -3 133.35
      vertex 123.57 -3 128.323
    endloop
  endfacet
  facet normal 0 -1 0
    outer loop
      vertex 123.89 -3 127.695
      vertex 127 -3 133.35
      vertex 123.755 -3 128.021
    endloop
  endfacet
  facet normal 0 -1 0
    outer loop
      vertex 123.972 -3 127.352
      vertex 127 -3 133.35
      vertex 123.89 -3 127.695
    endloop
  endfacet
  facet normal 0 -1 0
    outer loop
      vertex 124 -3 127
      vertex 127 -3 133.35
      vertex 123.972 -3 127.352
    endloop
  endfacet
  facet normal 0 -1 0
    outer loop
      vertex 123.972 -3 126.648
      vertex 127 -3 133.35
      vertex 124 -3 127
    endloop
  endfacet
  facet normal 0 -1 0
    outer loop
      vertex 123.89 -3 126.305
      vertex 127 -3 133.35
      vertex 123.972 -3 126.648
    endloop
  endfacet
  facet normal 0 -1 0
    outer loop
      vertex 123.755 -3 125.979
      vertex 127 -3 133.35
      vertex 123.89 -3 126.305
    endloop
  endfacet
  facet normal 0 -1 -0
    outer loop
      vertex 113.555 -3 124.86
      vertex 92.5 -3 120
      vertex 113.898 -3 124.778
    endloop
  endfacet
  facet normal 0 -1 -0
    outer loop
      vertex 113.898 -3 124.778
      vertex 92.5 -3 120
      vertex 114.25 -3 124.75
    endloop
  endfacet
  facet normal 0 -1 0
    outer loop
      vertex 114.25 -3 8.6
      vertex 114.25 -3 124.75
      vertex 92.5 -3 120
    endloop
  endfacet
  facet normal 0 -1 0
    outer loop
      vertex 114.25 -3 124.75
      vertex 114.25 -3 8.6
      vertex 121.75 -3 124.75
    endloop
  endfacet
  facet normal 0 -1 0
    outer loop
      vertex 121.75 -3 8.6
      vertex 121.75 -3 124.75
      vertex 114.25 -3 8.6
    endloop
  endfacet
  facet normal 0 -1 0
    outer loop
      vertex 121.75 -3 124.75
      vertex 121.75 -3 8.6
      vertex 122.102 -3 124.778
    endloop
  endfacet
  facet normal 0 -1 0
    outer loop
      vertex 122.102 -3 8.5723
      vertex 122.102 -3 124.778
      vertex 121.75 -3 8.6
    endloop
  endfacet
  facet normal 0 -1 0
    outer loop
      vertex 122.102 -3 124.778
      vertex 122.102 -3 8.5723
      vertex 122.445 -3 124.86
    endloop
  endfacet
  facet normal 0 -1 0
    outer loop
      vertex 122.445 -3 8.48988
      vertex 122.445 -3 124.86
      vertex 122.102 -3 8.5723
    endloop
  endfacet
  facet normal 0 -1 0
    outer loop
      vertex 122.445 -3 124.86
      vertex 122.445 -3 8.48988
      vertex 122.771 -3 124.995
    endloop
  endfacet
  facet normal 0 -1 0
    outer loop
      vertex 122.771 -3 8.35476
      vertex 122.771 -3 124.995
      vertex 122.445 -3 8.48988
    endloop
  endfacet
  facet normal 0 -1 0
    outer loop
      vertex 122.771 -3 124.995
      vertex 122.771 -3 8.35476
      vertex 123.073 -3 125.18
    endloop
  endfacet
  facet normal 0 -1 0
    outer loop
      vertex 123.073 -3 8.17029
      vertex 123.073 -3 125.18
      vertex 122.771 -3 8.35476
    endloop
  endfacet
  facet normal 0 -1 0
    outer loop
      vertex 123.073 -3 125.18
      vertex 123.073 -3 8.17029
      vertex 123.341 -3 125.409
    endloop
  endfacet
  facet normal 0 -1 0
    outer loop
      vertex 123.341 -3 7.94099
      vertex 123.341 -3 125.409
      vertex 123.073 -3 8.17029
    endloop
  endfacet
  facet normal 0 -1 0
    outer loop
      vertex 123.341 -3 125.409
      vertex 123.341 -3 7.94099
      vertex 123.57 -3 125.677
    endloop
  endfacet
  facet normal 0 -1 0
    outer loop
      vertex 123.57 -3 7.67252
      vertex 123.57 -3 125.677
      vertex 123.341 -3 7.94099
    endloop
  endfacet
  facet normal 0 -1 0
    outer loop
      vertex 123.57 -3 125.677
      vertex 123.57 -3 7.67252
      vertex 123.755 -3 125.979
    endloop
  endfacet
  facet normal 0 -1 0
    outer loop
      vertex 123.755 -3 7.37148
      vertex 123.755 -3 125.979
      vertex 123.57 -3 7.67252
    endloop
  endfacet
  facet normal 0 -1 0
    outer loop
      vertex 123.755 -3 125.979
      vertex 123.755 -3 7.37148
      vertex 127 -3 133.35
    endloop
  endfacet
  facet normal 0 -1 0
    outer loop
      vertex 123.89 -3 7.04529
      vertex 127 -3 133.35
      vertex 123.755 -3 7.37148
    endloop
  endfacet
  facet normal 0 -1 0
    outer loop
      vertex 127 -3 0
      vertex 123.89 -3 7.04529
      vertex 123.972 -3 6.70198
    endloop
  endfacet
  facet normal 0 -1 0
    outer loop
      vertex 127 -3 0
      vertex 123.972 -3 6.70198
      vertex 124 -3 6.35
    endloop
  endfacet
  facet normal 0 -1 0
    outer loop
      vertex 123.89 -3 7.04529
      vertex 127 -3 0
      vertex 127 -3 133.35
    endloop
  endfacet
  facet normal 0 -1 0
    outer loop
      vertex 123.972 -3 5.99802
      vertex 127 -3 0
      vertex 124 -3 6.35
    endloop
  endfacet
  facet normal 0 -1 0
    outer loop
      vertex 123.89 -3 5.65471
      vertex 127 -3 0
      vertex 123.972 -3 5.99802
    endloop
  endfacet
  facet normal 0 -1 0
    outer loop
      vertex 123.755 -3 5.32852
      vertex 127 -3 0
      vertex 123.89 -3 5.65471
    endloop
  endfacet
  facet normal 0 -1 0
    outer loop
      vertex 123.57 -3 5.02748
      vertex 127 -3 0
      vertex 123.755 -3 5.32852
    endloop
  endfacet
  facet normal 0 -1 0
    outer loop
      vertex 123.341 -3 4.75901
      vertex 127 -3 0
      vertex 123.57 -3 5.02748
    endloop
  endfacet
  facet normal 0 -1 0
    outer loop
      vertex 123.073 -3 4.52971
      vertex 127 -3 0
      vertex 123.341 -3 4.75901
    endloop
  endfacet
  facet normal 0 -1 0
    outer loop
      vertex 122.771 -3 4.34523
      vertex 127 -3 0
      vertex 123.073 -3 4.52971
    endloop
  endfacet
  facet normal 0 -1 0
    outer loop
      vertex 122.445 -3 4.21012
      vertex 127 -3 0
      vertex 122.771 -3 4.34523
    endloop
  endfacet
  facet normal 0 -1 0
    outer loop
      vertex 122.102 -3 4.1277
      vertex 127 -3 0
      vertex 122.445 -3 4.21012
    endloop
  endfacet
  facet normal 0 -1 0
    outer loop
      vertex 121.75 -3 4.1
      vertex 127 -3 0
      vertex 122.102 -3 4.1277
    endloop
  endfacet
  facet normal 0 -1 0
    outer loop
      vertex 114.25 -3 4.1
      vertex 127 -3 0
      vertex 121.75 -3 4.1
    endloop
  endfacet
  facet normal -1 0 0
    outer loop
      vertex 41.5 5 0
      vertex 41.5 110 4
      vertex 41.5 110 0
    endloop
  endfacet
  facet normal -1 -0 0
    outer loop
      vertex 41.5 110 4
      vertex 41.5 5 0
      vertex 41.5 5 4
    endloop
  endfacet
  facet normal 1 -0 0
    outer loop
      vertex 8.5 5 4
      vertex 8.5 110 0
      vertex 8.5 110 4
    endloop
  endfacet
  facet normal 1 0 0
    outer loop
      vertex 8.5 110 0
      vertex 8.5 5 4
      vertex 8.5 5 0
    endloop
  endfacet
  facet normal 0 -1 0
    outer loop
      vertex 8.5 110 0
      vertex 41.5 110 4
      vertex 8.5 110 4
    endloop
  endfacet
  facet normal 0 -1 -0
    outer loop
      vertex 41.5 110 4
      vertex 8.5 110 0
      vertex 41.5 110 0
    endloop
  endfacet
  facet normal 0 1 -0
    outer loop
      vertex 41.5 5 0
      vertex 8.5 5 4
      vertex 41.5 5 4
    endloop
  endfacet
  facet normal 0 1 0
    outer loop
      vertex 8.5 5 4
      vertex 41.5 5 0
      vertex 8.5 5 0
    endloop
  endfacet
  facet normal -1 0 0
    outer loop
      vertex 91.5 5 0
      vertex 91.5 110 4
      vertex 91.5 110 0
    endloop
  endfacet
  facet normal -1 -0 0
    outer loop
      vertex 91.5 110 4
      vertex 91.5 5 0
      vertex 91.5 5 4
    endloop
  endfacet
  facet normal 1 -0 0
    outer loop
      vertex 58.5 5 4
      vertex 58.5 110 0
      vertex 58.5 110 4
    endloop
  endfacet
  facet normal 1 0 0
    outer loop
      vertex 58.5 110 0
      vertex 58.5 5 4
      vertex 58.5 5 0
    endloop
  endfacet
  facet normal 0 -1 0
    outer loop
      vertex 58.5 110 0
      vertex 91.5 110 4
      vertex 58.5 110 4
    endloop
  endfacet
  facet normal 0 -1 -0
    outer loop
      vertex 91.5 110 4
      vertex 58.5 110 0
      vertex 91.5 110 0
    endloop
  endfacet
  facet normal 0 1 -0
    outer loop
      vertex 91.5 5 0
      vertex 58.5 5 4
      vertex 91.5 5 4
    endloop
  endfacet
  facet normal 0 1 0
    outer loop
      vertex 58.5 5 4
      vertex 91.5 5 0
      vertex 58.5 5 0
    endloop
  endfacet
  facet normal 1 -0 0
    outer loop
      vertex 101.5 0 124
      vertex 101.5 120 0
      vertex 101.5 120 124
    endloop
  endfacet
  facet normal 1 0 0
    outer loop
      vertex 101.5 120 0
      vertex 101.5 0 124
      vertex 101.5 0 0
    endloop
  endfacet
  facet normal 0 0 1
    outer loop
      vertex 48.5 116.2 4
      vertex 41.5 110 4
      vertex 48.5 0 4
    endloop
  endfacet
  facet normal -0 0 1
    outer loop
      vertex 3 116.2 4
      vertex 41.5 110 4
      vertex 48.5 116.2 4
    endloop
  endfacet
  facet normal 0 0 1
    outer loop
      vertex 3 0 4
      vertex 8.5 110 4
      vertex 3 116.2 4
    endloop
  endfacet
  facet normal 0 0 1
    outer loop
      vertex 41.5 110 4
      vertex 3 116.2 4
      vertex 8.5 110 4
    endloop
  endfacet
  facet normal -0 0 1
    outer loop
      vertex 41.5 5 4
      vertex 48.5 0 4
      vertex 41.5 110 4
    endloop
  endfacet
  facet normal 0 0 1
    outer loop
      vertex 3 0 4
      vertex 41.5 5 4
      vertex 8.5 5 4
    endloop
  endfacet
  facet normal 0 0 1
    outer loop
      vertex 41.5 5 4
      vertex 3 0 4
      vertex 48.5 0 4
    endloop
  endfacet
  facet normal 0 0 1
    outer loop
      vertex 8.5 110 4
      vertex 3 0 4
      vertex 8.5 5 4
    endloop
  endfacet
  facet normal 0 0 1
    outer loop
      vertex 98.5 116.2 4
      vertex 91.5 110 4
      vertex 98.5 0 4
    endloop
  endfacet
  facet normal 0 0 1
    outer loop
      vertex 98.5 116.2 4
      vertex 58.5 110 4
      vertex 91.5 110 4
    endloop
  endfacet
  facet normal 0 0 1
    outer loop
      vertex 51.5 0 4
      vertex 58.5 110 4
      vertex 51.5 116.2 4
    endloop
  endfacet
  facet normal -0 0 1
    outer loop
      vertex 51.5 116.2 4
      vertex 58.5 110 4
      vertex 98.5 116.2 4
    endloop
  endfacet
  facet normal -0 0 1
    outer loop
      vertex 91.5 5 4
      vertex 98.5 0 4
      vertex 91.5 110 4
    endloop
  endfacet
  facet normal -0 0 1
    outer loop
      vertex 58.5 5 4
      vertex 98.5 0 4
      vertex 91.5 5 4
    endloop
  endfacet
  facet normal 0 0 1
    outer loop
      vertex 58.5 5 4
      vertex 51.5 0 4
      vertex 98.5 0 4
    endloop
  endfacet
  facet normal 0 0 1
    outer loop
      vertex 58.5 110 4
      vertex 51.5 0 4
      vertex 58.5 5 4
    endloop
  endfacet
  facet normal 0 0 1
    outer loop
      vertex 101.5 120 124
      vertex 98.5 116.2 124
      vertex 101.5 0 124
    endloop
  endfacet
  facet normal 0 0 1
    outer loop
      vertex 101.5 120 124
      vertex 51.5 116.2 124
      vertex 98.5 116.2 124
    endloop
  endfacet
  facet normal 0 0 1
    outer loop
      vertex 51.5 116.2 124
      vertex 48.5 116.2 124
      vertex 51.5 0 124
    endloop
  endfacet
  facet normal 0 0 1
    outer loop
      vertex 101.5 120 124
      vertex 48.5 116.2 124
      vertex 51.5 116.2 124
    endloop
  endfacet
  facet normal -0 0 1
    outer loop
      vertex 0 120 124
      vertex 48.5 116.2 124
      vertex 101.5 120 124
    endloop
  endfacet
  facet normal 0 0 1
    outer loop
      vertex 48.5 116.2 124
      vertex 0 120 124
      vertex 3 116.2 124
    endloop
  endfacet
  facet normal 0 0 1
    outer loop
      vertex 0 0 124
      vertex 3 116.2 124
      vertex 0 120 124
    endloop
  endfacet
  facet normal 0 0 1
    outer loop
      vertex 3 116.2 124
      vertex 0 0 124
      vertex 3 0 124
    endloop
  endfacet
  facet normal 0 0 1
    outer loop
      vertex 101.5 0 124
      vertex 98.5 116.2 124
      vertex 98.5 0 124
    endloop
  endfacet
  facet normal 0 0 1
    outer loop
      vertex 51.5 0 124
      vertex 48.5 116.2 124
      vertex 48.5 0 124
    endloop
  endfacet
  facet normal 1 0 0
    outer loop
      vertex 3 58.9256 98.2736
      vertex 3 116.2 124
      vertex 3 59.0217 98.5056
    endloop
  endfacet
  facet normal 1 0 0
    outer loop
      vertex 3 116.2 4
      vertex 3 59.0803 29.2503
      vertex 3 59.1 29
    endloop
  endfacet
  facet normal 1 0 0
    outer loop
      vertex 3 58.7944 98.0595
      vertex 3 116.2 124
      vertex 3 58.9256 98.2736
    endloop
  endfacet
  facet normal 1 0 0
    outer loop
      vertex 3 116.2 4
      vertex 3 59.0217 29.4944
      vertex 3 59.0803 29.2503
    endloop
  endfacet
  facet normal 1 0 0
    outer loop
      vertex 3 116.2 124
      vertex 3 58.7944 98.0595
      vertex 3 116.2 4
    endloop
  endfacet
  facet normal 1 0 0
    outer loop
      vertex 3 116.2 4
      vertex 3 58.9256 29.7264
      vertex 3 59.0217 29.4944
    endloop
  endfacet
  facet normal 1 -0 0
    outer loop
      vertex 3 58.7944 29.9405
      vertex 3 116.2 4
      vertex 3 58.7944 98.0595
    endloop
  endfacet
  facet normal 1 0 0
    outer loop
      vertex 3 116.2 4
      vertex 3 58.7944 29.9405
      vertex 3 58.9256 29.7264
    endloop
  endfacet
  facet normal 1 -0 0
    outer loop
      vertex 3 58.6314 97.8686
      vertex 3 58.7944 29.9405
      vertex 3 58.7944 98.0595
    endloop
  endfacet
  facet normal 1 0 0
    outer loop
      vertex 3 58.6314 97.8686
      vertex 3 58.6314 30.1314
      vertex 3 58.7944 29.9405
    endloop
  endfacet
  facet normal 1 -0 0
    outer loop
      vertex 3 58.4405 97.7056
      vertex 3 58.6314 30.1314
      vertex 3 58.6314 97.8686
    endloop
  endfacet
  facet normal 1 0 0
    outer loop
      vertex 3 58.4405 97.7056
      vertex 3 58.4405 30.2944
      vertex 3 58.6314 30.1314
    endloop
  endfacet
  facet normal 1 -0 0
    outer loop
      vertex 3 58.2264 97.5744
      vertex 3 58.4405 30.2944
      vertex 3 58.4405 97.7056
    endloop
  endfacet
  facet normal 1 0 0
    outer loop
      vertex 3 58.2264 97.5744
      vertex 3 58.2264 30.4256
      vertex 3 58.4405 30.2944
    endloop
  endfacet
  facet normal 1 -0 0
    outer loop
      vertex 3 57.9944 97.4783
      vertex 3 58.2264 30.4256
      vertex 3 58.2264 97.5744
    endloop
  endfacet
  facet normal 1 0 0
    outer loop
      vertex 3 57.9944 97.4783
      vertex 3 57.9944 30.5217
      vertex 3 58.2264 30.4256
    endloop
  endfacet
  facet normal 1 -0 0
    outer loop
      vertex 3 57.7503 97.4197
      vertex 3 57.9944 30.5217
      vertex 3 57.9944 97.4783
    endloop
  endfacet
  facet normal 1 0 0
    outer loop
      vertex 3 57.7503 97.4197
      vertex 3 57.7503 30.5803
      vertex 3 57.9944 30.5217
    endloop
  endfacet
  facet normal 1 -0 0
    outer loop
      vertex 3 57.5 97.4
      vertex 3 57.7503 30.5803
      vertex 3 57.7503 97.4197
    endloop
  endfacet
  facet normal 1 0 0
    outer loop
      vertex 3 57.5 97.4
      vertex 3 57.5 30.6
      vertex 3 57.7503 30.5803
    endloop
  endfacet
  facet normal 1 0 0
    outer loop
      vertex 3 57.2497 97.4197
      vertex 3 57.5 30.6
      vertex 3 57.5 97.4
    endloop
  endfacet
  facet normal 1 0 0
    outer loop
      vertex 3 57.2497 97.4197
      vertex 3 57.2497 30.5803
      vertex 3 57.5 30.6
    endloop
  endfacet
  facet normal 1 0 0
    outer loop
      vertex 3 57.0056 97.4783
      vertex 3 57.2497 30.5803
      vertex 3 57.2497 97.4197
    endloop
  endfacet
  facet normal 1 0 0
    outer loop
      vertex 3 57.0056 97.4783
      vertex 3 57.0056 30.5217
      vertex 3 57.2497 30.5803
    endloop
  endfacet
  facet normal 1 0 0
    outer loop
      vertex 3 56.7736 97.5744
      vertex 3 57.0056 30.5217
      vertex 3 57.0056 97.4783
    endloop
  endfacet
  facet normal 1 0 0
    outer loop
      vertex 3 56.7736 97.5744
      vertex 3 56.7736 30.4256
      vertex 3 57.0056 30.5217
    endloop
  endfacet
  facet normal 1 0 0
    outer loop
      vertex 3 56.5595 97.7056
      vertex 3 56.7736 30.4256
      vertex 3 56.7736 97.5744
    endloop
  endfacet
  facet normal 1 0 0
    outer loop
      vertex 3 56.5595 97.7056
      vertex 3 56.5595 30.2944
      vertex 3 56.7736 30.4256
    endloop
  endfacet
  facet normal 1 0 0
    outer loop
      vertex 3 56.3686 97.8686
      vertex 3 56.5595 30.2944
      vertex 3 56.5595 97.7056
    endloop
  endfacet
  facet normal 1 0 0
    outer loop
      vertex 3 56.3686 97.8686
      vertex 3 56.3686 30.1314
      vertex 3 56.5595 30.2944
    endloop
  endfacet
  facet normal 1 0 0
    outer loop
      vertex 3 56.2056 98.0595
      vertex 3 56.3686 30.1314
      vertex 3 56.3686 97.8686
    endloop
  endfacet
  facet normal 1 0 0
    outer loop
      vertex 3 56.2056 98.0595
      vertex 3 56.2056 29.9405
      vertex 3 56.3686 30.1314
    endloop
  endfacet
  facet normal 1 0 0
    outer loop
      vertex 3 0 124
      vertex 3 56.2056 98.0595
      vertex 3 56.0744 98.2736
    endloop
  endfacet
  facet normal 1 0 0
    outer loop
      vertex 3 56.2056 98.0595
      vertex 3 0 124
      vertex 3 56.2056 29.9405
    endloop
  endfacet
  facet normal 1 0 0
    outer loop
      vertex 3 0 124
      vertex 3 56.0744 98.2736
      vertex 3 55.9783 98.5056
    endloop
  endfacet
  facet normal 1 0 0
    outer loop
      vertex 3 0 4
      vertex 3 56.2056 29.9405
      vertex 3 0 124
    endloop
  endfacet
  facet normal 1 0 0
    outer loop
      vertex 3 0 124
      vertex 3 55.9783 98.5056
      vertex 3 55.9197 98.7497
    endloop
  endfacet
  facet normal 1 0 0
    outer loop
      vertex 3 56.2056 29.9405
      vertex 3 0 4
      vertex 3 56.0744 29.7264
    endloop
  endfacet
  facet normal 1 0 0
    outer loop
      vertex 3 0 124
      vertex 3 55.9197 98.7497
      vertex 3 55.9 99
    endloop
  endfacet
  facet normal 1 0 0
    outer loop
      vertex 3 56.0744 29.7264
      vertex 3 0 4
      vertex 3 55.9783 29.4944
    endloop
  endfacet
  facet normal 1 0 0
    outer loop
      vertex 3 59.0803 98.7497
      vertex 3 116.2 124
      vertex 3 59.1 99
    endloop
  endfacet
  facet normal 1 0 0
    outer loop
      vertex 3 116.2 124
      vertex 3 59.0803 99.2503
      vertex 3 59.1 99
    endloop
  endfacet
  facet normal 1 0 0
    outer loop
      vertex 3 116.2 124
      vertex 3 59.0217 99.4944
      vertex 3 59.0803 99.2503
    endloop
  endfacet
  facet normal 1 0 0
    outer loop
      vertex 3 116.2 124
      vertex 3 58.9256 99.7264
      vertex 3 59.0217 99.4944
    endloop
  endfacet
  facet normal 1 0 0
    outer loop
      vertex 3 116.2 124
      vertex 3 58.7944 99.9405
      vertex 3 58.9256 99.7264
    endloop
  endfacet
  facet normal 1 0 0
    outer loop
      vertex 3 116.2 124
      vertex 3 58.6314 100.131
      vertex 3 58.7944 99.9405
    endloop
  endfacet
  facet normal 1 0 0
    outer loop
      vertex 3 116.2 124
      vertex 3 58.4405 100.294
      vertex 3 58.6314 100.131
    endloop
  endfacet
  facet normal 1 0 0
    outer loop
      vertex 3 116.2 124
      vertex 3 58.2264 100.426
      vertex 3 58.4405 100.294
    endloop
  endfacet
  facet normal 1 0 0
    outer loop
      vertex 3 116.2 124
      vertex 3 57.9944 100.522
      vertex 3 58.2264 100.426
    endloop
  endfacet
  facet normal 1 0 0
    outer loop
      vertex 3 116.2 124
      vertex 3 57.7503 100.58
      vertex 3 57.9944 100.522
    endloop
  endfacet
  facet normal 1 0 0
    outer loop
      vertex 3 116.2 124
      vertex 3 57.5 100.6
      vertex 3 57.7503 100.58
    endloop
  endfacet
  facet normal 1 -0 0
    outer loop
      vertex 3 0 124
      vertex 3 57.5 100.6
      vertex 3 116.2 124
    endloop
  endfacet
  facet normal 1 0 0
    outer loop
      vertex 3 57.5 100.6
      vertex 3 0 124
      vertex 3 57.2497 100.58
    endloop
  endfacet
  facet normal 1 0 0
    outer loop
      vertex 3 55.9783 29.4944
      vertex 3 0 4
      vertex 3 55.9197 29.2503
    endloop
  endfacet
  facet normal 1 0 0
    outer loop
      vertex 3 55.9197 99.2503
      vertex 3 0 124
      vertex 3 55.9 99
    endloop
  endfacet
  facet normal 1 0 0
    outer loop
      vertex 3 55.9783 99.4944
      vertex 3 0 124
      vertex 3 55.9197 99.2503
    endloop
  endfacet
  facet normal 1 0 0
    outer loop
      vertex 3 56.0744 99.7264
      vertex 3 0 124
      vertex 3 55.9783 99.4944
    endloop
  endfacet
  facet normal 1 0 0
    outer loop
      vertex 3 56.2056 99.9405
      vertex 3 0 124
      vertex 3 56.0744 99.7264
    endloop
  endfacet
  facet normal 1 0 0
    outer loop
      vertex 3 56.3686 100.131
      vertex 3 0 124
      vertex 3 56.2056 99.9405
    endloop
  endfacet
  facet normal 1 0 0
    outer loop
      vertex 3 56.5595 100.294
      vertex 3 0 124
      vertex 3 56.3686 100.131
    endloop
  endfacet
  facet normal 1 0 0
    outer loop
      vertex 3 56.7736 100.426
      vertex 3 0 124
      vertex 3 56.5595 100.294
    endloop
  endfacet
  facet normal 1 0 0
    outer loop
      vertex 3 57.0056 100.522
      vertex 3 0 124
      vertex 3 56.7736 100.426
    endloop
  endfacet
  facet normal 1 0 0
    outer loop
      vertex 3 57.2497 100.58
      vertex 3 0 124
      vertex 3 57.0056 100.522
    endloop
  endfacet
  facet normal 1 0 0
    outer loop
      vertex 3 59.0217 98.5056
      vertex 3 116.2 124
      vertex 3 59.0803 98.7497
    endloop
  endfacet
  facet normal 1 -0 0
    outer loop
      vertex 3 59.0803 28.7497
      vertex 3 116.2 4
      vertex 3 59.1 29
    endloop
  endfacet
  facet normal 1 -0 0
    outer loop
      vertex 3 59.0217 28.5056
      vertex 3 116.2 4
      vertex 3 59.0803 28.7497
    endloop
  endfacet
  facet normal 1 -0 0
    outer loop
      vertex 3 58.9256 28.2736
      vertex 3 116.2 4
      vertex 3 59.0217 28.5056
    endloop
  endfacet
  facet normal 1 -0 0
    outer loop
      vertex 3 58.7944 28.0595
      vertex 3 116.2 4
      vertex 3 58.9256 28.2736
    endloop
  endfacet
  facet normal 1 -0 0
    outer loop
      vertex 3 58.6314 27.8686
      vertex 3 116.2 4
      vertex 3 58.7944 28.0595
    endloop
  endfacet
  facet normal 1 -0 0
    outer loop
      vertex 3 58.4405 27.7056
      vertex 3 116.2 4
      vertex 3 58.6314 27.8686
    endloop
  endfacet
  facet normal 1 -0 0
    outer loop
      vertex 3 58.2264 27.5744
      vertex 3 116.2 4
      vertex 3 58.4405 27.7056
    endloop
  endfacet
  facet normal 1 -0 0
    outer loop
      vertex 3 57.9944 27.4783
      vertex 3 116.2 4
      vertex 3 58.2264 27.5744
    endloop
  endfacet
  facet normal 1 -0 0
    outer loop
      vertex 3 57.7503 27.4197
      vertex 3 116.2 4
      vertex 3 57.9944 27.4783
    endloop
  endfacet
  facet normal 1 -0 0
    outer loop
      vertex 3 57.5 27.4
      vertex 3 116.2 4
      vertex 3 57.7503 27.4197
    endloop
  endfacet
  facet normal 1 0 0
    outer loop
      vertex 3 0 4
      vertex 3 57.5 27.4
      vertex 3 57.2497 27.4197
    endloop
  endfacet
  facet normal 1 0 0
    outer loop
      vertex 3 0 4
      vertex 3 57.2497 27.4197
      vertex 3 57.0056 27.4783
    endloop
  endfacet
  facet normal 1 0 0
    outer loop
      vertex 3 55.9197 29.2503
      vertex 3 0 4
      vertex 3 55.9 29
    endloop
  endfacet
  facet normal 1 0 0
    outer loop
      vertex 3 55.9 29
      vertex 3 0 4
      vertex 3 55.9197 28.7497
    endloop
  endfacet
  facet normal 1 0 0
    outer loop
      vertex 3 55.9197 28.7497
      vertex 3 0 4
      vertex 3 55.9783 28.5056
    endloop
  endfacet
  facet normal 1 0 0
    outer loop
      vertex 3 57.5 27.4
      vertex 3 0 4
      vertex 3 116.2 4
    endloop
  endfacet
  facet normal 1 0 0
    outer loop
      vertex 3 56.7736 27.5744
      vertex 3 0 4
      vertex 3 57.0056 27.4783
    endloop
  endfacet
  facet normal 1 0 0
    outer loop
      vertex 3 56.5595 27.7056
      vertex 3 0 4
      vertex 3 56.7736 27.5744
    endloop
  endfacet
  facet normal 1 0 0
    outer loop
      vertex 3 56.3686 27.8686
      vertex 3 0 4
      vertex 3 56.5595 27.7056
    endloop
  endfacet
  facet normal 1 0 0
    outer loop
      vertex 3 56.2056 28.0595
      vertex 3 0 4
      vertex 3 56.3686 27.8686
    endloop
  endfacet
  facet normal 1 0 0
    outer loop
      vertex 3 56.0744 28.2736
      vertex 3 0 4
      vertex 3 56.2056 28.0595
    endloop
  endfacet
  facet normal 1 0 0
    outer loop
      vertex 3 55.9783 28.5056
      vertex 3 0 4
      vertex 3 56.0744 28.2736
    endloop
  endfacet
  facet normal 1 -0 0
    outer loop
      vertex 51.5 0 124
      vertex 51.5 116.2 4
      vertex 51.5 116.2 124
    endloop
  endfacet
  facet normal 1 0 0
    outer loop
      vertex 51.5 116.2 4
      vertex 51.5 0 124
      vertex 51.5 0 4
    endloop
  endfacet
  facet normal -1 0 0
    outer loop
      vertex 48.5 0 4
      vertex 48.5 116.2 124
      vertex 48.5 116.2 4
    endloop
  endfacet
  facet normal -1 -0 0
    outer loop
      vertex 48.5 116.2 124
      vertex 48.5 0 4
      vertex 48.5 0 124
    endloop
  endfacet
  facet normal -1 0 0
    outer loop
      vertex 98.5 0 4
      vertex 98.5 116.2 124
      vertex 98.5 116.2 4
    endloop
  endfacet
  facet normal -1 -0 0
    outer loop
      vertex 98.5 116.2 124
      vertex 98.5 0 4
      vertex 98.5 0 124
    endloop
  endfacet
  facet normal -1 0 0
    outer loop
      vertex 40.5 116.2 10
      vertex 40.5 120 118
      vertex 40.5 120 10
    endloop
  endfacet
  facet normal -1 -0 0
    outer loop
      vertex 40.5 120 118
      vertex 40.5 116.2 10
      vertex 40.5 116.2 118
    endloop
  endfacet
  facet normal 0 0 -1
    outer loop
      vertex 9.5 116.2 118
      vertex 40.5 120 118
      vertex 40.5 116.2 118
    endloop
  endfacet
  facet normal -0 0 -1
    outer loop
      vertex 40.5 120 118
      vertex 9.5 116.2 118
      vertex 9.5 120 118
    endloop
  endfacet
  facet normal -0 0 1
    outer loop
      vertex 9.5 120 10
      vertex 40.5 116.2 10
      vertex 40.5 120 10
    endloop
  endfacet
  facet normal 0 0 1
    outer loop
      vertex 40.5 116.2 10
      vertex 9.5 120 10
      vertex 9.5 116.2 10
    endloop
  endfacet
  facet normal 1 -0 0
    outer loop
      vertex 9.5 116.2 118
      vertex 9.5 120 10
      vertex 9.5 120 118
    endloop
  endfacet
  facet normal 1 0 0
    outer loop
      vertex 9.5 120 10
      vertex 9.5 116.2 118
      vertex 9.5 116.2 10
    endloop
  endfacet
  facet normal -1 0 0
    outer loop
      vertex 90.5 116.2 10
      vertex 90.5 120 118
      vertex 90.5 120 10
    endloop
  endfacet
  facet normal -1 -0 0
    outer loop
      vertex 90.5 120 118
      vertex 90.5 116.2 10
      vertex 90.5 116.2 118
    endloop
  endfacet
  facet normal 0 0 -1
    outer loop
      vertex 59.5 116.2 118
      vertex 90.5 120 118
      vertex 90.5 116.2 118
    endloop
  endfacet
  facet normal -0 0 -1
    outer loop
      vertex 90.5 120 118
      vertex 59.5 116.2 118
      vertex 59.5 120 118
    endloop
  endfacet
  facet normal -0 0 1
    outer loop
      vertex 59.5 120 10
      vertex 90.5 116.2 10
      vertex 90.5 120 10
    endloop
  endfacet
  facet normal 0 0 1
    outer loop
      vertex 90.5 116.2 10
      vertex 59.5 120 10
      vertex 59.5 116.2 10
    endloop
  endfacet
  facet normal 1 -0 0
    outer loop
      vertex 59.5 116.2 118
      vertex 59.5 120 10
      vertex 59.5 120 118
    endloop
  endfacet
  facet normal 1 0 0
    outer loop
      vertex 59.5 120 10
      vertex 59.5 116.2 118
      vertex 59.5 116.2 10
    endloop
  endfacet
  facet normal 0 1 -0
    outer loop
      vertex 59.5 120 10
      vertex 40.5 120 118
      vertex 59.5 120 118
    endloop
  endfacet
  facet normal 0 1 0
    outer loop
      vertex 40.5 120 118
      vertex 59.5 120 10
      vertex 40.5 120 10
    endloop
  endfacet
  facet normal 0 1 0
    outer loop
      vertex 59.5 120 118
      vertex 101.5 120 124
      vertex 90.5 120 118
    endloop
  endfacet
  facet normal 0 1 0
    outer loop
      vertex 101.5 120 124
      vertex 90.5 120 10
      vertex 90.5 120 118
    endloop
  endfacet
  facet normal 0 1 0
    outer loop
      vertex 101.5 120 0
      vertex 59.5 120 10
      vertex 90.5 120 10
    endloop
  endfacet
  facet normal 0 1 0
    outer loop
      vertex 59.5 120 10
      vertex 101.5 120 0
      vertex 40.5 120 10
    endloop
  endfacet
  facet normal 0 1 0
    outer loop
      vertex 40.5 120 10
      vertex 101.5 120 0
      vertex 0 120 0
    endloop
  endfacet
  facet normal 0 1 -0
    outer loop
      vertex 101.5 120 0
      vertex 90.5 120 10
      vertex 101.5 120 124
    endloop
  endfacet
  facet normal 0 1 0
    outer loop
      vertex 101.5 120 124
      vertex 59.5 120 118
      vertex 0 120 124
    endloop
  endfacet
  facet normal 0 1 -0
    outer loop
      vertex 40.5 120 118
      vertex 0 120 124
      vertex 59.5 120 118
    endloop
  endfacet
  facet normal 0 1 -0
    outer loop
      vertex 9.5 120 118
      vertex 0 120 124
      vertex 40.5 120 118
    endloop
  endfacet
  facet normal 0 1 -0
    outer loop
      vertex 9.5 120 10
      vertex 0 120 124
      vertex 9.5 120 118
    endloop
  endfacet
  facet normal 0 1 0
    outer loop
      vertex 9.5 120 10
      vertex 0 120 0
      vertex 0 120 124
    endloop
  endfacet
  facet normal 0 1 0
    outer loop
      vertex 40.5 120 10
      vertex 0 120 0
      vertex 9.5 120 10
    endloop
  endfacet
  facet normal 0 -1 0
    outer loop
      vertex 40.5 116.2 118
      vertex 3 116.2 124
      vertex 9.5 116.2 118
    endloop
  endfacet
  facet normal 0 -1 0
    outer loop
      vertex 3 116.2 124
      vertex 9.5 116.2 10
      vertex 9.5 116.2 118
    endloop
  endfacet
  facet normal 0 -1 -0
    outer loop
      vertex 9.5 116.2 10
      vertex 3 116.2 4
      vertex 40.5 116.2 10
    endloop
  endfacet
  facet normal 0 -1 0
    outer loop
      vertex 3 116.2 4
      vertex 9.5 116.2 10
      vertex 3 116.2 124
    endloop
  endfacet
  facet normal 0 -1 0
    outer loop
      vertex 3 116.2 124
      vertex 40.5 116.2 118
      vertex 48.5 116.2 124
    endloop
  endfacet
  facet normal 0 -1 0
    outer loop
      vertex 40.5 116.2 10
      vertex 48.5 116.2 124
      vertex 40.5 116.2 118
    endloop
  endfacet
  facet normal 0 -1 0
    outer loop
      vertex 40.5 116.2 10
      vertex 48.5 116.2 4
      vertex 48.5 116.2 124
    endloop
  endfacet
  facet normal 0 -1 0
    outer loop
      vertex 48.5 116.2 4
      vertex 40.5 116.2 10
      vertex 3 116.2 4
    endloop
  endfacet
  facet normal 0 -1 0
    outer loop
      vertex 51.5 116.2 124
      vertex 59.5 116.2 118
      vertex 98.5 116.2 124
    endloop
  endfacet
  facet normal 0 -1 0
    outer loop
      vertex 51.5 116.2 124
      vertex 59.5 116.2 10
      vertex 59.5 116.2 118
    endloop
  endfacet
  facet normal 0 -1 -0
    outer loop
      vertex 59.5 116.2 10
      vertex 51.5 116.2 4
      vertex 90.5 116.2 10
    endloop
  endfacet
  facet normal 0 -1 0
    outer loop
      vertex 51.5 116.2 4
      vertex 59.5 116.2 10
      vertex 51.5 116.2 124
    endloop
  endfacet
  facet normal 0 -1 0
    outer loop
      vertex 90.5 116.2 118
      vertex 98.5 116.2 124
      vertex 59.5 116.2 118
    endloop
  endfacet
  facet normal 0 -1 0
    outer loop
      vertex 90.5 116.2 10
      vertex 98.5 116.2 124
      vertex 90.5 116.2 118
    endloop
  endfacet
  facet normal 0 -1 0
    outer loop
      vertex 90.5 116.2 10
      vertex 98.5 116.2 4
      vertex 98.5 116.2 124
    endloop
  endfacet
  facet normal 0 -1 0
    outer loop
      vertex 98.5 116.2 4
      vertex 90.5 116.2 10
      vertex 51.5 116.2 4
    endloop
  endfacet
  facet normal 0 -0.382692 -0.923876
    outer loop
      vertex 0 57.9944 30.5217
      vertex 3 58.2264 30.4256
      vertex 3 57.9944 30.5217
    endloop
  endfacet
  facet normal -0 -0.382692 -0.923876
    outer loop
      vertex 3 58.2264 30.4256
      vertex 0 57.9944 30.5217
      vertex 0 58.2264 30.4256
    endloop
  endfacet
  facet normal -0 0.233433 0.972373
    outer loop
      vertex 0 57.2497 27.4197
      vertex 3 57.0056 27.4783
      vertex 3 57.2497 27.4197
    endloop
  endfacet
  facet normal 0 0.233433 0.972373
    outer loop
      vertex 3 57.0056 27.4783
      vertex 0 57.2497 27.4197
      vertex 0 57.0056 27.4783
    endloop
  endfacet
  facet normal 0 -0.923876 0.382692
    outer loop
      vertex 0 58.9256 28.2736
      vertex 3 59.0217 28.5056
      vertex 0 59.0217 28.5056
    endloop
  endfacet
  facet normal 0 -0.923876 0.382692
    outer loop
      vertex 3 59.0217 28.5056
      vertex 0 58.9256 28.2736
      vertex 3 58.9256 28.2736
    endloop
  endfacet
  facet normal -0 0.0784629 0.996917
    outer loop
      vertex 0 57.5 27.4
      vertex 3 57.2497 27.4197
      vertex 3 57.5 27.4
    endloop
  endfacet
  facet normal 0 0.0784629 0.996917
    outer loop
      vertex 3 57.2497 27.4197
      vertex 0 57.5 27.4
      vertex 0 57.2497 27.4197
    endloop
  endfacet
  facet normal 0 -0.0784629 0.996917
    outer loop
      vertex 0 57.7503 27.4197
      vertex 3 57.5 27.4
      vertex 3 57.7503 27.4197
    endloop
  endfacet
  facet normal 0 -0.0784629 0.996917
    outer loop
      vertex 3 57.5 27.4
      vertex 0 57.7503 27.4197
      vertex 0 57.5 27.4
    endloop
  endfacet
  facet normal 0 -0.996917 -0.0784629
    outer loop
      vertex 0 59.1 29
      vertex 3 59.0803 29.2503
      vertex 0 59.0803 29.2503
    endloop
  endfacet
  facet normal 0 -0.996917 -0.0784629
    outer loop
      vertex 3 59.0803 29.2503
      vertex 0 59.1 29
      vertex 3 59.1 29
    endloop
  endfacet
  facet normal 0 -0.996917 0.0784629
    outer loop
      vertex 0 59.0803 28.7497
      vertex 3 59.1 29
      vertex 0 59.1 29
    endloop
  endfacet
  facet normal 0 -0.996917 0.0784629
    outer loop
      vertex 3 59.1 29
      vertex 0 59.0803 28.7497
      vertex 3 59.0803 28.7497
    endloop
  endfacet
  facet normal 0 -0.760493 0.649347
    outer loop
      vertex 0 58.6314 27.8686
      vertex 3 58.7944 28.0595
      vertex 0 58.7944 28.0595
    endloop
  endfacet
  facet normal 0 -0.760493 0.649347
    outer loop
      vertex 3 58.7944 28.0595
      vertex 0 58.6314 27.8686
      vertex 3 58.6314 27.8686
    endloop
  endfacet
  facet normal -0 0.522497 0.852641
    outer loop
      vertex 0 56.7736 27.5744
      vertex 3 56.5595 27.7056
      vertex 3 56.7736 27.5744
    endloop
  endfacet
  facet normal 0 0.522497 0.852641
    outer loop
      vertex 3 56.5595 27.7056
      vertex 0 56.7736 27.5744
      vertex 0 56.5595 27.7056
    endloop
  endfacet
  facet normal 0 0.923876 0.382692
    outer loop
      vertex 3 56.0744 28.2736
      vertex 0 55.9783 28.5056
      vertex 3 55.9783 28.5056
    endloop
  endfacet
  facet normal 0 0.923876 0.382692
    outer loop
      vertex 0 55.9783 28.5056
      vertex 3 56.0744 28.2736
      vertex 0 56.0744 28.2736
    endloop
  endfacet
  facet normal 0 -0.972373 -0.233433
    outer loop
      vertex 0 59.0803 29.2503
      vertex 3 59.0217 29.4944
      vertex 0 59.0217 29.4944
    endloop
  endfacet
  facet normal 0 -0.972373 -0.233433
    outer loop
      vertex 3 59.0217 29.4944
      vertex 0 59.0803 29.2503
      vertex 3 59.0803 29.2503
    endloop
  endfacet
  facet normal 0 -0.760493 -0.649347
    outer loop
      vertex 0 58.7944 29.9405
      vertex 3 58.6314 30.1314
      vertex 0 58.6314 30.1314
    endloop
  endfacet
  facet normal 0 -0.760493 -0.649347
    outer loop
      vertex 3 58.6314 30.1314
      vertex 0 58.7944 29.9405
      vertex 3 58.7944 29.9405
    endloop
  endfacet
  facet normal 0 0.233433 -0.972373
    outer loop
      vertex 0 57.0056 30.5217
      vertex 3 57.2497 30.5803
      vertex 3 57.0056 30.5217
    endloop
  endfacet
  facet normal 0 0.233433 -0.972373
    outer loop
      vertex 3 57.2497 30.5803
      vertex 0 57.0056 30.5217
      vertex 0 57.2497 30.5803
    endloop
  endfacet
  facet normal 0 0.852641 -0.522497
    outer loop
      vertex 3 56.0744 29.7264
      vertex 0 56.2056 29.9405
      vertex 3 56.2056 29.9405
    endloop
  endfacet
  facet normal 0 0.852641 -0.522497
    outer loop
      vertex 0 56.2056 29.9405
      vertex 3 56.0744 29.7264
      vertex 0 56.0744 29.7264
    endloop
  endfacet
  facet normal 0 -0.972373 0.233433
    outer loop
      vertex 0 59.0217 28.5056
      vertex 3 59.0803 28.7497
      vertex 0 59.0803 28.7497
    endloop
  endfacet
  facet normal 0 -0.972373 0.233433
    outer loop
      vertex 3 59.0803 28.7497
      vertex 0 59.0217 28.5056
      vertex 3 59.0217 28.5056
    endloop
  endfacet
  facet normal 0 -0.233433 0.972373
    outer loop
      vertex 0 57.9944 27.4783
      vertex 3 57.7503 27.4197
      vertex 3 57.9944 27.4783
    endloop
  endfacet
  facet normal 0 -0.233433 0.972373
    outer loop
      vertex 3 57.7503 27.4197
      vertex 0 57.9944 27.4783
      vertex 0 57.7503 27.4197
    endloop
  endfacet
  facet normal 0 0.996917 -0.0784629
    outer loop
      vertex 3 55.9 29
      vertex 0 55.9197 29.2503
      vertex 3 55.9197 29.2503
    endloop
  endfacet
  facet normal 0 0.996917 -0.0784629
    outer loop
      vertex 0 55.9197 29.2503
      vertex 3 55.9 29
      vertex 0 55.9 29
    endloop
  endfacet
  facet normal 0 -0.522497 0.852641
    outer loop
      vertex 0 58.4405 27.7056
      vertex 3 58.2264 27.5744
      vertex 3 58.4405 27.7056
    endloop
  endfacet
  facet normal 0 -0.522497 0.852641
    outer loop
      vertex 3 58.2264 27.5744
      vertex 0 58.4405 27.7056
      vertex 0 58.2264 27.5744
    endloop
  endfacet
  facet normal 0 0.382692 -0.923876
    outer loop
      vertex 0 56.7736 30.4256
      vertex 3 57.0056 30.5217
      vertex 3 56.7736 30.4256
    endloop
  endfacet
  facet normal 0 0.382692 -0.923876
    outer loop
      vertex 3 57.0056 30.5217
      vertex 0 56.7736 30.4256
      vertex 0 57.0056 30.5217
    endloop
  endfacet
  facet normal 0 -0.923876 -0.382692
    outer loop
      vertex 0 59.0217 29.4944
      vertex 3 58.9256 29.7264
      vertex 0 58.9256 29.7264
    endloop
  endfacet
  facet normal 0 -0.923876 -0.382692
    outer loop
      vertex 3 58.9256 29.7264
      vertex 0 59.0217 29.4944
      vertex 3 59.0217 29.4944
    endloop
  endfacet
  facet normal 0 -0.649347 0.760493
    outer loop
      vertex 0 58.6314 27.8686
      vertex 3 58.4405 27.7056
      vertex 3 58.6314 27.8686
    endloop
  endfacet
  facet normal 0 -0.649347 0.760493
    outer loop
      vertex 3 58.4405 27.7056
      vertex 0 58.6314 27.8686
      vertex 0 58.4405 27.7056
    endloop
  endfacet
  facet normal 0 0.972373 0.233433
    outer loop
      vertex 3 55.9783 28.5056
      vertex 0 55.9197 28.7497
      vertex 3 55.9197 28.7497
    endloop
  endfacet
  facet normal 0 0.972373 0.233433
    outer loop
      vertex 0 55.9197 28.7497
      vertex 3 55.9783 28.5056
      vertex 0 55.9783 28.5056
    endloop
  endfacet
  facet normal 0 -0.649347 -0.760493
    outer loop
      vertex 0 58.4405 30.2944
      vertex 3 58.6314 30.1314
      vertex 3 58.4405 30.2944
    endloop
  endfacet
  facet normal -0 -0.649347 -0.760493
    outer loop
      vertex 3 58.6314 30.1314
      vertex 0 58.4405 30.2944
      vertex 0 58.6314 30.1314
    endloop
  endfacet
  facet normal 0 0.0784629 -0.996917
    outer loop
      vertex 0 57.2497 30.5803
      vertex 3 57.5 30.6
      vertex 3 57.2497 30.5803
    endloop
  endfacet
  facet normal 0 0.0784629 -0.996917
    outer loop
      vertex 3 57.5 30.6
      vertex 0 57.2497 30.5803
      vertex 0 57.5 30.6
    endloop
  endfacet
  facet normal 0 -0.852641 0.522497
    outer loop
      vertex 0 58.7944 28.0595
      vertex 3 58.9256 28.2736
      vertex 0 58.9256 28.2736
    endloop
  endfacet
  facet normal 0 -0.852641 0.522497
    outer loop
      vertex 3 58.9256 28.2736
      vertex 0 58.7944 28.0595
      vertex 3 58.7944 28.0595
    endloop
  endfacet
  facet normal 0 0.852641 0.522497
    outer loop
      vertex 3 56.2056 28.0595
      vertex 0 56.0744 28.2736
      vertex 3 56.0744 28.2736
    endloop
  endfacet
  facet normal 0 0.852641 0.522497
    outer loop
      vertex 0 56.0744 28.2736
      vertex 3 56.2056 28.0595
      vertex 0 56.2056 28.0595
    endloop
  endfacet
  facet normal 0 -0.852641 -0.522497
    outer loop
      vertex 0 58.9256 29.7264
      vertex 3 58.7944 29.9405
      vertex 0 58.7944 29.9405
    endloop
  endfacet
  facet normal 0 -0.852641 -0.522497
    outer loop
      vertex 3 58.7944 29.9405
      vertex 0 58.9256 29.7264
      vertex 3 58.9256 29.7264
    endloop
  endfacet
  facet normal 0 0.649347 -0.760493
    outer loop
      vertex 0 56.3686 30.1314
      vertex 3 56.5595 30.2944
      vertex 3 56.3686 30.1314
    endloop
  endfacet
  facet normal 0 0.649347 -0.760493
    outer loop
      vertex 3 56.5595 30.2944
      vertex 0 56.3686 30.1314
      vertex 0 56.5595 30.2944
    endloop
  endfacet
  facet normal -0 0.382692 0.923876
    outer loop
      vertex 0 57.0056 27.4783
      vertex 3 56.7736 27.5744
      vertex 3 57.0056 27.4783
    endloop
  endfacet
  facet normal 0 0.382692 0.923876
    outer loop
      vertex 3 56.7736 27.5744
      vertex 0 57.0056 27.4783
      vertex 0 56.7736 27.5744
    endloop
  endfacet
  facet normal 0 0.760493 -0.649347
    outer loop
      vertex 3 56.2056 29.9405
      vertex 0 56.3686 30.1314
      vertex 3 56.3686 30.1314
    endloop
  endfacet
  facet normal 0 0.760493 -0.649347
    outer loop
      vertex 0 56.3686 30.1314
      vertex 3 56.2056 29.9405
      vertex 0 56.2056 29.9405
    endloop
  endfacet
  facet normal -0 0.649347 0.760493
    outer loop
      vertex 0 56.5595 27.7056
      vertex 3 56.3686 27.8686
      vertex 3 56.5595 27.7056
    endloop
  endfacet
  facet normal 0 0.649347 0.760493
    outer loop
      vertex 3 56.3686 27.8686
      vertex 0 56.5595 27.7056
      vertex 0 56.3686 27.8686
    endloop
  endfacet
  facet normal 0 0.760493 0.649347
    outer loop
      vertex 3 56.3686 27.8686
      vertex 0 56.2056 28.0595
      vertex 3 56.2056 28.0595
    endloop
  endfacet
  facet normal 0 0.760493 0.649347
    outer loop
      vertex 0 56.2056 28.0595
      vertex 3 56.3686 27.8686
      vertex 0 56.3686 27.8686
    endloop
  endfacet
  facet normal 0 -0.233433 -0.972373
    outer loop
      vertex 0 57.7503 30.5803
      vertex 3 57.9944 30.5217
      vertex 3 57.7503 30.5803
    endloop
  endfacet
  facet normal -0 -0.233433 -0.972373
    outer loop
      vertex 3 57.9944 30.5217
      vertex 0 57.7503 30.5803
      vertex 0 57.9944 30.5217
    endloop
  endfacet
  facet normal 0 -0.522497 -0.852641
    outer loop
      vertex 0 58.2264 30.4256
      vertex 3 58.4405 30.2944
      vertex 3 58.2264 30.4256
    endloop
  endfacet
  facet normal -0 -0.522497 -0.852641
    outer loop
      vertex 3 58.4405 30.2944
      vertex 0 58.2264 30.4256
      vertex 0 58.4405 30.2944
    endloop
  endfacet
  facet normal 0 0.923876 -0.382692
    outer loop
      vertex 3 55.9783 29.4944
      vertex 0 56.0744 29.7264
      vertex 3 56.0744 29.7264
    endloop
  endfacet
  facet normal 0 0.923876 -0.382692
    outer loop
      vertex 0 56.0744 29.7264
      vertex 3 55.9783 29.4944
      vertex 0 55.9783 29.4944
    endloop
  endfacet
  facet normal 0 -0.382692 0.923876
    outer loop
      vertex 0 58.2264 27.5744
      vertex 3 57.9944 27.4783
      vertex 3 58.2264 27.5744
    endloop
  endfacet
  facet normal 0 -0.382692 0.923876
    outer loop
      vertex 3 57.9944 27.4783
      vertex 0 58.2264 27.5744
      vertex 0 57.9944 27.4783
    endloop
  endfacet
  facet normal 0 0.972373 -0.233433
    outer loop
      vertex 3 55.9197 29.2503
      vertex 0 55.9783 29.4944
      vertex 3 55.9783 29.4944
    endloop
  endfacet
  facet normal 0 0.972373 -0.233433
    outer loop
      vertex 0 55.9783 29.4944
      vertex 3 55.9197 29.2503
      vertex 0 55.9197 29.2503
    endloop
  endfacet
  facet normal 0 0.522497 -0.852641
    outer loop
      vertex 0 56.5595 30.2944
      vertex 3 56.7736 30.4256
      vertex 3 56.5595 30.2944
    endloop
  endfacet
  facet normal 0 0.522497 -0.852641
    outer loop
      vertex 3 56.7736 30.4256
      vertex 0 56.5595 30.2944
      vertex 0 56.7736 30.4256
    endloop
  endfacet
  facet normal 0 -0.0784629 -0.996917
    outer loop
      vertex 0 57.5 30.6
      vertex 3 57.7503 30.5803
      vertex 3 57.5 30.6
    endloop
  endfacet
  facet normal -0 -0.0784629 -0.996917
    outer loop
      vertex 3 57.7503 30.5803
      vertex 0 57.5 30.6
      vertex 0 57.7503 30.5803
    endloop
  endfacet
  facet normal 0 0.996917 0.0784629
    outer loop
      vertex 3 55.9197 28.7497
      vertex 0 55.9 29
      vertex 3 55.9 29
    endloop
  endfacet
  facet normal 0 0.996917 0.0784629
    outer loop
      vertex 0 55.9 29
      vertex 3 55.9197 28.7497
      vertex 0 55.9197 28.7497
    endloop
  endfacet
  facet normal 0 -0.382352 -0.924017
    outer loop
      vertex 0 57.9944 100.522
      vertex 3 58.2264 100.426
      vertex 3 57.9944 100.522
    endloop
  endfacet
  facet normal -0 -0.382352 -0.924017
    outer loop
      vertex 3 58.2264 100.426
      vertex 0 57.9944 100.522
      vertex 0 58.2264 100.426
    endloop
  endfacet
  facet normal -0 0.233433 0.972373
    outer loop
      vertex 0 57.2497 97.4197
      vertex 3 57.0056 97.4783
      vertex 3 57.2497 97.4197
    endloop
  endfacet
  facet normal 0 0.233433 0.972373
    outer loop
      vertex 3 57.0056 97.4783
      vertex 0 57.2497 97.4197
      vertex 0 57.0056 97.4783
    endloop
  endfacet
  facet normal 0 -0.923876 0.382692
    outer loop
      vertex 0 58.9256 98.2736
      vertex 3 59.0217 98.5056
      vertex 0 59.0217 98.5056
    endloop
  endfacet
  facet normal 0 -0.923876 0.382692
    outer loop
      vertex 3 59.0217 98.5056
      vertex 0 58.9256 98.2736
      vertex 3 58.9256 98.2736
    endloop
  endfacet
  facet normal 0 0.0796502 -0.996823
    outer loop
      vertex 0 57.2497 100.58
      vertex 3 57.5 100.6
      vertex 3 57.2497 100.58
    endloop
  endfacet
  facet normal 0 0.0796502 -0.996823
    outer loop
      vertex 3 57.5 100.6
      vertex 0 57.2497 100.58
      vertex 0 57.5 100.6
    endloop
  endfacet
  facet normal -0 0.0784629 0.996917
    outer loop
      vertex 0 57.5 97.4
      vertex 3 57.2497 97.4197
      vertex 3 57.5 97.4
    endloop
  endfacet
  facet normal 0 0.0784629 0.996917
    outer loop
      vertex 3 57.2497 97.4197
      vertex 0 57.5 97.4
      vertex 0 57.2497 97.4197
    endloop
  endfacet
  facet normal 0 -0.0784629 0.996917
    outer loop
      vertex 0 57.7503 97.4197
      vertex 3 57.5 97.4
      vertex 3 57.7503 97.4197
    endloop
  endfacet
  facet normal 0 -0.0784629 0.996917
    outer loop
      vertex 3 57.5 97.4
      vertex 0 57.7503 97.4197
      vertex 0 57.5 97.4
    endloop
  endfacet
  facet normal 0 -0.996917 0.0784629
    outer loop
      vertex 0 59.0803 98.7497
      vertex 3 59.1 99
      vertex 0 59.1 99
    endloop
  endfacet
  facet normal 0 -0.996917 0.0784629
    outer loop
      vertex 3 59.1 99
      vertex 0 59.0803 98.7497
      vertex 3 59.0803 98.7497
    endloop
  endfacet
  facet normal 0 -0.760493 0.649347
    outer loop
      vertex 0 58.6314 97.8686
      vertex 3 58.7944 98.0595
      vertex 0 58.7944 98.0595
    endloop
  endfacet
  facet normal 0 -0.760493 0.649347
    outer loop
      vertex 3 58.7944 98.0595
      vertex 0 58.6314 97.8686
      vertex 3 58.6314 97.8686
    endloop
  endfacet
  facet normal -0 0.522497 0.852641
    outer loop
      vertex 0 56.7736 97.5744
      vertex 3 56.5595 97.7056
      vertex 3 56.7736 97.5744
    endloop
  endfacet
  facet normal 0 0.522497 0.852641
    outer loop
      vertex 3 56.5595 97.7056
      vertex 0 56.7736 97.5744
      vertex 0 56.5595 97.7056
    endloop
  endfacet
  facet normal 0 0.923876 0.382692
    outer loop
      vertex 3 56.0744 98.2736
      vertex 0 55.9783 98.5056
      vertex 3 55.9783 98.5056
    endloop
  endfacet
  facet normal 0 0.923876 0.382692
    outer loop
      vertex 0 55.9783 98.5056
      vertex 3 56.0744 98.2736
      vertex 0 56.0744 98.2736
    endloop
  endfacet
  facet normal 0 -0.759819 -0.650134
    outer loop
      vertex 0 58.7944 99.9405
      vertex 3 58.6314 100.131
      vertex 0 58.6314 100.131
    endloop
  endfacet
  facet normal 0 -0.759819 -0.650134
    outer loop
      vertex 3 58.6314 100.131
      vertex 0 58.7944 99.9405
      vertex 3 58.7944 99.9405
    endloop
  endfacet
  facet normal 0 0.231171 -0.972913
    outer loop
      vertex 0 57.0056 100.522
      vertex 3 57.2497 100.58
      vertex 3 57.0056 100.522
    endloop
  endfacet
  facet normal 0 0.231171 -0.972913
    outer loop
      vertex 3 57.2497 100.58
      vertex 0 57.0056 100.522
      vertex 0 57.2497 100.58
    endloop
  endfacet
  facet normal 0 0.852641 -0.522497
    outer loop
      vertex 3 56.0744 99.7264
      vertex 0 56.2056 99.9405
      vertex 3 56.2056 99.9405
    endloop
  endfacet
  facet normal 0 0.852641 -0.522497
    outer loop
      vertex 0 56.2056 99.9405
      vertex 3 56.0744 99.7264
      vertex 0 56.0744 99.7264
    endloop
  endfacet
  facet normal 0 -0.972373 0.233433
    outer loop
      vertex 0 59.0217 98.5056
      vertex 3 59.0803 98.7497
      vertex 0 59.0803 98.7497
    endloop
  endfacet
  facet normal 0 -0.972373 0.233433
    outer loop
      vertex 3 59.0803 98.7497
      vertex 0 59.0217 98.5056
      vertex 3 59.0217 98.5056
    endloop
  endfacet
  facet normal 0 -0.233433 0.972373
    outer loop
      vertex 0 57.9944 97.4783
      vertex 3 57.7503 97.4197
      vertex 3 57.9944 97.4783
    endloop
  endfacet
  facet normal 0 -0.233433 0.972373
    outer loop
      vertex 3 57.7503 97.4197
      vertex 0 57.9944 97.4783
      vertex 0 57.7503 97.4197
    endloop
  endfacet
  facet normal 0 0.996917 -0.0784629
    outer loop
      vertex 3 55.9 99
      vertex 0 55.9197 99.2503
      vertex 3 55.9197 99.2503
    endloop
  endfacet
  facet normal 0 0.996917 -0.0784629
    outer loop
      vertex 0 55.9197 99.2503
      vertex 3 55.9 99
      vertex 0 55.9 99
    endloop
  endfacet
  facet normal 0 -0.522497 0.852641
    outer loop
      vertex 0 58.4405 97.7056
      vertex 3 58.2264 97.5744
      vertex 3 58.4405 97.7056
    endloop
  endfacet
  facet normal 0 -0.522497 0.852641
    outer loop
      vertex 3 58.2264 97.5744
      vertex 0 58.4405 97.7056
      vertex 0 58.2264 97.5744
    endloop
  endfacet
  facet normal 0 0.382352 -0.924017
    outer loop
      vertex 0 56.7736 100.426
      vertex 3 57.0056 100.522
      vertex 3 56.7736 100.426
    endloop
  endfacet
  facet normal 0 0.382352 -0.924017
    outer loop
      vertex 3 57.0056 100.522
      vertex 0 56.7736 100.426
      vertex 0 57.0056 100.522
    endloop
  endfacet
  facet normal 0 -0.923876 -0.382692
    outer loop
      vertex 0 59.0217 99.4944
      vertex 3 58.9256 99.7264
      vertex 0 58.9256 99.7264
    endloop
  endfacet
  facet normal 0 -0.923876 -0.382692
    outer loop
      vertex 3 58.9256 99.7264
      vertex 0 59.0217 99.4944
      vertex 3 59.0217 99.4944
    endloop
  endfacet
  facet normal 0 -0.649347 0.760493
    outer loop
      vertex 0 58.6314 97.8686
      vertex 3 58.4405 97.7056
      vertex 3 58.6314 97.8686
    endloop
  endfacet
  facet normal 0 -0.649347 0.760493
    outer loop
      vertex 3 58.4405 97.7056
      vertex 0 58.6314 97.8686
      vertex 0 58.4405 97.7056
    endloop
  endfacet
  facet normal 0 0.972373 0.233433
    outer loop
      vertex 3 55.9783 98.5056
      vertex 0 55.9197 98.7497
      vertex 3 55.9197 98.7497
    endloop
  endfacet
  facet normal 0 0.972373 0.233433
    outer loop
      vertex 0 55.9197 98.7497
      vertex 3 55.9783 98.5056
      vertex 0 55.9783 98.5056
    endloop
  endfacet
  facet normal 0 -0.649347 -0.760493
    outer loop
      vertex 0 58.4405 100.294
      vertex 3 58.6314 100.131
      vertex 3 58.4405 100.294
    endloop
  endfacet
  facet normal -0 -0.649347 -0.760493
    outer loop
      vertex 3 58.6314 100.131
      vertex 0 58.4405 100.294
      vertex 0 58.6314 100.131
    endloop
  endfacet
  facet normal 0 -0.852641 0.522497
    outer loop
      vertex 0 58.7944 98.0595
      vertex 3 58.9256 98.2736
      vertex 0 58.9256 98.2736
    endloop
  endfacet
  facet normal 0 -0.852641 0.522497
    outer loop
      vertex 3 58.9256 98.2736
      vertex 0 58.7944 98.0595
      vertex 3 58.7944 98.0595
    endloop
  endfacet
  facet normal 0 0.852641 0.522497
    outer loop
      vertex 3 56.2056 98.0595
      vertex 0 56.0744 98.2736
      vertex 3 56.0744 98.2736
    endloop
  endfacet
  facet normal 0 0.852641 0.522497
    outer loop
      vertex 0 56.0744 98.2736
      vertex 3 56.2056 98.0595
      vertex 0 56.2056 98.0595
    endloop
  endfacet
  facet normal 0 -0.852641 -0.522497
    outer loop
      vertex 0 58.9256 99.7264
      vertex 3 58.7944 99.9405
      vertex 0 58.7944 99.9405
    endloop
  endfacet
  facet normal 0 -0.852641 -0.522497
    outer loop
      vertex 3 58.7944 99.9405
      vertex 0 58.9256 99.7264
      vertex 3 58.9256 99.7264
    endloop
  endfacet
  facet normal 0 -0.972373 -0.233433
    outer loop
      vertex 0 59.0803 99.2503
      vertex 3 59.0217 99.4944
      vertex 0 59.0217 99.4944
    endloop
  endfacet
  facet normal 0 -0.972373 -0.233433
    outer loop
      vertex 3 59.0217 99.4944
      vertex 0 59.0803 99.2503
      vertex 3 59.0803 99.2503
    endloop
  endfacet
  facet normal 0 0.649347 -0.760493
    outer loop
      vertex 0 56.3686 100.131
      vertex 3 56.5595 100.294
      vertex 3 56.3686 100.131
    endloop
  endfacet
  facet normal 0 0.649347 -0.760493
    outer loop
      vertex 3 56.5595 100.294
      vertex 0 56.3686 100.131
      vertex 0 56.5595 100.294
    endloop
  endfacet
  facet normal -0 0.382692 0.923876
    outer loop
      vertex 0 57.0056 97.4783
      vertex 3 56.7736 97.5744
      vertex 3 57.0056 97.4783
    endloop
  endfacet
  facet normal 0 0.382692 0.923876
    outer loop
      vertex 3 56.7736 97.5744
      vertex 0 57.0056 97.4783
      vertex 0 56.7736 97.5744
    endloop
  endfacet
  facet normal 0 0.759819 -0.650134
    outer loop
      vertex 3 56.2056 99.9405
      vertex 0 56.3686 100.131
      vertex 3 56.3686 100.131
    endloop
  endfacet
  facet normal 0 0.759819 -0.650134
    outer loop
      vertex 0 56.3686 100.131
      vertex 3 56.2056 99.9405
      vertex 0 56.2056 99.9405
    endloop
  endfacet
  facet normal -0 0.649347 0.760493
    outer loop
      vertex 0 56.5595 97.7056
      vertex 3 56.3686 97.8686
      vertex 3 56.5595 97.7056
    endloop
  endfacet
  facet normal 0 0.649347 0.760493
    outer loop
      vertex 3 56.3686 97.8686
      vertex 0 56.5595 97.7056
      vertex 0 56.3686 97.8686
    endloop
  endfacet
  facet normal 0 0.760493 0.649347
    outer loop
      vertex 3 56.3686 97.8686
      vertex 0 56.2056 98.0595
      vertex 3 56.2056 98.0595
    endloop
  endfacet
  facet normal 0 0.760493 0.649347
    outer loop
      vertex 0 56.2056 98.0595
      vertex 3 56.3686 97.8686
      vertex 0 56.3686 97.8686
    endloop
  endfacet
  facet normal 0 -0.231171 -0.972913
    outer loop
      vertex 0 57.7503 100.58
      vertex 3 57.9944 100.522
      vertex 3 57.7503 100.58
    endloop
  endfacet
  facet normal -0 -0.231171 -0.972913
    outer loop
      vertex 3 57.9944 100.522
      vertex 0 57.7503 100.58
      vertex 0 57.9944 100.522
    endloop
  endfacet
  facet normal 0 -0.524807 -0.851221
    outer loop
      vertex 0 58.2264 100.426
      vertex 3 58.4405 100.294
      vertex 3 58.2264 100.426
    endloop
  endfacet
  facet normal -0 -0.524807 -0.851221
    outer loop
      vertex 3 58.4405 100.294
      vertex 0 58.2264 100.426
      vertex 0 58.4405 100.294
    endloop
  endfacet
  facet normal 0 0.923876 -0.382692
    outer loop
      vertex 3 55.9783 99.4944
      vertex 0 56.0744 99.7264
      vertex 3 56.0744 99.7264
    endloop
  endfacet
  facet normal 0 0.923876 -0.382692
    outer loop
      vertex 0 56.0744 99.7264
      vertex 3 55.9783 99.4944
      vertex 0 55.9783 99.4944
    endloop
  endfacet
  facet normal 0 -0.382692 0.923876
    outer loop
      vertex 0 58.2264 97.5744
      vertex 3 57.9944 97.4783
      vertex 3 58.2264 97.5744
    endloop
  endfacet
  facet normal 0 -0.382692 0.923876
    outer loop
      vertex 3 57.9944 97.4783
      vertex 0 58.2264 97.5744
      vertex 0 57.9944 97.4783
    endloop
  endfacet
  facet normal 0 0.972373 -0.233433
    outer loop
      vertex 3 55.9197 99.2503
      vertex 0 55.9783 99.4944
      vertex 3 55.9783 99.4944
    endloop
  endfacet
  facet normal 0 0.972373 -0.233433
    outer loop
      vertex 0 55.9783 99.4944
      vertex 3 55.9197 99.2503
      vertex 0 55.9197 99.2503
    endloop
  endfacet
  facet normal 0 0.524807 -0.851221
    outer loop
      vertex 0 56.5595 100.294
      vertex 3 56.7736 100.426
      vertex 3 56.5595 100.294
    endloop
  endfacet
  facet normal 0 0.524807 -0.851221
    outer loop
      vertex 3 56.7736 100.426
      vertex 0 56.5595 100.294
      vertex 0 56.7736 100.426
    endloop
  endfacet
  facet normal 0 -0.996917 -0.0784629
    outer loop
      vertex 0 59.1 99
      vertex 3 59.0803 99.2503
      vertex 0 59.0803 99.2503
    endloop
  endfacet
  facet normal 0 -0.996917 -0.0784629
    outer loop
      vertex 3 59.0803 99.2503
      vertex 0 59.1 99
      vertex 3 59.1 99
    endloop
  endfacet
  facet normal 0 -0.0796502 -0.996823
    outer loop
      vertex 0 57.5 100.6
      vertex 3 57.7503 100.58
      vertex 3 57.5 100.6
    endloop
  endfacet
  facet normal -0 -0.0796502 -0.996823
    outer loop
      vertex 3 57.7503 100.58
      vertex 0 57.5 100.6
      vertex 0 57.7503 100.58
    endloop
  endfacet
  facet normal 0 0.996917 0.0784629
    outer loop
      vertex 3 55.9197 98.7497
      vertex 0 55.9 99
      vertex 3 55.9 99
    endloop
  endfacet
  facet normal 0 0.996917 0.0784629
    outer loop
      vertex 0 55.9 99
      vertex 3 55.9197 98.7497
      vertex 0 55.9197 98.7497
    endloop
  endfacet
  facet normal -1 0 0
    outer loop
      vertex 0 58.9256 29.7264
      vertex 0 120 0
      vertex 0 59.0217 29.4944
    endloop
  endfacet
  facet normal -1 0 0
    outer loop
      vertex 0 120 124
      vertex 0 59.0803 98.7497
      vertex 0 59.1 99
    endloop
  endfacet
  facet normal -1 0 0
    outer loop
      vertex 0 120 0
      vertex 0 58.9256 29.7264
      vertex 0 120 124
    endloop
  endfacet
  facet normal -1 0 0
    outer loop
      vertex 0 120 124
      vertex 0 59.0217 98.5056
      vertex 0 59.0803 98.7497
    endloop
  endfacet
  facet normal -1 0 0
    outer loop
      vertex 0 58.7944 29.9405
      vertex 0 120 124
      vertex 0 58.9256 29.7264
    endloop
  endfacet
  facet normal -1 0 0
    outer loop
      vertex 0 120 124
      vertex 0 58.9256 98.2736
      vertex 0 59.0217 98.5056
    endloop
  endfacet
  facet normal -1 0 0
    outer loop
      vertex 0 58.7944 98.0595
      vertex 0 120 124
      vertex 0 58.7944 29.9405
    endloop
  endfacet
  facet normal -1 0 0
    outer loop
      vertex 0 120 124
      vertex 0 58.7944 98.0595
      vertex 0 58.9256 98.2736
    endloop
  endfacet
  facet normal -1 0 0
    outer loop
      vertex 0 58.6314 30.1314
      vertex 0 58.7944 98.0595
      vertex 0 58.7944 29.9405
    endloop
  endfacet
  facet normal -1 0 0
    outer loop
      vertex 0 58.6314 30.1314
      vertex 0 58.6314 97.8686
      vertex 0 58.7944 98.0595
    endloop
  endfacet
  facet normal -1 0 0
    outer loop
      vertex 0 58.4405 30.2944
      vertex 0 58.6314 97.8686
      vertex 0 58.6314 30.1314
    endloop
  endfacet
  facet normal -1 0 0
    outer loop
      vertex 0 58.4405 30.2944
      vertex 0 58.4405 97.7056
      vertex 0 58.6314 97.8686
    endloop
  endfacet
  facet normal -1 0 0
    outer loop
      vertex 0 58.2264 30.4256
      vertex 0 58.4405 97.7056
      vertex 0 58.4405 30.2944
    endloop
  endfacet
  facet normal -1 0 0
    outer loop
      vertex 0 58.2264 30.4256
      vertex 0 58.2264 97.5744
      vertex 0 58.4405 97.7056
    endloop
  endfacet
  facet normal -1 0 0
    outer loop
      vertex 0 57.9944 30.5217
      vertex 0 58.2264 97.5744
      vertex 0 58.2264 30.4256
    endloop
  endfacet
  facet normal -1 0 0
    outer loop
      vertex 0 57.9944 30.5217
      vertex 0 57.9944 97.4783
      vertex 0 58.2264 97.5744
    endloop
  endfacet
  facet normal -1 0 0
    outer loop
      vertex 0 57.7503 30.5803
      vertex 0 57.9944 97.4783
      vertex 0 57.9944 30.5217
    endloop
  endfacet
  facet normal -1 0 0
    outer loop
      vertex 0 57.7503 30.5803
      vertex 0 57.7503 97.4197
      vertex 0 57.9944 97.4783
    endloop
  endfacet
  facet normal -1 0 0
    outer loop
      vertex 0 57.5 30.6
      vertex 0 57.7503 97.4197
      vertex 0 57.7503 30.5803
    endloop
  endfacet
  facet normal -1 0 0
    outer loop
      vertex 0 57.5 30.6
      vertex 0 57.5 97.4
      vertex 0 57.7503 97.4197
    endloop
  endfacet
  facet normal -1 0 0
    outer loop
      vertex 0 57.2497 30.5803
      vertex 0 57.5 97.4
      vertex 0 57.5 30.6
    endloop
  endfacet
  facet normal -1 0 0
    outer loop
      vertex 0 57.2497 30.5803
      vertex 0 57.2497 97.4197
      vertex 0 57.5 97.4
    endloop
  endfacet
  facet normal -1 0 0
    outer loop
      vertex 0 57.0056 30.5217
      vertex 0 57.2497 97.4197
      vertex 0 57.2497 30.5803
    endloop
  endfacet
  facet normal -1 0 0
    outer loop
      vertex 0 57.0056 30.5217
      vertex 0 57.0056 97.4783
      vertex 0 57.2497 97.4197
    endloop
  endfacet
  facet normal -1 0 0
    outer loop
      vertex 0 56.7736 30.4256
      vertex 0 57.0056 97.4783
      vertex 0 57.0056 30.5217
    endloop
  endfacet
  facet normal -1 0 0
    outer loop
      vertex 0 56.7736 30.4256
      vertex 0 56.7736 97.5744
      vertex 0 57.0056 97.4783
    endloop
  endfacet
  facet normal -1 0 0
    outer loop
      vertex 0 56.5595 30.2944
      vertex 0 56.7736 97.5744
      vertex 0 56.7736 30.4256
    endloop
  endfacet
  facet normal -1 0 0
    outer loop
      vertex 0 56.5595 30.2944
      vertex 0 56.5595 97.7056
      vertex 0 56.7736 97.5744
    endloop
  endfacet
  facet normal -1 0 0
    outer loop
      vertex 0 56.3686 30.1314
      vertex 0 56.5595 97.7056
      vertex 0 56.5595 30.2944
    endloop
  endfacet
  facet normal -1 0 0
    outer loop
      vertex 0 56.3686 30.1314
      vertex 0 56.3686 97.8686
      vertex 0 56.5595 97.7056
    endloop
  endfacet
  facet normal -1 0 0
    outer loop
      vertex 0 56.2056 29.9405
      vertex 0 56.3686 97.8686
      vertex 0 56.3686 30.1314
    endloop
  endfacet
  facet normal -1 0 0
    outer loop
      vertex 0 56.2056 29.9405
      vertex 0 56.2056 98.0595
      vertex 0 56.3686 97.8686
    endloop
  endfacet
  facet normal -1 0 0
    outer loop
      vertex 0 0 124
      vertex 0 56.2056 29.9405
      vertex 0 56.0744 29.7264
    endloop
  endfacet
  facet normal -1 0 0
    outer loop
      vertex 0 56.2056 29.9405
      vertex 0 0 124
      vertex 0 56.2056 98.0595
    endloop
  endfacet
  facet normal -1 0 0
    outer loop
      vertex 0 -3 0
      vertex 0 56.0744 29.7264
      vertex 0 55.9783 29.4944
    endloop
  endfacet
  facet normal -1 0 0
    outer loop
      vertex 0 56.2056 98.0595
      vertex 0 0 124
      vertex 0 56.0744 98.2736
    endloop
  endfacet
  facet normal -1 0 0
    outer loop
      vertex 0 -3 0
      vertex 0 55.9783 29.4944
      vertex 0 55.9197 29.2503
    endloop
  endfacet
  facet normal -1 0 0
    outer loop
      vertex 0 56.0744 98.2736
      vertex 0 0 124
      vertex 0 55.9783 98.5056
    endloop
  endfacet
  facet normal -1 0 0
    outer loop
      vertex 0 -3 0
      vertex 0 55.9197 29.2503
      vertex 0 55.9 29
    endloop
  endfacet
  facet normal -1 0 0
    outer loop
      vertex 0 55.9783 98.5056
      vertex 0 0 124
      vertex 0 55.9197 98.7497
    endloop
  endfacet
  facet normal -1 0 0
    outer loop
      vertex 0 59.0803 29.2503
      vertex 0 120 0
      vertex 0 59.1 29
    endloop
  endfacet
  facet normal -1 0 0
    outer loop
      vertex 0 120 0
      vertex 0 59.0803 28.7497
      vertex 0 59.1 29
    endloop
  endfacet
  facet normal -1 0 0
    outer loop
      vertex 0 120 0
      vertex 0 59.0217 28.5056
      vertex 0 59.0803 28.7497
    endloop
  endfacet
  facet normal -1 0 0
    outer loop
      vertex 0 120 0
      vertex 0 58.9256 28.2736
      vertex 0 59.0217 28.5056
    endloop
  endfacet
  facet normal -1 0 0
    outer loop
      vertex 0 120 0
      vertex 0 58.7944 28.0595
      vertex 0 58.9256 28.2736
    endloop
  endfacet
  facet normal -1 0 0
    outer loop
      vertex 0 120 0
      vertex 0 58.6314 27.8686
      vertex 0 58.7944 28.0595
    endloop
  endfacet
  facet normal -1 0 0
    outer loop
      vertex 0 120 0
      vertex 0 58.4405 27.7056
      vertex 0 58.6314 27.8686
    endloop
  endfacet
  facet normal -1 0 0
    outer loop
      vertex 0 120 0
      vertex 0 58.2264 27.5744
      vertex 0 58.4405 27.7056
    endloop
  endfacet
  facet normal -1 0 0
    outer loop
      vertex 0 120 0
      vertex 0 57.9944 27.4783
      vertex 0 58.2264 27.5744
    endloop
  endfacet
  facet normal -1 0 0
    outer loop
      vertex 0 120 0
      vertex 0 57.7503 27.4197
      vertex 0 57.9944 27.4783
    endloop
  endfacet
  facet normal -1 0 0
    outer loop
      vertex 0 120 0
      vertex 0 57.5 27.4
      vertex 0 57.7503 27.4197
    endloop
  endfacet
  facet normal -1 0 0
    outer loop
      vertex 0 -3 0
      vertex 0 57.5 27.4
      vertex 0 120 0
    endloop
  endfacet
  facet normal -1 -0 0
    outer loop
      vertex 0 57.5 27.4
      vertex 0 -3 0
      vertex 0 57.2497 27.4197
    endloop
  endfacet
  facet normal -1 -0 0
    outer loop
      vertex 0 57.2497 27.4197
      vertex 0 -3 0
      vertex 0 57.0056 27.4783
    endloop
  endfacet
  facet normal -1 0 0
    outer loop
      vertex 0 55.9197 98.7497
      vertex 0 0 124
      vertex 0 55.9 99
    endloop
  endfacet
  facet normal -1 0 0
    outer loop
      vertex 0 -3 0
      vertex 0 55.9 29
      vertex 0 55.9197 28.7497
    endloop
  endfacet
  facet normal -1 0 0
    outer loop
      vertex 0 -3 0
      vertex 0 55.9197 28.7497
      vertex 0 55.9783 28.5056
    endloop
  endfacet
  facet normal -1 0 0
    outer loop
      vertex 0 -3 0
      vertex 0 55.9783 28.5056
      vertex 0 56.0744 28.2736
    endloop
  endfacet
  facet normal -1 -0 0
    outer loop
      vertex 0 57.0056 27.4783
      vertex 0 -3 0
      vertex 0 56.7736 27.5744
    endloop
  endfacet
  facet normal -1 0 0
    outer loop
      vertex 0 -3 0
      vertex 0 56.5595 27.7056
      vertex 0 56.7736 27.5744
    endloop
  endfacet
  facet normal -1 0 0
    outer loop
      vertex 0 -3 0
      vertex 0 56.3686 27.8686
      vertex 0 56.5595 27.7056
    endloop
  endfacet
  facet normal -1 0 0
    outer loop
      vertex 0 -3 0
      vertex 0 56.2056 28.0595
      vertex 0 56.3686 27.8686
    endloop
  endfacet
  facet normal -1 0 0
    outer loop
      vertex 0 -3 0
      vertex 0 56.0744 28.2736
      vertex 0 56.2056 28.0595
    endloop
  endfacet
  facet normal -1 -0 0
    outer loop
      vertex 0 56.0744 29.7264
      vertex 0 -3 0
      vertex 0 0 124
    endloop
  endfacet
  facet normal -1 0 0
    outer loop
      vertex 0 -3 133.35
      vertex 0 0 124
      vertex 0 -3 0
    endloop
  endfacet
  facet normal -1 0 0
    outer loop
      vertex 0 0 124
      vertex 0 -3 133.35
      vertex 0 0 133.35
    endloop
  endfacet
  facet normal -1 0 0
    outer loop
      vertex 0 59.0217 29.4944
      vertex 0 120 0
      vertex 0 59.0803 29.2503
    endloop
  endfacet
  facet normal -1 0 0
    outer loop
      vertex 0 59.0803 99.2503
      vertex 0 120 124
      vertex 0 59.1 99
    endloop
  endfacet
  facet normal -1 0 0
    outer loop
      vertex 0 59.0217 99.4944
      vertex 0 120 124
      vertex 0 59.0803 99.2503
    endloop
  endfacet
  facet normal -1 0 0
    outer loop
      vertex 0 58.9256 99.7264
      vertex 0 120 124
      vertex 0 59.0217 99.4944
    endloop
  endfacet
  facet normal -1 0 0
    outer loop
      vertex 0 58.7944 99.9405
      vertex 0 120 124
      vertex 0 58.9256 99.7264
    endloop
  endfacet
  facet normal -1 0 0
    outer loop
      vertex 0 58.6314 100.131
      vertex 0 120 124
      vertex 0 58.7944 99.9405
    endloop
  endfacet
  facet normal -1 0 0
    outer loop
      vertex 0 58.4405 100.294
      vertex 0 120 124
      vertex 0 58.6314 100.131
    endloop
  endfacet
  facet normal -1 0 0
    outer loop
      vertex 0 58.2264 100.426
      vertex 0 120 124
      vertex 0 58.4405 100.294
    endloop
  endfacet
  facet normal -1 0 0
    outer loop
      vertex 0 57.9944 100.522
      vertex 0 120 124
      vertex 0 58.2264 100.426
    endloop
  endfacet
  facet normal -1 0 0
    outer loop
      vertex 0 57.7503 100.58
      vertex 0 120 124
      vertex 0 57.9944 100.522
    endloop
  endfacet
  facet normal -1 0 0
    outer loop
      vertex 0 57.5 100.6
      vertex 0 120 124
      vertex 0 57.7503 100.58
    endloop
  endfacet
  facet normal -1 0 0
    outer loop
      vertex 0 0 124
      vertex 0 57.5 100.6
      vertex 0 57.2497 100.58
    endloop
  endfacet
  facet normal -1 0 0
    outer loop
      vertex 0 0 124
      vertex 0 57.2497 100.58
      vertex 0 57.0056 100.522
    endloop
  endfacet
  facet normal -1 0 0
    outer loop
      vertex 0 57.5 100.6
      vertex 0 0 124
      vertex 0 120 124
    endloop
  endfacet
  facet normal -1 0 0
    outer loop
      vertex 0 56.7736 100.426
      vertex 0 0 124
      vertex 0 57.0056 100.522
    endloop
  endfacet
  facet normal -1 0 0
    outer loop
      vertex 0 56.5595 100.294
      vertex 0 0 124
      vertex 0 56.7736 100.426
    endloop
  endfacet
  facet normal -1 0 0
    outer loop
      vertex 0 56.3686 100.131
      vertex 0 0 124
      vertex 0 56.5595 100.294
    endloop
  endfacet
  facet normal -1 0 0
    outer loop
      vertex 0 56.2056 99.9405
      vertex 0 0 124
      vertex 0 56.3686 100.131
    endloop
  endfacet
  facet normal -1 0 0
    outer loop
      vertex 0 56.0744 99.7264
      vertex 0 0 124
      vertex 0 56.2056 99.9405
    endloop
  endfacet
  facet normal -1 0 0
    outer loop
      vertex 0 55.9783 99.4944
      vertex 0 0 124
      vertex 0 56.0744 99.7264
    endloop
  endfacet
  facet normal -1 0 0
    outer loop
      vertex 0 55.9197 99.2503
      vertex 0 0 124
      vertex 0 55.9783 99.4944
    endloop
  endfacet
  facet normal -1 0 0
    outer loop
      vertex 0 0 124
      vertex 0 55.9197 99.2503
      vertex 0 55.9 99
    endloop
  endfacet
endsolid OpenSCAD_Model
