solid OpenSCAD_Model
  facet normal 0.751936 -0 0.659236
    outer loop
      vertex -123.535 -3 4.98029
      vertex -123.341 0 4.75901
      vertex -123.535 0 4.98029
    endloop
  endfacet
  facet normal 0.751936 0 0.659236
    outer loop
      vertex -123.341 0 4.75901
      vertex -123.535 -3 4.98029
      vertex -123.341 -3 4.75901
    endloop
  endfacet
  facet normal -0.980405 0 0.196991
    outer loop
      vertex -112.077 -3 5.76766
      vertex -112.019 0 6.05632
      vertex -112.077 0 5.76766
    endloop
  endfacet
  facet normal -0.980405 0 0.196991
    outer loop
      vertex -112.019 0 6.05632
      vertex -112.077 -3 5.76766
      vertex -112.019 -3 6.05632
    endloop
  endfacet
  facet normal -0.997914 0 -0.0645613
    outer loop
      vertex -112 -3 6.35
      vertex -112.019 0 6.64368
      vertex -112 0 6.35
    endloop
  endfacet
  facet normal -0.997914 -0 -0.0645613
    outer loop
      vertex -112.019 0 6.64368
      vertex -112 -3 6.35
      vertex -112.019 -3 6.64368
    endloop
  endfacet
  facet normal -0.442233 0 0.8969
    outer loop
      vertex -113.389 0 4.27127
      vertex -113.125 -3 4.40144
      vertex -113.125 0 4.40144
    endloop
  endfacet
  facet normal -0.442233 0 0.8969
    outer loop
      vertex -113.125 -3 4.40144
      vertex -113.389 0 4.27127
      vertex -113.389 -3 4.27127
    endloop
  endfacet
  facet normal -0.897103 0 -0.441822
    outer loop
      vertex -112.171 -3 7.21104
      vertex -112.301 0 7.475
      vertex -112.171 0 7.21104
    endloop
  endfacet
  facet normal -0.897103 -0 -0.441822
    outer loop
      vertex -112.301 0 7.475
      vertex -112.171 -3 7.21104
      vertex -112.301 -3 7.475
    endloop
  endfacet
  facet normal -0.8307 0 0.55672
    outer loop
      vertex -112.465 -3 4.98029
      vertex -112.301 0 5.225
      vertex -112.465 0 4.98029
    endloop
  endfacet
  facet normal -0.8307 0 0.55672
    outer loop
      vertex -112.301 0 5.225
      vertex -112.465 -3 4.98029
      vertex -112.301 -3 5.225
    endloop
  endfacet
  facet normal 0.8307 -0 0.55672
    outer loop
      vertex -123.699 -3 5.225
      vertex -123.535 0 4.98029
      vertex -123.699 0 5.225
    endloop
  endfacet
  facet normal 0.8307 0 0.55672
    outer loop
      vertex -123.535 0 4.98029
      vertex -123.699 -3 5.225
      vertex -123.535 -3 4.98029
    endloop
  endfacet
  facet normal -0.947555 0 -0.319592
    outer loop
      vertex -112.077 -3 6.93234
      vertex -112.171 0 7.21104
      vertex -112.077 0 6.93234
    endloop
  endfacet
  facet normal -0.947555 -0 -0.319592
    outer loop
      vertex -112.171 0 7.21104
      vertex -112.077 -3 6.93234
      vertex -112.171 -3 7.21104
    endloop
  endfacet
  facet normal 0 0 -1
    outer loop
      vertex -121.75 -3 8.6
      vertex -114.25 0 8.6
      vertex -114.25 -3 8.6
    endloop
  endfacet
  facet normal -0 0 -1
    outer loop
      vertex -114.25 0 8.6
      vertex -121.75 -3 8.6
      vertex -121.75 0 8.6
    endloop
  endfacet
  facet normal -0.8307 0 -0.55672
    outer loop
      vertex -112.301 -3 7.475
      vertex -112.465 0 7.71971
      vertex -112.301 0 7.475
    endloop
  endfacet
  facet normal -0.8307 -0 -0.55672
    outer loop
      vertex -112.465 0 7.71971
      vertex -112.301 -3 7.475
      vertex -112.465 -3 7.71971
    endloop
  endfacet
  facet normal 0.897103 0 -0.441822
    outer loop
      vertex -123.699 -3 7.475
      vertex -123.829 0 7.21104
      vertex -123.699 0 7.475
    endloop
  endfacet
  facet normal 0.897103 0 -0.441822
    outer loop
      vertex -123.829 0 7.21104
      vertex -123.699 -3 7.475
      vertex -123.829 -3 7.21104
    endloop
  endfacet
  facet normal -0.555115 0 0.831773
    outer loop
      vertex -113.125 0 4.40144
      vertex -112.88 -3 4.56495
      vertex -112.88 0 4.56495
    endloop
  endfacet
  facet normal -0.555115 0 0.831773
    outer loop
      vertex -112.88 -3 4.56495
      vertex -113.125 0 4.40144
      vertex -113.125 -3 4.40144
    endloop
  endfacet
  facet normal 0.897103 -0 0.441822
    outer loop
      vertex -123.829 -3 5.48896
      vertex -123.699 0 5.225
      vertex -123.829 0 5.48896
    endloop
  endfacet
  facet normal 0.897103 0 0.441822
    outer loop
      vertex -123.699 0 5.225
      vertex -123.829 -3 5.48896
      vertex -123.699 -3 5.225
    endloop
  endfacet
  facet normal -0.321112 0 -0.947041
    outer loop
      vertex -113.668 -3 8.52333
      vertex -113.389 0 8.42873
      vertex -113.389 -3 8.42873
    endloop
  endfacet
  facet normal -0.321112 0 -0.947041
    outer loop
      vertex -113.389 0 8.42873
      vertex -113.668 -3 8.52333
      vertex -113.668 0 8.52333
    endloop
  endfacet
  facet normal -0.997914 0 0.0645613
    outer loop
      vertex -112.019 -3 6.05632
      vertex -112 0 6.35
      vertex -112.019 0 6.05632
    endloop
  endfacet
  facet normal -0.997914 0 0.0645613
    outer loop
      vertex -112 0 6.35
      vertex -112.019 -3 6.05632
      vertex -112 -3 6.35
    endloop
  endfacet
  facet normal -0.659823 0 0.751421
    outer loop
      vertex -112.88 0 4.56495
      vertex -112.659 -3 4.75901
      vertex -112.659 0 4.75901
    endloop
  endfacet
  facet normal -0.659823 0 0.751421
    outer loop
      vertex -112.659 -3 4.75901
      vertex -112.88 0 4.56495
      vertex -112.88 -3 4.56495
    endloop
  endfacet
  facet normal -0.0653363 0 0.997863
    outer loop
      vertex -114.25 0 4.1
      vertex -113.956 -3 4.11925
      vertex -113.956 0 4.11925
    endloop
  endfacet
  facet normal -0.0653363 0 0.997863
    outer loop
      vertex -113.956 -3 4.11925
      vertex -114.25 0 4.1
      vertex -114.25 -3 4.1
    endloop
  endfacet
  facet normal 0.321112 0 -0.947041
    outer loop
      vertex -122.611 -3 8.42873
      vertex -122.332 0 8.52333
      vertex -122.332 -3 8.52333
    endloop
  endfacet
  facet normal 0.321112 0 -0.947041
    outer loop
      vertex -122.332 0 8.52333
      vertex -122.611 -3 8.42873
      vertex -122.611 0 8.42873
    endloop
  endfacet
  facet normal 0.947555 0 -0.319592
    outer loop
      vertex -123.829 -3 7.21104
      vertex -123.923 0 6.93234
      vertex -123.829 0 7.21104
    endloop
  endfacet
  facet normal 0.947555 0 -0.319592
    outer loop
      vertex -123.923 0 6.93234
      vertex -123.829 -3 7.21104
      vertex -123.923 -3 6.93234
    endloop
  endfacet
  facet normal -0.555139 0 -0.831758
    outer loop
      vertex -113.125 -3 8.29856
      vertex -112.88 0 8.13504
      vertex -112.88 -3 8.13504
    endloop
  endfacet
  facet normal -0.555139 0 -0.831758
    outer loop
      vertex -112.88 0 8.13504
      vertex -113.125 -3 8.29856
      vertex -113.125 0 8.29856
    endloop
  endfacet
  facet normal -0.897103 0 0.441822
    outer loop
      vertex -112.301 -3 5.225
      vertex -112.171 0 5.48896
      vertex -112.301 0 5.225
    endloop
  endfacet
  facet normal -0.897103 0 0.441822
    outer loop
      vertex -112.171 0 5.48896
      vertex -112.301 -3 5.225
      vertex -112.171 -3 5.48896
    endloop
  endfacet
  facet normal -0.751936 0 -0.659236
    outer loop
      vertex -112.465 -3 7.71971
      vertex -112.659 0 7.94099
      vertex -112.465 0 7.71971
    endloop
  endfacet
  facet normal -0.751936 -0 -0.659236
    outer loop
      vertex -112.659 0 7.94099
      vertex -112.465 -3 7.71971
      vertex -112.659 -3 7.94099
    endloop
  endfacet
  facet normal -0.195527 0 -0.980698
    outer loop
      vertex -113.956 -3 8.58075
      vertex -113.668 0 8.52333
      vertex -113.668 -3 8.52333
    endloop
  endfacet
  facet normal -0.195527 0 -0.980698
    outer loop
      vertex -113.668 0 8.52333
      vertex -113.956 -3 8.58075
      vertex -113.956 0 8.58075
    endloop
  endfacet
  facet normal -0.947555 0 0.319592
    outer loop
      vertex -112.171 -3 5.48896
      vertex -112.077 0 5.76766
      vertex -112.171 0 5.48896
    endloop
  endfacet
  facet normal -0.947555 0 0.319592
    outer loop
      vertex -112.077 0 5.76766
      vertex -112.171 -3 5.48896
      vertex -112.077 -3 5.76766
    endloop
  endfacet
  facet normal 0.997914 0 -0.0645613
    outer loop
      vertex -123.981 -3 6.64368
      vertex -124 0 6.35
      vertex -123.981 0 6.64368
    endloop
  endfacet
  facet normal 0.997914 0 -0.0645613
    outer loop
      vertex -124 0 6.35
      vertex -123.981 -3 6.64368
      vertex -124 -3 6.35
    endloop
  endfacet
  facet normal 0.980405 0 -0.196991
    outer loop
      vertex -123.923 -3 6.93234
      vertex -123.981 0 6.64368
      vertex -123.923 0 6.93234
    endloop
  endfacet
  facet normal 0.980405 0 -0.196991
    outer loop
      vertex -123.981 0 6.64368
      vertex -123.923 -3 6.93234
      vertex -123.981 -3 6.64368
    endloop
  endfacet
  facet normal 0.321112 0 0.947041
    outer loop
      vertex -122.611 0 4.27127
      vertex -122.332 -3 4.17667
      vertex -122.332 0 4.17667
    endloop
  endfacet
  facet normal 0.321112 0 0.947041
    outer loop
      vertex -122.332 -3 4.17667
      vertex -122.611 0 4.27127
      vertex -122.611 -3 4.27127
    endloop
  endfacet
  facet normal -0.195527 0 0.980698
    outer loop
      vertex -113.956 0 4.11925
      vertex -113.668 -3 4.17667
      vertex -113.668 0 4.17667
    endloop
  endfacet
  facet normal -0.195527 0 0.980698
    outer loop
      vertex -113.668 -3 4.17667
      vertex -113.956 0 4.11925
      vertex -113.956 -3 4.11925
    endloop
  endfacet
  facet normal 0.195527 0 0.980698
    outer loop
      vertex -122.332 0 4.17667
      vertex -122.044 -3 4.11925
      vertex -122.044 0 4.11925
    endloop
  endfacet
  facet normal 0.195527 0 0.980698
    outer loop
      vertex -122.044 -3 4.11925
      vertex -122.332 0 4.17667
      vertex -122.332 -3 4.17667
    endloop
  endfacet
  facet normal 0.8307 0 -0.55672
    outer loop
      vertex -123.535 -3 7.71971
      vertex -123.699 0 7.475
      vertex -123.535 0 7.71971
    endloop
  endfacet
  facet normal 0.8307 0 -0.55672
    outer loop
      vertex -123.699 0 7.475
      vertex -123.535 -3 7.71971
      vertex -123.699 -3 7.475
    endloop
  endfacet
  facet normal -0.442233 0 -0.8969
    outer loop
      vertex -113.389 -3 8.42873
      vertex -113.125 0 8.29856
      vertex -113.125 -3 8.29856
    endloop
  endfacet
  facet normal -0.442233 0 -0.8969
    outer loop
      vertex -113.125 0 8.29856
      vertex -113.389 -3 8.42873
      vertex -113.389 0 8.42873
    endloop
  endfacet
  facet normal -0.980405 0 -0.196991
    outer loop
      vertex -112.019 -3 6.64368
      vertex -112.077 0 6.93234
      vertex -112.019 0 6.64368
    endloop
  endfacet
  facet normal -0.980405 -0 -0.196991
    outer loop
      vertex -112.077 0 6.93234
      vertex -112.019 -3 6.64368
      vertex -112.077 -3 6.93234
    endloop
  endfacet
  facet normal 0.442233 0 0.8969
    outer loop
      vertex -122.875 0 4.40144
      vertex -122.611 -3 4.27127
      vertex -122.611 0 4.27127
    endloop
  endfacet
  facet normal 0.442233 0 0.8969
    outer loop
      vertex -122.611 -3 4.27127
      vertex -122.875 0 4.40144
      vertex -122.875 -3 4.40144
    endloop
  endfacet
  facet normal 0.195527 0 -0.980698
    outer loop
      vertex -122.332 -3 8.52333
      vertex -122.044 0 8.58075
      vertex -122.044 -3 8.58075
    endloop
  endfacet
  facet normal 0.195527 0 -0.980698
    outer loop
      vertex -122.044 0 8.58075
      vertex -122.332 -3 8.52333
      vertex -122.332 0 8.52333
    endloop
  endfacet
  facet normal 0.0653363 0 -0.997863
    outer loop
      vertex -122.044 -3 8.58075
      vertex -121.75 0 8.6
      vertex -121.75 -3 8.6
    endloop
  endfacet
  facet normal 0.0653363 0 -0.997863
    outer loop
      vertex -121.75 0 8.6
      vertex -122.044 -3 8.58075
      vertex -122.044 0 8.58075
    endloop
  endfacet
  facet normal -0 0 1
    outer loop
      vertex -121.75 0 4.1
      vertex -114.25 -3 4.1
      vertex -114.25 0 4.1
    endloop
  endfacet
  facet normal 0 0 1
    outer loop
      vertex -114.25 -3 4.1
      vertex -121.75 0 4.1
      vertex -121.75 -3 4.1
    endloop
  endfacet
  facet normal 0.555139 0 -0.831758
    outer loop
      vertex -123.12 -3 8.13504
      vertex -122.875 0 8.29856
      vertex -122.875 -3 8.29856
    endloop
  endfacet
  facet normal 0.555139 0 -0.831758
    outer loop
      vertex -122.875 0 8.29856
      vertex -123.12 -3 8.13504
      vertex -123.12 0 8.13504
    endloop
  endfacet
  facet normal -0.751936 0 0.659236
    outer loop
      vertex -112.659 -3 4.75901
      vertex -112.465 0 4.98029
      vertex -112.659 0 4.75901
    endloop
  endfacet
  facet normal -0.751936 0 0.659236
    outer loop
      vertex -112.465 0 4.98029
      vertex -112.659 -3 4.75901
      vertex -112.465 -3 4.98029
    endloop
  endfacet
  facet normal 0.442233 0 -0.8969
    outer loop
      vertex -122.875 -3 8.29856
      vertex -122.611 0 8.42873
      vertex -122.611 -3 8.42873
    endloop
  endfacet
  facet normal 0.442233 0 -0.8969
    outer loop
      vertex -122.611 0 8.42873
      vertex -122.875 -3 8.29856
      vertex -122.875 0 8.29856
    endloop
  endfacet
  facet normal 0.947555 -0 0.319592
    outer loop
      vertex -123.923 -3 5.76766
      vertex -123.829 0 5.48896
      vertex -123.923 0 5.76766
    endloop
  endfacet
  facet normal 0.947555 0 0.319592
    outer loop
      vertex -123.829 0 5.48896
      vertex -123.923 -3 5.76766
      vertex -123.829 -3 5.48896
    endloop
  endfacet
  facet normal -0.659804 0 -0.751438
    outer loop
      vertex -112.88 -3 8.13504
      vertex -112.659 0 7.94099
      vertex -112.659 -3 7.94099
    endloop
  endfacet
  facet normal -0.659804 0 -0.751438
    outer loop
      vertex -112.659 0 7.94099
      vertex -112.88 -3 8.13504
      vertex -112.88 0 8.13504
    endloop
  endfacet
  facet normal -0.0653363 0 -0.997863
    outer loop
      vertex -114.25 -3 8.6
      vertex -113.956 0 8.58075
      vertex -113.956 -3 8.58075
    endloop
  endfacet
  facet normal -0.0653363 0 -0.997863
    outer loop
      vertex -113.956 0 8.58075
      vertex -114.25 -3 8.6
      vertex -114.25 0 8.6
    endloop
  endfacet
  facet normal 0.0653363 0 0.997863
    outer loop
      vertex -122.044 0 4.11925
      vertex -121.75 -3 4.1
      vertex -121.75 0 4.1
    endloop
  endfacet
  facet normal 0.0653363 0 0.997863
    outer loop
      vertex -121.75 -3 4.1
      vertex -122.044 0 4.11925
      vertex -122.044 -3 4.11925
    endloop
  endfacet
  facet normal 0.751936 0 -0.659236
    outer loop
      vertex -123.341 -3 7.94099
      vertex -123.535 0 7.71971
      vertex -123.341 0 7.94099
    endloop
  endfacet
  facet normal 0.751936 0 -0.659236
    outer loop
      vertex -123.535 0 7.71971
      vertex -123.341 -3 7.94099
      vertex -123.535 -3 7.71971
    endloop
  endfacet
  facet normal 0.659804 0 -0.751438
    outer loop
      vertex -123.341 -3 7.94099
      vertex -123.12 0 8.13504
      vertex -123.12 -3 8.13504
    endloop
  endfacet
  facet normal 0.659804 0 -0.751438
    outer loop
      vertex -123.12 0 8.13504
      vertex -123.341 -3 7.94099
      vertex -123.341 0 7.94099
    endloop
  endfacet
  facet normal -0.321112 0 0.947041
    outer loop
      vertex -113.668 0 4.17667
      vertex -113.389 -3 4.27127
      vertex -113.389 0 4.27127
    endloop
  endfacet
  facet normal -0.321112 0 0.947041
    outer loop
      vertex -113.389 -3 4.27127
      vertex -113.668 0 4.17667
      vertex -113.668 -3 4.17667
    endloop
  endfacet
  facet normal 0.997914 -0 0.0645613
    outer loop
      vertex -124 -3 6.35
      vertex -123.981 0 6.05632
      vertex -124 0 6.35
    endloop
  endfacet
  facet normal 0.997914 0 0.0645613
    outer loop
      vertex -123.981 0 6.05632
      vertex -124 -3 6.35
      vertex -123.981 -3 6.05632
    endloop
  endfacet
  facet normal 0.980405 -0 0.196991
    outer loop
      vertex -123.981 -3 6.05632
      vertex -123.923 0 5.76766
      vertex -123.981 0 6.05632
    endloop
  endfacet
  facet normal 0.980405 0 0.196991
    outer loop
      vertex -123.923 0 5.76766
      vertex -123.981 -3 6.05632
      vertex -123.923 -3 5.76766
    endloop
  endfacet
  facet normal 0.659823 0 0.751421
    outer loop
      vertex -123.341 0 4.75901
      vertex -123.12 -3 4.56495
      vertex -123.12 0 4.56495
    endloop
  endfacet
  facet normal 0.659823 0 0.751421
    outer loop
      vertex -123.12 -3 4.56495
      vertex -123.341 0 4.75901
      vertex -123.341 -3 4.75901
    endloop
  endfacet
  facet normal 0.555115 0 0.831773
    outer loop
      vertex -123.12 0 4.56495
      vertex -122.875 -3 4.40144
      vertex -122.875 0 4.40144
    endloop
  endfacet
  facet normal 0.555115 0 0.831773
    outer loop
      vertex -122.875 -3 4.40144
      vertex -123.12 0 4.56495
      vertex -123.12 -3 4.56495
    endloop
  endfacet
  facet normal 0.751966 -0 0.659202
    outer loop
      vertex -123.535 -3 81.1803
      vertex -123.341 0 80.959
      vertex -123.535 0 81.1803
    endloop
  endfacet
  facet normal 0.751966 0 0.659202
    outer loop
      vertex -123.341 0 80.959
      vertex -123.535 -3 81.1803
      vertex -123.341 -3 80.959
    endloop
  endfacet
  facet normal -0.980397 0 0.197031
    outer loop
      vertex -112.077 -3 81.9677
      vertex -112.019 0 82.2563
      vertex -112.077 0 81.9677
    endloop
  endfacet
  facet normal -0.980397 0 0.197031
    outer loop
      vertex -112.019 0 82.2563
      vertex -112.077 -3 81.9677
      vertex -112.019 -3 82.2563
    endloop
  endfacet
  facet normal -0.997914 0 -0.0645569
    outer loop
      vertex -112 -3 82.55
      vertex -112.019 0 82.8437
      vertex -112 0 82.55
    endloop
  endfacet
  facet normal -0.997914 -0 -0.0645569
    outer loop
      vertex -112.019 0 82.8437
      vertex -112 -3 82.55
      vertex -112.019 -3 82.8437
    endloop
  endfacet
  facet normal -0.442042 0 0.896995
    outer loop
      vertex -113.389 0 80.4713
      vertex -113.125 -3 80.6014
      vertex -113.125 0 80.6014
    endloop
  endfacet
  facet normal -0.442042 0 0.896995
    outer loop
      vertex -113.125 -3 80.6014
      vertex -113.389 0 80.4713
      vertex -113.389 -3 80.4713
    endloop
  endfacet
  facet normal -0.897129 0 -0.441768
    outer loop
      vertex -112.171 -3 83.411
      vertex -112.301 0 83.675
      vertex -112.171 0 83.411
    endloop
  endfacet
  facet normal -0.897129 -0 -0.441768
    outer loop
      vertex -112.301 0 83.675
      vertex -112.171 -3 83.411
      vertex -112.301 -3 83.675
    endloop
  endfacet
  facet normal -0.83069 0 0.556735
    outer loop
      vertex -112.465 -3 81.1803
      vertex -112.301 0 81.425
      vertex -112.465 0 81.1803
    endloop
  endfacet
  facet normal -0.83069 0 0.556735
    outer loop
      vertex -112.301 0 81.425
      vertex -112.465 -3 81.1803
      vertex -112.301 -3 81.425
    endloop
  endfacet
  facet normal 0.83069 -0 0.556735
    outer loop
      vertex -123.699 -3 81.425
      vertex -123.535 0 81.1803
      vertex -123.699 0 81.425
    endloop
  endfacet
  facet normal 0.83069 0 0.556735
    outer loop
      vertex -123.535 0 81.1803
      vertex -123.699 -3 81.425
      vertex -123.535 -3 81.1803
    endloop
  endfacet
  facet normal -0.947555 0 -0.319592
    outer loop
      vertex -112.077 -3 83.1323
      vertex -112.171 0 83.411
      vertex -112.077 0 83.1323
    endloop
  endfacet
  facet normal -0.947555 -0 -0.319592
    outer loop
      vertex -112.171 0 83.411
      vertex -112.077 -3 83.1323
      vertex -112.171 -3 83.411
    endloop
  endfacet
  facet normal 0 0 -1
    outer loop
      vertex -121.75 -3 84.8
      vertex -114.25 0 84.8
      vertex -114.25 -3 84.8
    endloop
  endfacet
  facet normal -0 0 -1
    outer loop
      vertex -114.25 0 84.8
      vertex -121.75 -3 84.8
      vertex -121.75 0 84.8
    endloop
  endfacet
  facet normal -0.83069 0 -0.556735
    outer loop
      vertex -112.301 -3 83.675
      vertex -112.465 0 83.9197
      vertex -112.301 0 83.675
    endloop
  endfacet
  facet normal -0.83069 -0 -0.556735
    outer loop
      vertex -112.465 0 83.9197
      vertex -112.301 -3 83.675
      vertex -112.465 -3 83.9197
    endloop
  endfacet
  facet normal 0.897129 0 -0.441768
    outer loop
      vertex -123.699 -3 83.675
      vertex -123.829 0 83.411
      vertex -123.699 0 83.675
    endloop
  endfacet
  facet normal 0.897129 0 -0.441768
    outer loop
      vertex -123.829 0 83.411
      vertex -123.699 -3 83.675
      vertex -123.829 -3 83.411
    endloop
  endfacet
  facet normal -0.555327 0 0.831632
    outer loop
      vertex -113.125 0 80.6014
      vertex -112.88 -3 80.765
      vertex -112.88 0 80.765
    endloop
  endfacet
  facet normal -0.555327 0 0.831632
    outer loop
      vertex -112.88 -3 80.765
      vertex -113.125 0 80.6014
      vertex -113.125 -3 80.6014
    endloop
  endfacet
  facet normal 0.897129 -0 0.441768
    outer loop
      vertex -123.829 -3 81.689
      vertex -123.699 0 81.425
      vertex -123.829 0 81.689
    endloop
  endfacet
  facet normal 0.897129 0 0.441768
    outer loop
      vertex -123.699 0 81.425
      vertex -123.829 -3 81.689
      vertex -123.699 -3 81.425
    endloop
  endfacet
  facet normal -0.321112 0 -0.947041
    outer loop
      vertex -113.668 -3 84.7233
      vertex -113.389 0 84.6287
      vertex -113.389 -3 84.6287
    endloop
  endfacet
  facet normal -0.321112 0 -0.947041
    outer loop
      vertex -113.389 0 84.6287
      vertex -113.668 -3 84.7233
      vertex -113.668 0 84.7233
    endloop
  endfacet
  facet normal -0.997914 0 0.0645569
    outer loop
      vertex -112.019 -3 82.2563
      vertex -112 0 82.55
      vertex -112.019 0 82.2563
    endloop
  endfacet
  facet normal -0.997914 0 0.0645569
    outer loop
      vertex -112 0 82.55
      vertex -112.019 -3 82.2563
      vertex -112 -3 82.55
    endloop
  endfacet
  facet normal -0.659708 0 0.751522
    outer loop
      vertex -112.88 0 80.765
      vertex -112.659 -3 80.959
      vertex -112.659 0 80.959
    endloop
  endfacet
  facet normal -0.659708 0 0.751522
    outer loop
      vertex -112.659 -3 80.959
      vertex -112.88 0 80.765
      vertex -112.88 -3 80.765
    endloop
  endfacet
  facet normal -0.0655053 0 0.997852
    outer loop
      vertex -114.25 0 80.3
      vertex -113.956 -3 80.3193
      vertex -113.956 0 80.3193
    endloop
  endfacet
  facet normal -0.0655053 0 0.997852
    outer loop
      vertex -113.956 -3 80.3193
      vertex -114.25 0 80.3
      vertex -114.25 -3 80.3
    endloop
  endfacet
  facet normal 0.321112 0 -0.947041
    outer loop
      vertex -122.611 -3 84.6287
      vertex -122.332 0 84.7233
      vertex -122.332 -3 84.7233
    endloop
  endfacet
  facet normal 0.321112 0 -0.947041
    outer loop
      vertex -122.332 0 84.7233
      vertex -122.611 -3 84.6287
      vertex -122.611 0 84.6287
    endloop
  endfacet
  facet normal 0.947555 0 -0.319592
    outer loop
      vertex -123.829 -3 83.411
      vertex -123.923 0 83.1323
      vertex -123.829 0 83.411
    endloop
  endfacet
  facet normal 0.947555 0 -0.319592
    outer loop
      vertex -123.923 0 83.1323
      vertex -123.829 -3 83.411
      vertex -123.923 -3 83.1323
    endloop
  endfacet
  facet normal -0.555327 0 -0.831632
    outer loop
      vertex -113.125 -3 84.4986
      vertex -112.88 0 84.335
      vertex -112.88 -3 84.335
    endloop
  endfacet
  facet normal -0.555327 0 -0.831632
    outer loop
      vertex -112.88 0 84.335
      vertex -113.125 -3 84.4986
      vertex -113.125 0 84.4986
    endloop
  endfacet
  facet normal -0.897129 0 0.441768
    outer loop
      vertex -112.301 -3 81.425
      vertex -112.171 0 81.689
      vertex -112.301 0 81.425
    endloop
  endfacet
  facet normal -0.897129 0 0.441768
    outer loop
      vertex -112.171 0 81.689
      vertex -112.301 -3 81.425
      vertex -112.171 -3 81.689
    endloop
  endfacet
  facet normal -0.751966 0 -0.659202
    outer loop
      vertex -112.465 -3 83.9197
      vertex -112.659 0 84.141
      vertex -112.465 0 83.9197
    endloop
  endfacet
  facet normal -0.751966 -0 -0.659202
    outer loop
      vertex -112.659 0 84.141
      vertex -112.465 -3 83.9197
      vertex -112.659 -3 84.141
    endloop
  endfacet
  facet normal -0.195461 0 -0.980711
    outer loop
      vertex -113.956 -3 84.7807
      vertex -113.668 0 84.7233
      vertex -113.668 -3 84.7233
    endloop
  endfacet
  facet normal -0.195461 0 -0.980711
    outer loop
      vertex -113.668 0 84.7233
      vertex -113.956 -3 84.7807
      vertex -113.956 0 84.7807
    endloop
  endfacet
  facet normal -0.947555 0 0.319592
    outer loop
      vertex -112.171 -3 81.689
      vertex -112.077 0 81.9677
      vertex -112.171 0 81.689
    endloop
  endfacet
  facet normal -0.947555 0 0.319592
    outer loop
      vertex -112.077 0 81.9677
      vertex -112.171 -3 81.689
      vertex -112.077 -3 81.9677
    endloop
  endfacet
  facet normal 0.997914 0 -0.0645569
    outer loop
      vertex -123.981 -3 82.8437
      vertex -124 0 82.55
      vertex -123.981 0 82.8437
    endloop
  endfacet
  facet normal 0.997914 0 -0.0645569
    outer loop
      vertex -124 0 82.55
      vertex -123.981 -3 82.8437
      vertex -124 -3 82.55
    endloop
  endfacet
  facet normal 0.980397 0 -0.197031
    outer loop
      vertex -123.923 -3 83.1323
      vertex -123.981 0 82.8437
      vertex -123.923 0 83.1323
    endloop
  endfacet
  facet normal 0.980397 0 -0.197031
    outer loop
      vertex -123.981 0 82.8437
      vertex -123.923 -3 83.1323
      vertex -123.981 -3 82.8437
    endloop
  endfacet
  facet normal 0.321112 0 0.947041
    outer loop
      vertex -122.611 0 80.4713
      vertex -122.332 -3 80.3767
      vertex -122.332 0 80.3767
    endloop
  endfacet
  facet normal 0.321112 0 0.947041
    outer loop
      vertex -122.332 -3 80.3767
      vertex -122.611 0 80.4713
      vertex -122.611 -3 80.4713
    endloop
  endfacet
  facet normal -0.195461 0 0.980711
    outer loop
      vertex -113.956 0 80.3193
      vertex -113.668 -3 80.3767
      vertex -113.668 0 80.3767
    endloop
  endfacet
  facet normal -0.195461 0 0.980711
    outer loop
      vertex -113.668 -3 80.3767
      vertex -113.956 0 80.3193
      vertex -113.956 -3 80.3193
    endloop
  endfacet
  facet normal 0.195461 0 0.980711
    outer loop
      vertex -122.332 0 80.3767
      vertex -122.044 -3 80.3193
      vertex -122.044 0 80.3193
    endloop
  endfacet
  facet normal 0.195461 0 0.980711
    outer loop
      vertex -122.044 -3 80.3193
      vertex -122.332 0 80.3767
      vertex -122.332 -3 80.3767
    endloop
  endfacet
  facet normal 0.83069 0 -0.556735
    outer loop
      vertex -123.535 -3 83.9197
      vertex -123.699 0 83.675
      vertex -123.535 0 83.9197
    endloop
  endfacet
  facet normal 0.83069 0 -0.556735
    outer loop
      vertex -123.699 0 83.675
      vertex -123.535 -3 83.9197
      vertex -123.699 -3 83.675
    endloop
  endfacet
  facet normal -0.442042 0 -0.896995
    outer loop
      vertex -113.389 -3 84.6287
      vertex -113.125 0 84.4986
      vertex -113.125 -3 84.4986
    endloop
  endfacet
  facet normal -0.442042 0 -0.896995
    outer loop
      vertex -113.125 0 84.4986
      vertex -113.389 -3 84.6287
      vertex -113.389 0 84.6287
    endloop
  endfacet
  facet normal -0.980397 0 -0.197031
    outer loop
      vertex -112.019 -3 82.8437
      vertex -112.077 0 83.1323
      vertex -112.019 0 82.8437
    endloop
  endfacet
  facet normal -0.980397 -0 -0.197031
    outer loop
      vertex -112.077 0 83.1323
      vertex -112.019 -3 82.8437
      vertex -112.077 -3 83.1323
    endloop
  endfacet
  facet normal 0.442042 0 0.896995
    outer loop
      vertex -122.875 0 80.6014
      vertex -122.611 -3 80.4713
      vertex -122.611 0 80.4713
    endloop
  endfacet
  facet normal 0.442042 0 0.896995
    outer loop
      vertex -122.611 -3 80.4713
      vertex -122.875 0 80.6014
      vertex -122.875 -3 80.6014
    endloop
  endfacet
  facet normal 0.195461 0 -0.980711
    outer loop
      vertex -122.332 -3 84.7233
      vertex -122.044 0 84.7807
      vertex -122.044 -3 84.7807
    endloop
  endfacet
  facet normal 0.195461 0 -0.980711
    outer loop
      vertex -122.044 0 84.7807
      vertex -122.332 -3 84.7233
      vertex -122.332 0 84.7233
    endloop
  endfacet
  facet normal 0.0655053 0 -0.997852
    outer loop
      vertex -122.044 -3 84.7807
      vertex -121.75 0 84.8
      vertex -121.75 -3 84.8
    endloop
  endfacet
  facet normal 0.0655053 0 -0.997852
    outer loop
      vertex -121.75 0 84.8
      vertex -122.044 -3 84.7807
      vertex -122.044 0 84.7807
    endloop
  endfacet
  facet normal -0 0 1
    outer loop
      vertex -121.75 0 80.3
      vertex -114.25 -3 80.3
      vertex -114.25 0 80.3
    endloop
  endfacet
  facet normal 0 0 1
    outer loop
      vertex -114.25 -3 80.3
      vertex -121.75 0 80.3
      vertex -121.75 -3 80.3
    endloop
  endfacet
  facet normal 0.555327 0 -0.831632
    outer loop
      vertex -123.12 -3 84.335
      vertex -122.875 0 84.4986
      vertex -122.875 -3 84.4986
    endloop
  endfacet
  facet normal 0.555327 0 -0.831632
    outer loop
      vertex -122.875 0 84.4986
      vertex -123.12 -3 84.335
      vertex -123.12 0 84.335
    endloop
  endfacet
  facet normal -0.751966 0 0.659202
    outer loop
      vertex -112.659 -3 80.959
      vertex -112.465 0 81.1803
      vertex -112.659 0 80.959
    endloop
  endfacet
  facet normal -0.751966 0 0.659202
    outer loop
      vertex -112.465 0 81.1803
      vertex -112.659 -3 80.959
      vertex -112.465 -3 81.1803
    endloop
  endfacet
  facet normal 0.442042 0 -0.896995
    outer loop
      vertex -122.875 -3 84.4986
      vertex -122.611 0 84.6287
      vertex -122.611 -3 84.6287
    endloop
  endfacet
  facet normal 0.442042 0 -0.896995
    outer loop
      vertex -122.611 0 84.6287
      vertex -122.875 -3 84.4986
      vertex -122.875 0 84.4986
    endloop
  endfacet
  facet normal 0.947555 -0 0.319592
    outer loop
      vertex -123.923 -3 81.9677
      vertex -123.829 0 81.689
      vertex -123.923 0 81.9677
    endloop
  endfacet
  facet normal 0.947555 0 0.319592
    outer loop
      vertex -123.829 0 81.689
      vertex -123.923 -3 81.9677
      vertex -123.829 -3 81.689
    endloop
  endfacet
  facet normal -0.659708 0 -0.751522
    outer loop
      vertex -112.88 -3 84.335
      vertex -112.659 0 84.141
      vertex -112.659 -3 84.141
    endloop
  endfacet
  facet normal -0.659708 0 -0.751522
    outer loop
      vertex -112.659 0 84.141
      vertex -112.88 -3 84.335
      vertex -112.88 0 84.335
    endloop
  endfacet
  facet normal -0.0655053 0 -0.997852
    outer loop
      vertex -114.25 -3 84.8
      vertex -113.956 0 84.7807
      vertex -113.956 -3 84.7807
    endloop
  endfacet
  facet normal -0.0655053 0 -0.997852
    outer loop
      vertex -113.956 0 84.7807
      vertex -114.25 -3 84.8
      vertex -114.25 0 84.8
    endloop
  endfacet
  facet normal 0.0655053 0 0.997852
    outer loop
      vertex -122.044 0 80.3193
      vertex -121.75 -3 80.3
      vertex -121.75 0 80.3
    endloop
  endfacet
  facet normal 0.0655053 0 0.997852
    outer loop
      vertex -121.75 -3 80.3
      vertex -122.044 0 80.3193
      vertex -122.044 -3 80.3193
    endloop
  endfacet
  facet normal 0.751966 0 -0.659202
    outer loop
      vertex -123.341 -3 84.141
      vertex -123.535 0 83.9197
      vertex -123.341 0 84.141
    endloop
  endfacet
  facet normal 0.751966 0 -0.659202
    outer loop
      vertex -123.535 0 83.9197
      vertex -123.341 -3 84.141
      vertex -123.535 -3 83.9197
    endloop
  endfacet
  facet normal 0.659708 0 -0.751522
    outer loop
      vertex -123.341 -3 84.141
      vertex -123.12 0 84.335
      vertex -123.12 -3 84.335
    endloop
  endfacet
  facet normal 0.659708 0 -0.751522
    outer loop
      vertex -123.12 0 84.335
      vertex -123.341 -3 84.141
      vertex -123.341 0 84.141
    endloop
  endfacet
  facet normal -0.321112 0 0.947041
    outer loop
      vertex -113.668 0 80.3767
      vertex -113.389 -3 80.4713
      vertex -113.389 0 80.4713
    endloop
  endfacet
  facet normal -0.321112 0 0.947041
    outer loop
      vertex -113.389 -3 80.4713
      vertex -113.668 0 80.3767
      vertex -113.668 -3 80.3767
    endloop
  endfacet
  facet normal 0.997914 -0 0.0645569
    outer loop
      vertex -124 -3 82.55
      vertex -123.981 0 82.2563
      vertex -124 0 82.55
    endloop
  endfacet
  facet normal 0.997914 0 0.0645569
    outer loop
      vertex -123.981 0 82.2563
      vertex -124 -3 82.55
      vertex -123.981 -3 82.2563
    endloop
  endfacet
  facet normal 0.980397 -0 0.197031
    outer loop
      vertex -123.981 -3 82.2563
      vertex -123.923 0 81.9677
      vertex -123.981 0 82.2563
    endloop
  endfacet
  facet normal 0.980397 0 0.197031
    outer loop
      vertex -123.923 0 81.9677
      vertex -123.981 -3 82.2563
      vertex -123.923 -3 81.9677
    endloop
  endfacet
  facet normal 0.659708 0 0.751522
    outer loop
      vertex -123.341 0 80.959
      vertex -123.12 -3 80.765
      vertex -123.12 0 80.765
    endloop
  endfacet
  facet normal 0.659708 0 0.751522
    outer loop
      vertex -123.12 -3 80.765
      vertex -123.341 0 80.959
      vertex -123.341 -3 80.959
    endloop
  endfacet
  facet normal 0.555327 0 0.831632
    outer loop
      vertex -123.12 0 80.765
      vertex -122.875 -3 80.6014
      vertex -122.875 0 80.6014
    endloop
  endfacet
  facet normal 0.555327 0 0.831632
    outer loop
      vertex -122.875 -3 80.6014
      vertex -123.12 0 80.765
      vertex -123.12 -3 80.765
    endloop
  endfacet
  facet normal 0.751936 -0 0.659236
    outer loop
      vertex 112.465 -3 4.98029
      vertex 112.659 0 4.75901
      vertex 112.465 0 4.98029
    endloop
  endfacet
  facet normal 0.751936 0 0.659236
    outer loop
      vertex 112.659 0 4.75901
      vertex 112.465 -3 4.98029
      vertex 112.659 -3 4.75901
    endloop
  endfacet
  facet normal -0.980405 0 0.196991
    outer loop
      vertex 123.923 -3 5.76766
      vertex 123.981 0 6.05632
      vertex 123.923 0 5.76766
    endloop
  endfacet
  facet normal -0.980405 0 0.196991
    outer loop
      vertex 123.981 0 6.05632
      vertex 123.923 -3 5.76766
      vertex 123.981 -3 6.05632
    endloop
  endfacet
  facet normal -0.997914 0 -0.0645613
    outer loop
      vertex 124 -3 6.35
      vertex 123.981 0 6.64368
      vertex 124 0 6.35
    endloop
  endfacet
  facet normal -0.997914 -0 -0.0645613
    outer loop
      vertex 123.981 0 6.64368
      vertex 124 -3 6.35
      vertex 123.981 -3 6.64368
    endloop
  endfacet
  facet normal -0.442233 0 0.8969
    outer loop
      vertex 122.611 0 4.27127
      vertex 122.875 -3 4.40144
      vertex 122.875 0 4.40144
    endloop
  endfacet
  facet normal -0.442233 0 0.8969
    outer loop
      vertex 122.875 -3 4.40144
      vertex 122.611 0 4.27127
      vertex 122.611 -3 4.27127
    endloop
  endfacet
  facet normal -0.897103 0 -0.441822
    outer loop
      vertex 123.829 -3 7.21104
      vertex 123.699 0 7.475
      vertex 123.829 0 7.21104
    endloop
  endfacet
  facet normal -0.897103 -0 -0.441822
    outer loop
      vertex 123.699 0 7.475
      vertex 123.829 -3 7.21104
      vertex 123.699 -3 7.475
    endloop
  endfacet
  facet normal -0.8307 0 0.55672
    outer loop
      vertex 123.535 -3 4.98029
      vertex 123.699 0 5.225
      vertex 123.535 0 4.98029
    endloop
  endfacet
  facet normal -0.8307 0 0.55672
    outer loop
      vertex 123.699 0 5.225
      vertex 123.535 -3 4.98029
      vertex 123.699 -3 5.225
    endloop
  endfacet
  facet normal 0.8307 -0 0.55672
    outer loop
      vertex 112.301 -3 5.225
      vertex 112.465 0 4.98029
      vertex 112.301 0 5.225
    endloop
  endfacet
  facet normal 0.8307 0 0.55672
    outer loop
      vertex 112.465 0 4.98029
      vertex 112.301 -3 5.225
      vertex 112.465 -3 4.98029
    endloop
  endfacet
  facet normal -0.947555 0 -0.319592
    outer loop
      vertex 123.923 -3 6.93234
      vertex 123.829 0 7.21104
      vertex 123.923 0 6.93234
    endloop
  endfacet
  facet normal -0.947555 -0 -0.319592
    outer loop
      vertex 123.829 0 7.21104
      vertex 123.923 -3 6.93234
      vertex 123.829 -3 7.21104
    endloop
  endfacet
  facet normal 0 0 -1
    outer loop
      vertex 114.25 -3 8.6
      vertex 121.75 0 8.6
      vertex 121.75 -3 8.6
    endloop
  endfacet
  facet normal -0 0 -1
    outer loop
      vertex 121.75 0 8.6
      vertex 114.25 -3 8.6
      vertex 114.25 0 8.6
    endloop
  endfacet
  facet normal -0.8307 0 -0.55672
    outer loop
      vertex 123.699 -3 7.475
      vertex 123.535 0 7.71971
      vertex 123.699 0 7.475
    endloop
  endfacet
  facet normal -0.8307 -0 -0.55672
    outer loop
      vertex 123.535 0 7.71971
      vertex 123.699 -3 7.475
      vertex 123.535 -3 7.71971
    endloop
  endfacet
  facet normal 0.897103 0 -0.441822
    outer loop
      vertex 112.301 -3 7.475
      vertex 112.171 0 7.21104
      vertex 112.301 0 7.475
    endloop
  endfacet
  facet normal 0.897103 0 -0.441822
    outer loop
      vertex 112.171 0 7.21104
      vertex 112.301 -3 7.475
      vertex 112.171 -3 7.21104
    endloop
  endfacet
  facet normal -0.555115 0 0.831773
    outer loop
      vertex 122.875 0 4.40144
      vertex 123.12 -3 4.56495
      vertex 123.12 0 4.56495
    endloop
  endfacet
  facet normal -0.555115 0 0.831773
    outer loop
      vertex 123.12 -3 4.56495
      vertex 122.875 0 4.40144
      vertex 122.875 -3 4.40144
    endloop
  endfacet
  facet normal 0.897103 -0 0.441822
    outer loop
      vertex 112.171 -3 5.48896
      vertex 112.301 0 5.225
      vertex 112.171 0 5.48896
    endloop
  endfacet
  facet normal 0.897103 0 0.441822
    outer loop
      vertex 112.301 0 5.225
      vertex 112.171 -3 5.48896
      vertex 112.301 -3 5.225
    endloop
  endfacet
  facet normal -0.321112 0 -0.947041
    outer loop
      vertex 122.332 -3 8.52333
      vertex 122.611 0 8.42873
      vertex 122.611 -3 8.42873
    endloop
  endfacet
  facet normal -0.321112 0 -0.947041
    outer loop
      vertex 122.611 0 8.42873
      vertex 122.332 -3 8.52333
      vertex 122.332 0 8.52333
    endloop
  endfacet
  facet normal -0.997914 0 0.0645613
    outer loop
      vertex 123.981 -3 6.05632
      vertex 124 0 6.35
      vertex 123.981 0 6.05632
    endloop
  endfacet
  facet normal -0.997914 0 0.0645613
    outer loop
      vertex 124 0 6.35
      vertex 123.981 -3 6.05632
      vertex 124 -3 6.35
    endloop
  endfacet
  facet normal -0.0653363 0 0.997863
    outer loop
      vertex 121.75 0 4.1
      vertex 122.044 -3 4.11925
      vertex 122.044 0 4.11925
    endloop
  endfacet
  facet normal -0.0653363 0 0.997863
    outer loop
      vertex 122.044 -3 4.11925
      vertex 121.75 0 4.1
      vertex 121.75 -3 4.1
    endloop
  endfacet
  facet normal 0.442233 0 -0.8969
    outer loop
      vertex 113.125 -3 8.29856
      vertex 113.389 0 8.42873
      vertex 113.389 -3 8.42873
    endloop
  endfacet
  facet normal 0.442233 0 -0.8969
    outer loop
      vertex 113.389 0 8.42873
      vertex 113.125 -3 8.29856
      vertex 113.125 0 8.29856
    endloop
  endfacet
  facet normal 0.321112 0 -0.947041
    outer loop
      vertex 113.389 -3 8.42873
      vertex 113.668 0 8.52333
      vertex 113.668 -3 8.52333
    endloop
  endfacet
  facet normal 0.321112 0 -0.947041
    outer loop
      vertex 113.668 0 8.52333
      vertex 113.389 -3 8.42873
      vertex 113.389 0 8.42873
    endloop
  endfacet
  facet normal 0.947555 0 -0.319592
    outer loop
      vertex 112.171 -3 7.21104
      vertex 112.077 0 6.93234
      vertex 112.171 0 7.21104
    endloop
  endfacet
  facet normal 0.947555 0 -0.319592
    outer loop
      vertex 112.077 0 6.93234
      vertex 112.171 -3 7.21104
      vertex 112.077 -3 6.93234
    endloop
  endfacet
  facet normal -0.555139 0 -0.831758
    outer loop
      vertex 122.875 -3 8.29856
      vertex 123.12 0 8.13504
      vertex 123.12 -3 8.13504
    endloop
  endfacet
  facet normal -0.555139 0 -0.831758
    outer loop
      vertex 123.12 0 8.13504
      vertex 122.875 -3 8.29856
      vertex 122.875 0 8.29856
    endloop
  endfacet
  facet normal -0.897103 0 0.441822
    outer loop
      vertex 123.699 -3 5.225
      vertex 123.829 0 5.48896
      vertex 123.699 0 5.225
    endloop
  endfacet
  facet normal -0.897103 0 0.441822
    outer loop
      vertex 123.829 0 5.48896
      vertex 123.699 -3 5.225
      vertex 123.829 -3 5.48896
    endloop
  endfacet
  facet normal -0.751936 0 -0.659236
    outer loop
      vertex 123.535 -3 7.71971
      vertex 123.341 0 7.94099
      vertex 123.535 0 7.71971
    endloop
  endfacet
  facet normal -0.751936 -0 -0.659236
    outer loop
      vertex 123.341 0 7.94099
      vertex 123.535 -3 7.71971
      vertex 123.341 -3 7.94099
    endloop
  endfacet
  facet normal -0.195527 0 -0.980698
    outer loop
      vertex 122.044 -3 8.58075
      vertex 122.332 0 8.52333
      vertex 122.332 -3 8.52333
    endloop
  endfacet
  facet normal -0.195527 0 -0.980698
    outer loop
      vertex 122.332 0 8.52333
      vertex 122.044 -3 8.58075
      vertex 122.044 0 8.58075
    endloop
  endfacet
  facet normal -0.947555 0 0.319592
    outer loop
      vertex 123.829 -3 5.48896
      vertex 123.923 0 5.76766
      vertex 123.829 0 5.48896
    endloop
  endfacet
  facet normal -0.947555 0 0.319592
    outer loop
      vertex 123.923 0 5.76766
      vertex 123.829 -3 5.48896
      vertex 123.923 -3 5.76766
    endloop
  endfacet
  facet normal 0.997914 0 -0.0645613
    outer loop
      vertex 112.019 -3 6.64368
      vertex 112 0 6.35
      vertex 112.019 0 6.64368
    endloop
  endfacet
  facet normal 0.997914 0 -0.0645613
    outer loop
      vertex 112 0 6.35
      vertex 112.019 -3 6.64368
      vertex 112 -3 6.35
    endloop
  endfacet
  facet normal 0.980405 0 -0.196991
    outer loop
      vertex 112.077 -3 6.93234
      vertex 112.019 0 6.64368
      vertex 112.077 0 6.93234
    endloop
  endfacet
  facet normal 0.980405 0 -0.196991
    outer loop
      vertex 112.019 0 6.64368
      vertex 112.077 -3 6.93234
      vertex 112.019 -3 6.64368
    endloop
  endfacet
  facet normal 0.321112 0 0.947041
    outer loop
      vertex 113.389 0 4.27127
      vertex 113.668 -3 4.17667
      vertex 113.668 0 4.17667
    endloop
  endfacet
  facet normal 0.321112 0 0.947041
    outer loop
      vertex 113.668 -3 4.17667
      vertex 113.389 0 4.27127
      vertex 113.389 -3 4.27127
    endloop
  endfacet
  facet normal -0.195527 0 0.980698
    outer loop
      vertex 122.044 0 4.11925
      vertex 122.332 -3 4.17667
      vertex 122.332 0 4.17667
    endloop
  endfacet
  facet normal -0.195527 0 0.980698
    outer loop
      vertex 122.332 -3 4.17667
      vertex 122.044 0 4.11925
      vertex 122.044 -3 4.11925
    endloop
  endfacet
  facet normal 0.195527 0 0.980698
    outer loop
      vertex 113.668 0 4.17667
      vertex 113.956 -3 4.11925
      vertex 113.956 0 4.11925
    endloop
  endfacet
  facet normal 0.195527 0 0.980698
    outer loop
      vertex 113.956 -3 4.11925
      vertex 113.668 0 4.17667
      vertex 113.668 -3 4.17667
    endloop
  endfacet
  facet normal 0.8307 0 -0.55672
    outer loop
      vertex 112.465 -3 7.71971
      vertex 112.301 0 7.475
      vertex 112.465 0 7.71971
    endloop
  endfacet
  facet normal 0.8307 0 -0.55672
    outer loop
      vertex 112.301 0 7.475
      vertex 112.465 -3 7.71971
      vertex 112.301 -3 7.475
    endloop
  endfacet
  facet normal -0.442233 0 -0.8969
    outer loop
      vertex 122.611 -3 8.42873
      vertex 122.875 0 8.29856
      vertex 122.875 -3 8.29856
    endloop
  endfacet
  facet normal -0.442233 0 -0.8969
    outer loop
      vertex 122.875 0 8.29856
      vertex 122.611 -3 8.42873
      vertex 122.611 0 8.42873
    endloop
  endfacet
  facet normal -0.980405 0 -0.196991
    outer loop
      vertex 123.981 -3 6.64368
      vertex 123.923 0 6.93234
      vertex 123.981 0 6.64368
    endloop
  endfacet
  facet normal -0.980405 -0 -0.196991
    outer loop
      vertex 123.923 0 6.93234
      vertex 123.981 -3 6.64368
      vertex 123.923 -3 6.93234
    endloop
  endfacet
  facet normal 0.442233 0 0.8969
    outer loop
      vertex 113.125 0 4.40144
      vertex 113.389 -3 4.27127
      vertex 113.389 0 4.27127
    endloop
  endfacet
  facet normal 0.442233 0 0.8969
    outer loop
      vertex 113.389 -3 4.27127
      vertex 113.125 0 4.40144
      vertex 113.125 -3 4.40144
    endloop
  endfacet
  facet normal 0.195527 0 -0.980698
    outer loop
      vertex 113.668 -3 8.52333
      vertex 113.956 0 8.58075
      vertex 113.956 -3 8.58075
    endloop
  endfacet
  facet normal 0.195527 0 -0.980698
    outer loop
      vertex 113.956 0 8.58075
      vertex 113.668 -3 8.52333
      vertex 113.668 0 8.52333
    endloop
  endfacet
  facet normal 0.0653363 0 -0.997863
    outer loop
      vertex 113.956 -3 8.58075
      vertex 114.25 0 8.6
      vertex 114.25 -3 8.6
    endloop
  endfacet
  facet normal 0.0653363 0 -0.997863
    outer loop
      vertex 114.25 0 8.6
      vertex 113.956 -3 8.58075
      vertex 113.956 0 8.58075
    endloop
  endfacet
  facet normal -0 0 1
    outer loop
      vertex 114.25 0 4.1
      vertex 121.75 -3 4.1
      vertex 121.75 0 4.1
    endloop
  endfacet
  facet normal 0 0 1
    outer loop
      vertex 121.75 -3 4.1
      vertex 114.25 0 4.1
      vertex 114.25 -3 4.1
    endloop
  endfacet
  facet normal 0.555139 0 -0.831758
    outer loop
      vertex 112.88 -3 8.13504
      vertex 113.125 0 8.29856
      vertex 113.125 -3 8.29856
    endloop
  endfacet
  facet normal 0.555139 0 -0.831758
    outer loop
      vertex 113.125 0 8.29856
      vertex 112.88 -3 8.13504
      vertex 112.88 0 8.13504
    endloop
  endfacet
  facet normal -0.751936 0 0.659236
    outer loop
      vertex 123.341 -3 4.75901
      vertex 123.535 0 4.98029
      vertex 123.341 0 4.75901
    endloop
  endfacet
  facet normal -0.751936 0 0.659236
    outer loop
      vertex 123.535 0 4.98029
      vertex 123.341 -3 4.75901
      vertex 123.535 -3 4.98029
    endloop
  endfacet
  facet normal 0.947555 -0 0.319592
    outer loop
      vertex 112.077 -3 5.76766
      vertex 112.171 0 5.48896
      vertex 112.077 0 5.76766
    endloop
  endfacet
  facet normal 0.947555 0 0.319592
    outer loop
      vertex 112.171 0 5.48896
      vertex 112.077 -3 5.76766
      vertex 112.171 -3 5.48896
    endloop
  endfacet
  facet normal -0.659823 0 0.751421
    outer loop
      vertex 123.12 0 4.56495
      vertex 123.341 -3 4.75901
      vertex 123.341 0 4.75901
    endloop
  endfacet
  facet normal -0.659823 0 0.751421
    outer loop
      vertex 123.341 -3 4.75901
      vertex 123.12 0 4.56495
      vertex 123.12 -3 4.56495
    endloop
  endfacet
  facet normal -0.659804 0 -0.751438
    outer loop
      vertex 123.12 -3 8.13504
      vertex 123.341 0 7.94099
      vertex 123.341 -3 7.94099
    endloop
  endfacet
  facet normal -0.659804 0 -0.751438
    outer loop
      vertex 123.341 0 7.94099
      vertex 123.12 -3 8.13504
      vertex 123.12 0 8.13504
    endloop
  endfacet
  facet normal -0.0653363 0 -0.997863
    outer loop
      vertex 121.75 -3 8.6
      vertex 122.044 0 8.58075
      vertex 122.044 -3 8.58075
    endloop
  endfacet
  facet normal -0.0653363 0 -0.997863
    outer loop
      vertex 122.044 0 8.58075
      vertex 121.75 -3 8.6
      vertex 121.75 0 8.6
    endloop
  endfacet
  facet normal 0.0653363 0 0.997863
    outer loop
      vertex 113.956 0 4.11925
      vertex 114.25 -3 4.1
      vertex 114.25 0 4.1
    endloop
  endfacet
  facet normal 0.0653363 0 0.997863
    outer loop
      vertex 114.25 -3 4.1
      vertex 113.956 0 4.11925
      vertex 113.956 -3 4.11925
    endloop
  endfacet
  facet normal 0.751936 0 -0.659236
    outer loop
      vertex 112.659 -3 7.94099
      vertex 112.465 0 7.71971
      vertex 112.659 0 7.94099
    endloop
  endfacet
  facet normal 0.751936 0 -0.659236
    outer loop
      vertex 112.465 0 7.71971
      vertex 112.659 -3 7.94099
      vertex 112.465 -3 7.71971
    endloop
  endfacet
  facet normal 0.659804 0 -0.751438
    outer loop
      vertex 112.659 -3 7.94099
      vertex 112.88 0 8.13504
      vertex 112.88 -3 8.13504
    endloop
  endfacet
  facet normal 0.659804 0 -0.751438
    outer loop
      vertex 112.88 0 8.13504
      vertex 112.659 -3 7.94099
      vertex 112.659 0 7.94099
    endloop
  endfacet
  facet normal -0.321112 0 0.947041
    outer loop
      vertex 122.332 0 4.17667
      vertex 122.611 -3 4.27127
      vertex 122.611 0 4.27127
    endloop
  endfacet
  facet normal -0.321112 0 0.947041
    outer loop
      vertex 122.611 -3 4.27127
      vertex 122.332 0 4.17667
      vertex 122.332 -3 4.17667
    endloop
  endfacet
  facet normal 0.997914 -0 0.0645613
    outer loop
      vertex 112 -3 6.35
      vertex 112.019 0 6.05632
      vertex 112 0 6.35
    endloop
  endfacet
  facet normal 0.997914 0 0.0645613
    outer loop
      vertex 112.019 0 6.05632
      vertex 112 -3 6.35
      vertex 112.019 -3 6.05632
    endloop
  endfacet
  facet normal 0.980405 -0 0.196991
    outer loop
      vertex 112.019 -3 6.05632
      vertex 112.077 0 5.76766
      vertex 112.019 0 6.05632
    endloop
  endfacet
  facet normal 0.980405 0 0.196991
    outer loop
      vertex 112.077 0 5.76766
      vertex 112.019 -3 6.05632
      vertex 112.077 -3 5.76766
    endloop
  endfacet
  facet normal 0.659823 0 0.751421
    outer loop
      vertex 112.659 0 4.75901
      vertex 112.88 -3 4.56495
      vertex 112.88 0 4.56495
    endloop
  endfacet
  facet normal 0.659823 0 0.751421
    outer loop
      vertex 112.88 -3 4.56495
      vertex 112.659 0 4.75901
      vertex 112.659 -3 4.75901
    endloop
  endfacet
  facet normal 0.555115 0 0.831773
    outer loop
      vertex 112.88 0 4.56495
      vertex 113.125 -3 4.40144
      vertex 113.125 0 4.40144
    endloop
  endfacet
  facet normal 0.555115 0 0.831773
    outer loop
      vertex 113.125 -3 4.40144
      vertex 112.88 0 4.56495
      vertex 112.88 -3 4.56495
    endloop
  endfacet
  facet normal 0.751966 -0 0.659202
    outer loop
      vertex 112.465 -3 81.1803
      vertex 112.659 0 80.959
      vertex 112.465 0 81.1803
    endloop
  endfacet
  facet normal 0.751966 0 0.659202
    outer loop
      vertex 112.659 0 80.959
      vertex 112.465 -3 81.1803
      vertex 112.659 -3 80.959
    endloop
  endfacet
  facet normal -0.980397 0 0.197031
    outer loop
      vertex 123.923 -3 81.9677
      vertex 123.981 0 82.2563
      vertex 123.923 0 81.9677
    endloop
  endfacet
  facet normal -0.980397 0 0.197031
    outer loop
      vertex 123.981 0 82.2563
      vertex 123.923 -3 81.9677
      vertex 123.981 -3 82.2563
    endloop
  endfacet
  facet normal -0.997914 0 -0.0645569
    outer loop
      vertex 124 -3 82.55
      vertex 123.981 0 82.8437
      vertex 124 0 82.55
    endloop
  endfacet
  facet normal -0.997914 -0 -0.0645569
    outer loop
      vertex 123.981 0 82.8437
      vertex 124 -3 82.55
      vertex 123.981 -3 82.8437
    endloop
  endfacet
  facet normal -0.442042 0 0.896995
    outer loop
      vertex 122.611 0 80.4713
      vertex 122.875 -3 80.6014
      vertex 122.875 0 80.6014
    endloop
  endfacet
  facet normal -0.442042 0 0.896995
    outer loop
      vertex 122.875 -3 80.6014
      vertex 122.611 0 80.4713
      vertex 122.611 -3 80.4713
    endloop
  endfacet
  facet normal -0.897129 0 -0.441768
    outer loop
      vertex 123.829 -3 83.411
      vertex 123.699 0 83.675
      vertex 123.829 0 83.411
    endloop
  endfacet
  facet normal -0.897129 -0 -0.441768
    outer loop
      vertex 123.699 0 83.675
      vertex 123.829 -3 83.411
      vertex 123.699 -3 83.675
    endloop
  endfacet
  facet normal -0.83069 0 0.556735
    outer loop
      vertex 123.535 -3 81.1803
      vertex 123.699 0 81.425
      vertex 123.535 0 81.1803
    endloop
  endfacet
  facet normal -0.83069 0 0.556735
    outer loop
      vertex 123.699 0 81.425
      vertex 123.535 -3 81.1803
      vertex 123.699 -3 81.425
    endloop
  endfacet
  facet normal 0.83069 -0 0.556735
    outer loop
      vertex 112.301 -3 81.425
      vertex 112.465 0 81.1803
      vertex 112.301 0 81.425
    endloop
  endfacet
  facet normal 0.83069 0 0.556735
    outer loop
      vertex 112.465 0 81.1803
      vertex 112.301 -3 81.425
      vertex 112.465 -3 81.1803
    endloop
  endfacet
  facet normal -0.947555 0 -0.319592
    outer loop
      vertex 123.923 -3 83.1323
      vertex 123.829 0 83.411
      vertex 123.923 0 83.1323
    endloop
  endfacet
  facet normal -0.947555 -0 -0.319592
    outer loop
      vertex 123.829 0 83.411
      vertex 123.923 -3 83.1323
      vertex 123.829 -3 83.411
    endloop
  endfacet
  facet normal 0 0 -1
    outer loop
      vertex 114.25 -3 84.8
      vertex 121.75 0 84.8
      vertex 121.75 -3 84.8
    endloop
  endfacet
  facet normal -0 0 -1
    outer loop
      vertex 121.75 0 84.8
      vertex 114.25 -3 84.8
      vertex 114.25 0 84.8
    endloop
  endfacet
  facet normal -0.83069 0 -0.556735
    outer loop
      vertex 123.699 -3 83.675
      vertex 123.535 0 83.9197
      vertex 123.699 0 83.675
    endloop
  endfacet
  facet normal -0.83069 -0 -0.556735
    outer loop
      vertex 123.535 0 83.9197
      vertex 123.699 -3 83.675
      vertex 123.535 -3 83.9197
    endloop
  endfacet
  facet normal 0.897129 0 -0.441768
    outer loop
      vertex 112.301 -3 83.675
      vertex 112.171 0 83.411
      vertex 112.301 0 83.675
    endloop
  endfacet
  facet normal 0.897129 0 -0.441768
    outer loop
      vertex 112.171 0 83.411
      vertex 112.301 -3 83.675
      vertex 112.171 -3 83.411
    endloop
  endfacet
  facet normal -0.555327 0 0.831632
    outer loop
      vertex 122.875 0 80.6014
      vertex 123.12 -3 80.765
      vertex 123.12 0 80.765
    endloop
  endfacet
  facet normal -0.555327 0 0.831632
    outer loop
      vertex 123.12 -3 80.765
      vertex 122.875 0 80.6014
      vertex 122.875 -3 80.6014
    endloop
  endfacet
  facet normal 0.897129 -0 0.441768
    outer loop
      vertex 112.171 -3 81.689
      vertex 112.301 0 81.425
      vertex 112.171 0 81.689
    endloop
  endfacet
  facet normal 0.897129 0 0.441768
    outer loop
      vertex 112.301 0 81.425
      vertex 112.171 -3 81.689
      vertex 112.301 -3 81.425
    endloop
  endfacet
  facet normal -0.321112 0 -0.947041
    outer loop
      vertex 122.332 -3 84.7233
      vertex 122.611 0 84.6287
      vertex 122.611 -3 84.6287
    endloop
  endfacet
  facet normal -0.321112 0 -0.947041
    outer loop
      vertex 122.611 0 84.6287
      vertex 122.332 -3 84.7233
      vertex 122.332 0 84.7233
    endloop
  endfacet
  facet normal -0.997914 0 0.0645569
    outer loop
      vertex 123.981 -3 82.2563
      vertex 124 0 82.55
      vertex 123.981 0 82.2563
    endloop
  endfacet
  facet normal -0.997914 0 0.0645569
    outer loop
      vertex 124 0 82.55
      vertex 123.981 -3 82.2563
      vertex 124 -3 82.55
    endloop
  endfacet
  facet normal -0.659708 0 0.751522
    outer loop
      vertex 123.12 0 80.765
      vertex 123.341 -3 80.959
      vertex 123.341 0 80.959
    endloop
  endfacet
  facet normal -0.659708 0 0.751522
    outer loop
      vertex 123.341 -3 80.959
      vertex 123.12 0 80.765
      vertex 123.12 -3 80.765
    endloop
  endfacet
  facet normal -0.0655053 0 0.997852
    outer loop
      vertex 121.75 0 80.3
      vertex 122.044 -3 80.3193
      vertex 122.044 0 80.3193
    endloop
  endfacet
  facet normal -0.0655053 0 0.997852
    outer loop
      vertex 122.044 -3 80.3193
      vertex 121.75 0 80.3
      vertex 121.75 -3 80.3
    endloop
  endfacet
  facet normal 0.321112 0 -0.947041
    outer loop
      vertex 113.389 -3 84.6287
      vertex 113.668 0 84.7233
      vertex 113.668 -3 84.7233
    endloop
  endfacet
  facet normal 0.321112 0 -0.947041
    outer loop
      vertex 113.668 0 84.7233
      vertex 113.389 -3 84.6287
      vertex 113.389 0 84.6287
    endloop
  endfacet
  facet normal 0.947555 0 -0.319592
    outer loop
      vertex 112.171 -3 83.411
      vertex 112.077 0 83.1323
      vertex 112.171 0 83.411
    endloop
  endfacet
  facet normal 0.947555 0 -0.319592
    outer loop
      vertex 112.077 0 83.1323
      vertex 112.171 -3 83.411
      vertex 112.077 -3 83.1323
    endloop
  endfacet
  facet normal -0.555327 0 -0.831632
    outer loop
      vertex 122.875 -3 84.4986
      vertex 123.12 0 84.335
      vertex 123.12 -3 84.335
    endloop
  endfacet
  facet normal -0.555327 0 -0.831632
    outer loop
      vertex 123.12 0 84.335
      vertex 122.875 -3 84.4986
      vertex 122.875 0 84.4986
    endloop
  endfacet
  facet normal -0.897129 0 0.441768
    outer loop
      vertex 123.699 -3 81.425
      vertex 123.829 0 81.689
      vertex 123.699 0 81.425
    endloop
  endfacet
  facet normal -0.897129 0 0.441768
    outer loop
      vertex 123.829 0 81.689
      vertex 123.699 -3 81.425
      vertex 123.829 -3 81.689
    endloop
  endfacet
  facet normal -0.751966 0 -0.659202
    outer loop
      vertex 123.535 -3 83.9197
      vertex 123.341 0 84.141
      vertex 123.535 0 83.9197
    endloop
  endfacet
  facet normal -0.751966 -0 -0.659202
    outer loop
      vertex 123.341 0 84.141
      vertex 123.535 -3 83.9197
      vertex 123.341 -3 84.141
    endloop
  endfacet
  facet normal -0.195461 0 -0.980711
    outer loop
      vertex 122.044 -3 84.7807
      vertex 122.332 0 84.7233
      vertex 122.332 -3 84.7233
    endloop
  endfacet
  facet normal -0.195461 0 -0.980711
    outer loop
      vertex 122.332 0 84.7233
      vertex 122.044 -3 84.7807
      vertex 122.044 0 84.7807
    endloop
  endfacet
  facet normal -0.947555 0 0.319592
    outer loop
      vertex 123.829 -3 81.689
      vertex 123.923 0 81.9677
      vertex 123.829 0 81.689
    endloop
  endfacet
  facet normal -0.947555 0 0.319592
    outer loop
      vertex 123.923 0 81.9677
      vertex 123.829 -3 81.689
      vertex 123.923 -3 81.9677
    endloop
  endfacet
  facet normal 0.997914 0 -0.0645569
    outer loop
      vertex 112.019 -3 82.8437
      vertex 112 0 82.55
      vertex 112.019 0 82.8437
    endloop
  endfacet
  facet normal 0.997914 0 -0.0645569
    outer loop
      vertex 112 0 82.55
      vertex 112.019 -3 82.8437
      vertex 112 -3 82.55
    endloop
  endfacet
  facet normal 0.980397 0 -0.197031
    outer loop
      vertex 112.077 -3 83.1323
      vertex 112.019 0 82.8437
      vertex 112.077 0 83.1323
    endloop
  endfacet
  facet normal 0.980397 0 -0.197031
    outer loop
      vertex 112.019 0 82.8437
      vertex 112.077 -3 83.1323
      vertex 112.019 -3 82.8437
    endloop
  endfacet
  facet normal 0.321112 0 0.947041
    outer loop
      vertex 113.389 0 80.4713
      vertex 113.668 -3 80.3767
      vertex 113.668 0 80.3767
    endloop
  endfacet
  facet normal 0.321112 0 0.947041
    outer loop
      vertex 113.668 -3 80.3767
      vertex 113.389 0 80.4713
      vertex 113.389 -3 80.4713
    endloop
  endfacet
  facet normal -0.195461 0 0.980711
    outer loop
      vertex 122.044 0 80.3193
      vertex 122.332 -3 80.3767
      vertex 122.332 0 80.3767
    endloop
  endfacet
  facet normal -0.195461 0 0.980711
    outer loop
      vertex 122.332 -3 80.3767
      vertex 122.044 0 80.3193
      vertex 122.044 -3 80.3193
    endloop
  endfacet
  facet normal 0.195461 0 0.980711
    outer loop
      vertex 113.668 0 80.3767
      vertex 113.956 -3 80.3193
      vertex 113.956 0 80.3193
    endloop
  endfacet
  facet normal 0.195461 0 0.980711
    outer loop
      vertex 113.956 -3 80.3193
      vertex 113.668 0 80.3767
      vertex 113.668 -3 80.3767
    endloop
  endfacet
  facet normal 0.83069 0 -0.556735
    outer loop
      vertex 112.465 -3 83.9197
      vertex 112.301 0 83.675
      vertex 112.465 0 83.9197
    endloop
  endfacet
  facet normal 0.83069 0 -0.556735
    outer loop
      vertex 112.301 0 83.675
      vertex 112.465 -3 83.9197
      vertex 112.301 -3 83.675
    endloop
  endfacet
  facet normal -0.442042 0 -0.896995
    outer loop
      vertex 122.611 -3 84.6287
      vertex 122.875 0 84.4986
      vertex 122.875 -3 84.4986
    endloop
  endfacet
  facet normal -0.442042 0 -0.896995
    outer loop
      vertex 122.875 0 84.4986
      vertex 122.611 -3 84.6287
      vertex 122.611 0 84.6287
    endloop
  endfacet
  facet normal -0.980397 0 -0.197031
    outer loop
      vertex 123.981 -3 82.8437
      vertex 123.923 0 83.1323
      vertex 123.981 0 82.8437
    endloop
  endfacet
  facet normal -0.980397 -0 -0.197031
    outer loop
      vertex 123.923 0 83.1323
      vertex 123.981 -3 82.8437
      vertex 123.923 -3 83.1323
    endloop
  endfacet
  facet normal 0.442042 0 0.896995
    outer loop
      vertex 113.125 0 80.6014
      vertex 113.389 -3 80.4713
      vertex 113.389 0 80.4713
    endloop
  endfacet
  facet normal 0.442042 0 0.896995
    outer loop
      vertex 113.389 -3 80.4713
      vertex 113.125 0 80.6014
      vertex 113.125 -3 80.6014
    endloop
  endfacet
  facet normal 0.195461 0 -0.980711
    outer loop
      vertex 113.668 -3 84.7233
      vertex 113.956 0 84.7807
      vertex 113.956 -3 84.7807
    endloop
  endfacet
  facet normal 0.195461 0 -0.980711
    outer loop
      vertex 113.956 0 84.7807
      vertex 113.668 -3 84.7233
      vertex 113.668 0 84.7233
    endloop
  endfacet
  facet normal 0.0655053 0 -0.997852
    outer loop
      vertex 113.956 -3 84.7807
      vertex 114.25 0 84.8
      vertex 114.25 -3 84.8
    endloop
  endfacet
  facet normal 0.0655053 0 -0.997852
    outer loop
      vertex 114.25 0 84.8
      vertex 113.956 -3 84.7807
      vertex 113.956 0 84.7807
    endloop
  endfacet
  facet normal -0 0 1
    outer loop
      vertex 114.25 0 80.3
      vertex 121.75 -3 80.3
      vertex 121.75 0 80.3
    endloop
  endfacet
  facet normal 0 0 1
    outer loop
      vertex 121.75 -3 80.3
      vertex 114.25 0 80.3
      vertex 114.25 -3 80.3
    endloop
  endfacet
  facet normal 0.555327 0 -0.831632
    outer loop
      vertex 112.88 -3 84.335
      vertex 113.125 0 84.4986
      vertex 113.125 -3 84.4986
    endloop
  endfacet
  facet normal 0.555327 0 -0.831632
    outer loop
      vertex 113.125 0 84.4986
      vertex 112.88 -3 84.335
      vertex 112.88 0 84.335
    endloop
  endfacet
  facet normal -0.751966 0 0.659202
    outer loop
      vertex 123.341 -3 80.959
      vertex 123.535 0 81.1803
      vertex 123.341 0 80.959
    endloop
  endfacet
  facet normal -0.751966 0 0.659202
    outer loop
      vertex 123.535 0 81.1803
      vertex 123.341 -3 80.959
      vertex 123.535 -3 81.1803
    endloop
  endfacet
  facet normal 0.442042 0 -0.896995
    outer loop
      vertex 113.125 -3 84.4986
      vertex 113.389 0 84.6287
      vertex 113.389 -3 84.6287
    endloop
  endfacet
  facet normal 0.442042 0 -0.896995
    outer loop
      vertex 113.389 0 84.6287
      vertex 113.125 -3 84.4986
      vertex 113.125 0 84.4986
    endloop
  endfacet
  facet normal 0.947555 -0 0.319592
    outer loop
      vertex 112.077 -3 81.9677
      vertex 112.171 0 81.689
      vertex 112.077 0 81.9677
    endloop
  endfacet
  facet normal 0.947555 0 0.319592
    outer loop
      vertex 112.171 0 81.689
      vertex 112.077 -3 81.9677
      vertex 112.171 -3 81.689
    endloop
  endfacet
  facet normal -0.659708 0 -0.751522
    outer loop
      vertex 123.12 -3 84.335
      vertex 123.341 0 84.141
      vertex 123.341 -3 84.141
    endloop
  endfacet
  facet normal -0.659708 0 -0.751522
    outer loop
      vertex 123.341 0 84.141
      vertex 123.12 -3 84.335
      vertex 123.12 0 84.335
    endloop
  endfacet
  facet normal -0.0655053 0 -0.997852
    outer loop
      vertex 121.75 -3 84.8
      vertex 122.044 0 84.7807
      vertex 122.044 -3 84.7807
    endloop
  endfacet
  facet normal -0.0655053 0 -0.997852
    outer loop
      vertex 122.044 0 84.7807
      vertex 121.75 -3 84.8
      vertex 121.75 0 84.8
    endloop
  endfacet
  facet normal 0.0655053 0 0.997852
    outer loop
      vertex 113.956 0 80.3193
      vertex 114.25 -3 80.3
      vertex 114.25 0 80.3
    endloop
  endfacet
  facet normal 0.0655053 0 0.997852
    outer loop
      vertex 114.25 -3 80.3
      vertex 113.956 0 80.3193
      vertex 113.956 -3 80.3193
    endloop
  endfacet
  facet normal 0.751966 0 -0.659202
    outer loop
      vertex 112.659 -3 84.141
      vertex 112.465 0 83.9197
      vertex 112.659 0 84.141
    endloop
  endfacet
  facet normal 0.751966 0 -0.659202
    outer loop
      vertex 112.465 0 83.9197
      vertex 112.659 -3 84.141
      vertex 112.465 -3 83.9197
    endloop
  endfacet
  facet normal 0.659708 0 -0.751522
    outer loop
      vertex 112.659 -3 84.141
      vertex 112.88 0 84.335
      vertex 112.88 -3 84.335
    endloop
  endfacet
  facet normal 0.659708 0 -0.751522
    outer loop
      vertex 112.88 0 84.335
      vertex 112.659 -3 84.141
      vertex 112.659 0 84.141
    endloop
  endfacet
  facet normal -0.321112 0 0.947041
    outer loop
      vertex 122.332 0 80.3767
      vertex 122.611 -3 80.4713
      vertex 122.611 0 80.4713
    endloop
  endfacet
  facet normal -0.321112 0 0.947041
    outer loop
      vertex 122.611 -3 80.4713
      vertex 122.332 0 80.3767
      vertex 122.332 -3 80.3767
    endloop
  endfacet
  facet normal 0.997914 -0 0.0645569
    outer loop
      vertex 112 -3 82.55
      vertex 112.019 0 82.2563
      vertex 112 0 82.55
    endloop
  endfacet
  facet normal 0.997914 0 0.0645569
    outer loop
      vertex 112.019 0 82.2563
      vertex 112 -3 82.55
      vertex 112.019 -3 82.2563
    endloop
  endfacet
  facet normal 0.980397 -0 0.197031
    outer loop
      vertex 112.019 -3 82.2563
      vertex 112.077 0 81.9677
      vertex 112.019 0 82.2563
    endloop
  endfacet
  facet normal 0.980397 0 0.197031
    outer loop
      vertex 112.077 0 81.9677
      vertex 112.019 -3 82.2563
      vertex 112.077 -3 81.9677
    endloop
  endfacet
  facet normal 0.659708 0 0.751522
    outer loop
      vertex 112.659 0 80.959
      vertex 112.88 -3 80.765
      vertex 112.88 0 80.765
    endloop
  endfacet
  facet normal 0.659708 0 0.751522
    outer loop
      vertex 112.88 -3 80.765
      vertex 112.659 0 80.959
      vertex 112.659 -3 80.959
    endloop
  endfacet
  facet normal 0.555327 0 0.831632
    outer loop
      vertex 112.88 0 80.765
      vertex 113.125 -3 80.6014
      vertex 113.125 0 80.6014
    endloop
  endfacet
  facet normal 0.555327 0 0.831632
    outer loop
      vertex 113.125 -3 80.6014
      vertex 112.88 0 80.765
      vertex 112.88 -3 80.765
    endloop
  endfacet
  facet normal -1 0 0
    outer loop
      vertex -31 -3 48.5
      vertex -31 0 79.9
      vertex -31 0 48.5
    endloop
  endfacet
  facet normal -1 -0 0
    outer loop
      vertex -31 0 79.9
      vertex -31 -3 48.5
      vertex -31 -3 79.9
    endloop
  endfacet
  facet normal 0 0 -1
    outer loop
      vertex -35 -3 79.9
      vertex -31 0 79.9
      vertex -31 -3 79.9
    endloop
  endfacet
  facet normal -0 0 -1
    outer loop
      vertex -31 0 79.9
      vertex -35 -3 79.9
      vertex -35 0 79.9
    endloop
  endfacet
  facet normal -0 0 1
    outer loop
      vertex -35 0 48.5
      vertex -31 -3 48.5
      vertex -31 0 48.5
    endloop
  endfacet
  facet normal 0 0 1
    outer loop
      vertex -31 -3 48.5
      vertex -35 0 48.5
      vertex -35 -3 48.5
    endloop
  endfacet
  facet normal 1 -0 0
    outer loop
      vertex -35 -3 79.9
      vertex -35 0 48.5
      vertex -35 0 79.9
    endloop
  endfacet
  facet normal 1 0 0
    outer loop
      vertex -35 0 48.5
      vertex -35 -3 79.9
      vertex -35 -3 48.5
    endloop
  endfacet
  facet normal -1 0 0
    outer loop
      vertex -20 -3 48.5
      vertex -20 0 79.9
      vertex -20 0 48.5
    endloop
  endfacet
  facet normal -1 -0 0
    outer loop
      vertex -20 0 79.9
      vertex -20 -3 48.5
      vertex -20 -3 79.9
    endloop
  endfacet
  facet normal 0 0 -1
    outer loop
      vertex -24 -3 79.9
      vertex -20 0 79.9
      vertex -20 -3 79.9
    endloop
  endfacet
  facet normal -0 0 -1
    outer loop
      vertex -20 0 79.9
      vertex -24 -3 79.9
      vertex -24 0 79.9
    endloop
  endfacet
  facet normal -0 0 1
    outer loop
      vertex -24 0 48.5
      vertex -20 -3 48.5
      vertex -20 0 48.5
    endloop
  endfacet
  facet normal 0 0 1
    outer loop
      vertex -20 -3 48.5
      vertex -24 0 48.5
      vertex -24 -3 48.5
    endloop
  endfacet
  facet normal 1 -0 0
    outer loop
      vertex -24 -3 79.9
      vertex -24 0 48.5
      vertex -24 0 79.9
    endloop
  endfacet
  facet normal 1 0 0
    outer loop
      vertex -24 0 48.5
      vertex -24 -3 79.9
      vertex -24 -3 48.5
    endloop
  endfacet
  facet normal -1 0 0
    outer loop
      vertex -9 -3 48.5
      vertex -9 0 79.9
      vertex -9 0 48.5
    endloop
  endfacet
  facet normal -1 -0 0
    outer loop
      vertex -9 0 79.9
      vertex -9 -3 48.5
      vertex -9 -3 79.9
    endloop
  endfacet
  facet normal 0 0 -1
    outer loop
      vertex -13 -3 79.9
      vertex -9 0 79.9
      vertex -9 -3 79.9
    endloop
  endfacet
  facet normal -0 0 -1
    outer loop
      vertex -9 0 79.9
      vertex -13 -3 79.9
      vertex -13 0 79.9
    endloop
  endfacet
  facet normal -0 0 1
    outer loop
      vertex -13 0 48.5
      vertex -9 -3 48.5
      vertex -9 0 48.5
    endloop
  endfacet
  facet normal 0 0 1
    outer loop
      vertex -9 -3 48.5
      vertex -13 0 48.5
      vertex -13 -3 48.5
    endloop
  endfacet
  facet normal 1 -0 0
    outer loop
      vertex -13 -3 79.9
      vertex -13 0 48.5
      vertex -13 0 79.9
    endloop
  endfacet
  facet normal 1 0 0
    outer loop
      vertex -13 0 48.5
      vertex -13 -3 79.9
      vertex -13 -3 48.5
    endloop
  endfacet
  facet normal -1 0 0
    outer loop
      vertex 2 -3 48.5
      vertex 2 0 79.9
      vertex 2 0 48.5
    endloop
  endfacet
  facet normal -1 -0 0
    outer loop
      vertex 2 0 79.9
      vertex 2 -3 48.5
      vertex 2 -3 79.9
    endloop
  endfacet
  facet normal 0 0 -1
    outer loop
      vertex -2 -3 79.9
      vertex 2 0 79.9
      vertex 2 -3 79.9
    endloop
  endfacet
  facet normal -0 0 -1
    outer loop
      vertex 2 0 79.9
      vertex -2 -3 79.9
      vertex -2 0 79.9
    endloop
  endfacet
  facet normal -0 0 1
    outer loop
      vertex -2 0 48.5
      vertex 2 -3 48.5
      vertex 2 0 48.5
    endloop
  endfacet
  facet normal 0 0 1
    outer loop
      vertex 2 -3 48.5
      vertex -2 0 48.5
      vertex -2 -3 48.5
    endloop
  endfacet
  facet normal 1 -0 0
    outer loop
      vertex -2 -3 79.9
      vertex -2 0 48.5
      vertex -2 0 79.9
    endloop
  endfacet
  facet normal 1 0 0
    outer loop
      vertex -2 0 48.5
      vertex -2 -3 79.9
      vertex -2 -3 48.5
    endloop
  endfacet
  facet normal -1 0 0
    outer loop
      vertex 13 -3 48.5
      vertex 13 0 79.9
      vertex 13 0 48.5
    endloop
  endfacet
  facet normal -1 -0 0
    outer loop
      vertex 13 0 79.9
      vertex 13 -3 48.5
      vertex 13 -3 79.9
    endloop
  endfacet
  facet normal 0 0 -1
    outer loop
      vertex 9 -3 79.9
      vertex 13 0 79.9
      vertex 13 -3 79.9
    endloop
  endfacet
  facet normal -0 0 -1
    outer loop
      vertex 13 0 79.9
      vertex 9 -3 79.9
      vertex 9 0 79.9
    endloop
  endfacet
  facet normal -0 0 1
    outer loop
      vertex 9 0 48.5
      vertex 13 -3 48.5
      vertex 13 0 48.5
    endloop
  endfacet
  facet normal 0 0 1
    outer loop
      vertex 13 -3 48.5
      vertex 9 0 48.5
      vertex 9 -3 48.5
    endloop
  endfacet
  facet normal 1 -0 0
    outer loop
      vertex 9 -3 79.9
      vertex 9 0 48.5
      vertex 9 0 79.9
    endloop
  endfacet
  facet normal 1 0 0
    outer loop
      vertex 9 0 48.5
      vertex 9 -3 79.9
      vertex 9 -3 48.5
    endloop
  endfacet
  facet normal -1 0 0
    outer loop
      vertex 24 -3 48.5
      vertex 24 0 79.9
      vertex 24 0 48.5
    endloop
  endfacet
  facet normal -1 -0 0
    outer loop
      vertex 24 0 79.9
      vertex 24 -3 48.5
      vertex 24 -3 79.9
    endloop
  endfacet
  facet normal 0 0 -1
    outer loop
      vertex 20 -3 79.9
      vertex 24 0 79.9
      vertex 24 -3 79.9
    endloop
  endfacet
  facet normal -0 0 -1
    outer loop
      vertex 24 0 79.9
      vertex 20 -3 79.9
      vertex 20 0 79.9
    endloop
  endfacet
  facet normal -0 0 1
    outer loop
      vertex 20 0 48.5
      vertex 24 -3 48.5
      vertex 24 0 48.5
    endloop
  endfacet
  facet normal 0 0 1
    outer loop
      vertex 24 -3 48.5
      vertex 20 0 48.5
      vertex 20 -3 48.5
    endloop
  endfacet
  facet normal 1 -0 0
    outer loop
      vertex 20 -3 79.9
      vertex 20 0 48.5
      vertex 20 0 79.9
    endloop
  endfacet
  facet normal 1 0 0
    outer loop
      vertex 20 0 48.5
      vertex 20 -3 79.9
      vertex 20 -3 48.5
    endloop
  endfacet
  facet normal -1 0 0
    outer loop
      vertex 35 -3 48.5
      vertex 35 0 79.9
      vertex 35 0 48.5
    endloop
  endfacet
  facet normal -1 -0 0
    outer loop
      vertex 35 0 79.9
      vertex 35 -3 48.5
      vertex 35 -3 79.9
    endloop
  endfacet
  facet normal 0 0 -1
    outer loop
      vertex 31 -3 79.9
      vertex 35 0 79.9
      vertex 35 -3 79.9
    endloop
  endfacet
  facet normal -0 0 -1
    outer loop
      vertex 35 0 79.9
      vertex 31 -3 79.9
      vertex 31 0 79.9
    endloop
  endfacet
  facet normal -0 0 1
    outer loop
      vertex 31 0 48.5
      vertex 35 -3 48.5
      vertex 35 0 48.5
    endloop
  endfacet
  facet normal 0 0 1
    outer loop
      vertex 35 -3 48.5
      vertex 31 0 48.5
      vertex 31 -3 48.5
    endloop
  endfacet
  facet normal 1 -0 0
    outer loop
      vertex 31 -3 79.9
      vertex 31 0 48.5
      vertex 31 0 79.9
    endloop
  endfacet
  facet normal 1 0 0
    outer loop
      vertex 31 0 48.5
      vertex 31 -3 79.9
      vertex 31 -3 48.5
    endloop
  endfacet
  facet normal 1 -0 0
    outer loop
      vertex 127 -3 88.9
      vertex 127 0 0
      vertex 127 0 88.9
    endloop
  endfacet
  facet normal 1 0 0
    outer loop
      vertex 127 0 0
      vertex 127 -3 88.9
      vertex 127 -3 0
    endloop
  endfacet
  facet normal -0 0 1
    outer loop
      vertex -127 0 88.9
      vertex 127 -3 88.9
      vertex 127 0 88.9
    endloop
  endfacet
  facet normal 0 0 1
    outer loop
      vertex 127 -3 88.9
      vertex -127 0 88.9
      vertex -127 -3 88.9
    endloop
  endfacet
  facet normal 0 0 -1
    outer loop
      vertex 127 -3 0
      vertex 65 0 0
      vertex 127 0 0
    endloop
  endfacet
  facet normal 0 0 -1
    outer loop
      vertex 49 97.58 0
      vertex 65 0 0
      vertex 49 21.42 0
    endloop
  endfacet
  facet normal 0 0 -1
    outer loop
      vertex 65 0 0
      vertex 39 21.42 0
      vertex 49 21.42 0
    endloop
  endfacet
  facet normal 0 0 -1
    outer loop
      vertex 39 21.42 0
      vertex 27 21.42 0
      vertex 39 97.58 0
    endloop
  endfacet
  facet normal 0 0 -1
    outer loop
      vertex 65 0 0
      vertex 27 21.42 0
      vertex 39 21.42 0
    endloop
  endfacet
  facet normal 0 0 -1
    outer loop
      vertex 65 0 0
      vertex 17 21.42 0
      vertex 27 21.42 0
    endloop
  endfacet
  facet normal 0 0 -1
    outer loop
      vertex 17 21.42 0
      vertex 5 21.42 0
      vertex 17 97.58 0
    endloop
  endfacet
  facet normal 0 0 -1
    outer loop
      vertex 65 0 0
      vertex 5 21.42 0
      vertex 17 21.42 0
    endloop
  endfacet
  facet normal 0 0 -1
    outer loop
      vertex 65 0 0
      vertex -5 21.42 0
      vertex 5 21.42 0
    endloop
  endfacet
  facet normal 0 0 -1
    outer loop
      vertex -5 21.42 0
      vertex -17 21.42 0
      vertex -5 97.58 0
    endloop
  endfacet
  facet normal 0 0 -1
    outer loop
      vertex -65 0 0
      vertex -5 21.42 0
      vertex 65 0 0
    endloop
  endfacet
  facet normal -0 0 -1
    outer loop
      vertex -5 21.42 0
      vertex -65 0 0
      vertex -17 21.42 0
    endloop
  endfacet
  facet normal 0 0 -1
    outer loop
      vertex -27 21.42 0
      vertex -39 21.42 0
      vertex -27 97.58 0
    endloop
  endfacet
  facet normal -0 0 -1
    outer loop
      vertex -17 21.42 0
      vertex -65 0 0
      vertex -27 21.42 0
    endloop
  endfacet
  facet normal -0 0 -1
    outer loop
      vertex -27 21.42 0
      vertex -65 0 0
      vertex -39 21.42 0
    endloop
  endfacet
  facet normal -0 0 -1
    outer loop
      vertex -49 21.42 0
      vertex -65 0 0
      vertex -49 97.58 0
    endloop
  endfacet
  facet normal -0 0 -1
    outer loop
      vertex -39 21.42 0
      vertex -65 0 0
      vertex -49 21.42 0
    endloop
  endfacet
  facet normal 0 0 -1
    outer loop
      vertex 127 -3 0
      vertex -65 0 0
      vertex 65 0 0
    endloop
  endfacet
  facet normal 0 0 -1
    outer loop
      vertex -127 -3 0
      vertex -65 0 0
      vertex 127 -3 0
    endloop
  endfacet
  facet normal -0 0 -1
    outer loop
      vertex -65 0 0
      vertex -127 -3 0
      vertex -127 0 0
    endloop
  endfacet
  facet normal 0 0 -1
    outer loop
      vertex 65 0 0
      vertex 49 97.58 0
      vertex 65 122 0
    endloop
  endfacet
  facet normal 0 0 -1
    outer loop
      vertex 39 97.58 0
      vertex 65 122 0
      vertex 49 97.58 0
    endloop
  endfacet
  facet normal 0 0 -1
    outer loop
      vertex 27 97.58 0
      vertex 39 97.58 0
      vertex 27 21.42 0
    endloop
  endfacet
  facet normal 0 0 -1
    outer loop
      vertex 27 97.58 0
      vertex 65 122 0
      vertex 39 97.58 0
    endloop
  endfacet
  facet normal 0 0 -1
    outer loop
      vertex 17 97.58 0
      vertex 65 122 0
      vertex 27 97.58 0
    endloop
  endfacet
  facet normal 0 0 -1
    outer loop
      vertex 5 97.58 0
      vertex 17 97.58 0
      vertex 5 21.42 0
    endloop
  endfacet
  facet normal 0 0 -1
    outer loop
      vertex 5 97.58 0
      vertex 65 122 0
      vertex 17 97.58 0
    endloop
  endfacet
  facet normal 0 0 -1
    outer loop
      vertex -5 97.58 0
      vertex 65 122 0
      vertex 5 97.58 0
    endloop
  endfacet
  facet normal 0 0 -1
    outer loop
      vertex -17 97.58 0
      vertex -5 97.58 0
      vertex -17 21.42 0
    endloop
  endfacet
  facet normal 0 0 -1
    outer loop
      vertex -65 122 0
      vertex -5 97.58 0
      vertex -17 97.58 0
    endloop
  endfacet
  facet normal 0 0 -1
    outer loop
      vertex -65 122 0
      vertex -17 97.58 0
      vertex -27 97.58 0
    endloop
  endfacet
  facet normal 0 0 -1
    outer loop
      vertex -39 97.58 0
      vertex -27 97.58 0
      vertex -39 21.42 0
    endloop
  endfacet
  facet normal 0 0 -1
    outer loop
      vertex -65 122 0
      vertex -27 97.58 0
      vertex -39 97.58 0
    endloop
  endfacet
  facet normal 0 0 -1
    outer loop
      vertex -65 122 0
      vertex -39 97.58 0
      vertex -49 97.58 0
    endloop
  endfacet
  facet normal 0 0 -1
    outer loop
      vertex -5 97.58 0
      vertex -65 122 0
      vertex 65 122 0
    endloop
  endfacet
  facet normal 0 0 -1
    outer loop
      vertex -65 122 0
      vertex -49 97.58 0
      vertex -65 0 0
    endloop
  endfacet
  facet normal -1 0 0
    outer loop
      vertex -127 -3 0
      vertex -127 0 88.9
      vertex -127 0 0
    endloop
  endfacet
  facet normal -1 -0 0
    outer loop
      vertex -127 0 88.9
      vertex -127 -3 0
      vertex -127 -3 88.9
    endloop
  endfacet
  facet normal 0 1 0
    outer loop
      vertex -113.956 0 80.3193
      vertex -113.956 0 8.58075
      vertex -114.25 0 8.6
    endloop
  endfacet
  facet normal 0 1 0
    outer loop
      vertex -113.389 0 80.4713
      vertex -113.668 0 8.52333
      vertex -113.956 0 8.58075
    endloop
  endfacet
  facet normal 0 1 0
    outer loop
      vertex -113.389 0 80.4713
      vertex -113.389 0 8.42873
      vertex -113.668 0 8.52333
    endloop
  endfacet
  facet normal 0 1 0
    outer loop
      vertex -65 0 21.2647
      vertex -113.125 0 8.29856
      vertex -113.389 0 8.42873
    endloop
  endfacet
  facet normal 0 1 0
    outer loop
      vertex -65 0 21.2647
      vertex -112.88 0 8.13504
      vertex -113.125 0 8.29856
    endloop
  endfacet
  facet normal 0 1 0
    outer loop
      vertex -65 0 21.2647
      vertex -112.659 0 7.94099
      vertex -112.88 0 8.13504
    endloop
  endfacet
  facet normal 0 1 0
    outer loop
      vertex -65 0 21.2647
      vertex -112.465 0 7.71971
      vertex -112.659 0 7.94099
    endloop
  endfacet
  facet normal 0 1 0
    outer loop
      vertex -65 0 21.2647
      vertex -112.301 0 7.475
      vertex -112.465 0 7.71971
    endloop
  endfacet
  facet normal 0 1 0
    outer loop
      vertex -65 0 21.2647
      vertex -112.171 0 7.21104
      vertex -112.301 0 7.475
    endloop
  endfacet
  facet normal 0 1 0
    outer loop
      vertex -65 0 21.2647
      vertex -112.077 0 6.93234
      vertex -112.171 0 7.21104
    endloop
  endfacet
  facet normal 0 1 0
    outer loop
      vertex -65 0 21.2647
      vertex -112.019 0 6.64368
      vertex -112.077 0 6.93234
    endloop
  endfacet
  facet normal 0 1 -0
    outer loop
      vertex -65 0 0
      vertex -112.019 0 6.64368
      vertex -65 0 21.2647
    endloop
  endfacet
  facet normal 0 1 0
    outer loop
      vertex -112.019 0 6.64368
      vertex -65 0 0
      vertex -112 0 6.35
    endloop
  endfacet
  facet normal 0 1 0
    outer loop
      vertex -112 0 6.35
      vertex -65 0 0
      vertex -112.019 0 6.05632
    endloop
  endfacet
  facet normal 0 1 0
    outer loop
      vertex -112.019 0 6.05632
      vertex -65 0 0
      vertex -112.077 0 5.76766
    endloop
  endfacet
  facet normal 0 1 0
    outer loop
      vertex -112.077 0 5.76766
      vertex -65 0 0
      vertex -112.171 0 5.48896
    endloop
  endfacet
  facet normal 0 1 0
    outer loop
      vertex -112.171 0 5.48896
      vertex -65 0 0
      vertex -112.301 0 5.225
    endloop
  endfacet
  facet normal 0 1 0
    outer loop
      vertex -112.301 0 5.225
      vertex -65 0 0
      vertex -112.465 0 4.98029
    endloop
  endfacet
  facet normal 0 1 0
    outer loop
      vertex -112.465 0 4.98029
      vertex -65 0 0
      vertex -112.659 0 4.75901
    endloop
  endfacet
  facet normal 0 1 0
    outer loop
      vertex -112.659 0 4.75901
      vertex -65 0 0
      vertex -112.88 0 4.56495
    endloop
  endfacet
  facet normal 0 1 0
    outer loop
      vertex -112.88 0 4.56495
      vertex -65 0 0
      vertex -113.125 0 4.40144
    endloop
  endfacet
  facet normal 0 1 0
    outer loop
      vertex -113.956 0 4.11925
      vertex -127 0 0
      vertex -114.25 0 4.1
    endloop
  endfacet
  facet normal 0 1 0
    outer loop
      vertex -113.668 0 4.17667
      vertex -127 0 0
      vertex -113.956 0 4.11925
    endloop
  endfacet
  facet normal 0 1 0
    outer loop
      vertex -127 0 0
      vertex -113.668 0 4.17667
      vertex -65 0 0
    endloop
  endfacet
  facet normal 0 1 0
    outer loop
      vertex -113.389 0 4.27127
      vertex -65 0 0
      vertex -113.668 0 4.17667
    endloop
  endfacet
  facet normal 0 1 0
    outer loop
      vertex -113.125 0 4.40144
      vertex -65 0 0
      vertex -113.389 0 4.27127
    endloop
  endfacet
  facet normal 0 1 -0
    outer loop
      vertex -56 0 7.5
      vertex -62 0 21.2647
      vertex -56 0 42.5
    endloop
  endfacet
  facet normal 0 1 0
    outer loop
      vertex -56 0 7.5
      vertex -62 0 3.5
      vertex -62 0 21.2647
    endloop
  endfacet
  facet normal 0 1 0
    outer loop
      vertex -62 0 3.5
      vertex -56 0 7.5
      vertex 62 0 3.5
    endloop
  endfacet
  facet normal 0 1 -0
    outer loop
      vertex -24 0 48.5
      vertex -31 0 79.9
      vertex -24 0 79.9
    endloop
  endfacet
  facet normal 0 1 0
    outer loop
      vertex -31 0 79.9
      vertex -24 0 48.5
      vertex -31 0 48.5
    endloop
  endfacet
  facet normal 0 1 -0
    outer loop
      vertex -13 0 48.5
      vertex -20 0 79.9
      vertex -13 0 79.9
    endloop
  endfacet
  facet normal 0 1 0
    outer loop
      vertex -20 0 79.9
      vertex -13 0 48.5
      vertex -20 0 48.5
    endloop
  endfacet
  facet normal 0 1 -0
    outer loop
      vertex -2 0 48.5
      vertex -9 0 79.9
      vertex -2 0 79.9
    endloop
  endfacet
  facet normal 0 1 0
    outer loop
      vertex -9 0 79.9
      vertex -2 0 48.5
      vertex -9 0 48.5
    endloop
  endfacet
  facet normal 0 1 -0
    outer loop
      vertex 9 0 48.5
      vertex 2 0 79.9
      vertex 9 0 79.9
    endloop
  endfacet
  facet normal 0 1 0
    outer loop
      vertex 2 0 79.9
      vertex 9 0 48.5
      vertex 2 0 48.5
    endloop
  endfacet
  facet normal 0 1 -0
    outer loop
      vertex 20 0 48.5
      vertex 13 0 79.9
      vertex 20 0 79.9
    endloop
  endfacet
  facet normal 0 1 0
    outer loop
      vertex 13 0 79.9
      vertex 20 0 48.5
      vertex 13 0 48.5
    endloop
  endfacet
  facet normal 0 1 -0
    outer loop
      vertex 31 0 48.5
      vertex 24 0 79.9
      vertex 31 0 79.9
    endloop
  endfacet
  facet normal 0 1 0
    outer loop
      vertex 24 0 79.9
      vertex 31 0 48.5
      vertex 24 0 48.5
    endloop
  endfacet
  facet normal 0 1 0
    outer loop
      vertex 9 0 79.9
      vertex 127 0 88.9
      vertex 13 0 79.9
    endloop
  endfacet
  facet normal 0 1 0
    outer loop
      vertex -127 0 88.9
      vertex -113.956 0 84.7807
      vertex -114.25 0 84.8
    endloop
  endfacet
  facet normal 0 1 0
    outer loop
      vertex 35 0 79.9
      vertex 113.956 0 84.7807
      vertex 113.668 0 84.7233
    endloop
  endfacet
  facet normal 0 1 0
    outer loop
      vertex 127 0 88.9
      vertex 9 0 79.9
      vertex -127 0 88.9
    endloop
  endfacet
  facet normal 0 1 0
    outer loop
      vertex 35 0 79.9
      vertex 113.668 0 84.7233
      vertex 113.389 0 84.6287
    endloop
  endfacet
  facet normal 0 1 -0
    outer loop
      vertex 2 0 79.9
      vertex -127 0 88.9
      vertex 9 0 79.9
    endloop
  endfacet
  facet normal 0 1 0
    outer loop
      vertex 35 0 79.9
      vertex 113.389 0 84.6287
      vertex 113.125 0 84.4986
    endloop
  endfacet
  facet normal 0 1 -0
    outer loop
      vertex -2 0 79.9
      vertex -127 0 88.9
      vertex 2 0 79.9
    endloop
  endfacet
  facet normal 0 1 0
    outer loop
      vertex 35 0 79.9
      vertex 113.125 0 84.4986
      vertex 112.88 0 84.335
    endloop
  endfacet
  facet normal 0 1 -0
    outer loop
      vertex -9 0 79.9
      vertex -127 0 88.9
      vertex -2 0 79.9
    endloop
  endfacet
  facet normal 0 1 0
    outer loop
      vertex 35 0 79.9
      vertex 112.88 0 84.335
      vertex 112.659 0 84.141
    endloop
  endfacet
  facet normal 0 1 -0
    outer loop
      vertex -13 0 79.9
      vertex -127 0 88.9
      vertex -9 0 79.9
    endloop
  endfacet
  facet normal 0 1 0
    outer loop
      vertex 35 0 79.9
      vertex 112.659 0 84.141
      vertex 112.465 0 83.9197
    endloop
  endfacet
  facet normal 0 1 -0
    outer loop
      vertex -20 0 79.9
      vertex -127 0 88.9
      vertex -13 0 79.9
    endloop
  endfacet
  facet normal 0 1 0
    outer loop
      vertex 35 0 79.9
      vertex 112.465 0 83.9197
      vertex 112.301 0 83.675
    endloop
  endfacet
  facet normal 0 1 -0
    outer loop
      vertex -24 0 79.9
      vertex -127 0 88.9
      vertex -20 0 79.9
    endloop
  endfacet
  facet normal 0 1 0
    outer loop
      vertex 35 0 79.9
      vertex 112.301 0 83.675
      vertex 112.171 0 83.411
    endloop
  endfacet
  facet normal 0 1 -0
    outer loop
      vertex -31 0 79.9
      vertex -127 0 88.9
      vertex -24 0 79.9
    endloop
  endfacet
  facet normal 0 1 0
    outer loop
      vertex 35 0 79.9
      vertex 112.171 0 83.411
      vertex 112.077 0 83.1323
    endloop
  endfacet
  facet normal 0 1 0
    outer loop
      vertex 113.956 0 84.7807
      vertex 20 0 79.9
      vertex 13 0 79.9
    endloop
  endfacet
  facet normal 0 1 0
    outer loop
      vertex 35 0 79.9
      vertex 112.077 0 83.1323
      vertex 112.019 0 82.8437
    endloop
  endfacet
  facet normal 0 1 -0
    outer loop
      vertex -35 0 79.9
      vertex -127 0 88.9
      vertex -31 0 79.9
    endloop
  endfacet
  facet normal 0 1 0
    outer loop
      vertex 35 0 79.9
      vertex 112.019 0 82.8437
      vertex 112 0 82.55
    endloop
  endfacet
  facet normal -0 1 -0
    outer loop
      vertex -113.668 0 84.7233
      vertex -127 0 88.9
      vertex -35 0 79.9
    endloop
  endfacet
  facet normal 0 1 0
    outer loop
      vertex 35 0 79.9
      vertex 112 0 82.55
      vertex 112.019 0 82.2563
    endloop
  endfacet
  facet normal 0 1 0
    outer loop
      vertex 113.956 0 84.7807
      vertex 24 0 79.9
      vertex 20 0 79.9
    endloop
  endfacet
  facet normal 0 1 0
    outer loop
      vertex 56 0 42.5
      vertex 112.019 0 82.2563
      vertex 112.077 0 81.9677
    endloop
  endfacet
  facet normal 0 1 0
    outer loop
      vertex -127 0 88.9
      vertex -113.668 0 84.7233
      vertex -113.956 0 84.7807
    endloop
  endfacet
  facet normal 0 1 0
    outer loop
      vertex 56 0 42.5
      vertex 112.077 0 81.9677
      vertex 112.171 0 81.689
    endloop
  endfacet
  facet normal 0 1 0
    outer loop
      vertex 113.956 0 84.7807
      vertex 31 0 79.9
      vertex 24 0 79.9
    endloop
  endfacet
  facet normal 0 1 0
    outer loop
      vertex 56 0 42.5
      vertex 112.171 0 81.689
      vertex 112.301 0 81.425
    endloop
  endfacet
  facet normal 0 1 0
    outer loop
      vertex 113.956 0 84.7807
      vertex 35 0 79.9
      vertex 31 0 79.9
    endloop
  endfacet
  facet normal 0 1 0
    outer loop
      vertex 56 0 42.5
      vertex 112.301 0 81.425
      vertex 112.465 0 81.1803
    endloop
  endfacet
  facet normal 0 1 0
    outer loop
      vertex -113.668 0 84.7233
      vertex -35 0 79.9
      vertex -113.389 0 84.6287
    endloop
  endfacet
  facet normal 0 1 0
    outer loop
      vertex 56 0 42.5
      vertex 112.465 0 81.1803
      vertex 112.659 0 80.959
    endloop
  endfacet
  facet normal 0 1 0
    outer loop
      vertex -113.389 0 84.6287
      vertex -35 0 79.9
      vertex -113.125 0 84.4986
    endloop
  endfacet
  facet normal 0 1 0
    outer loop
      vertex 56 0 42.5
      vertex 112.659 0 80.959
      vertex 112.88 0 80.765
    endloop
  endfacet
  facet normal 0 1 0
    outer loop
      vertex -113.125 0 84.4986
      vertex -35 0 79.9
      vertex -112.88 0 84.335
    endloop
  endfacet
  facet normal 0 1 0
    outer loop
      vertex 56 0 42.5
      vertex 112.88 0 80.765
      vertex 113.125 0 80.6014
    endloop
  endfacet
  facet normal 0 1 0
    outer loop
      vertex -112.88 0 84.335
      vertex -35 0 79.9
      vertex -112.659 0 84.141
    endloop
  endfacet
  facet normal 0 1 0
    outer loop
      vertex 65 0 21.2647
      vertex 113.125 0 80.6014
      vertex 113.389 0 80.4713
    endloop
  endfacet
  facet normal 0 1 0
    outer loop
      vertex -112.659 0 84.141
      vertex -35 0 79.9
      vertex -112.465 0 83.9197
    endloop
  endfacet
  facet normal 0 1 0
    outer loop
      vertex 113.389 0 8.42873
      vertex 113.389 0 80.4713
      vertex 113.668 0 80.3767
    endloop
  endfacet
  facet normal 0 1 0
    outer loop
      vertex -112.465 0 83.9197
      vertex -35 0 79.9
      vertex -112.301 0 83.675
    endloop
  endfacet
  facet normal 0 1 0
    outer loop
      vertex 113.668 0 8.52333
      vertex 113.668 0 80.3767
      vertex 113.956 0 80.3193
    endloop
  endfacet
  facet normal 0 1 0
    outer loop
      vertex -112.301 0 83.675
      vertex -35 0 79.9
      vertex -112.171 0 83.411
    endloop
  endfacet
  facet normal 0 1 0
    outer loop
      vertex 113.956 0 8.58075
      vertex 113.956 0 80.3193
      vertex 114.25 0 80.3
    endloop
  endfacet
  facet normal 0 1 0
    outer loop
      vertex -112.171 0 83.411
      vertex -35 0 79.9
      vertex -112.077 0 83.1323
    endloop
  endfacet
  facet normal 0 1 0
    outer loop
      vertex 114.25 0 84.8
      vertex 127 0 88.9
      vertex 121.75 0 84.8
    endloop
  endfacet
  facet normal 0 1 0
    outer loop
      vertex 127 0 88.9
      vertex 122.044 0 84.7807
      vertex 121.75 0 84.8
    endloop
  endfacet
  facet normal 0 1 0
    outer loop
      vertex 127 0 88.9
      vertex 122.332 0 84.7233
      vertex 122.044 0 84.7807
    endloop
  endfacet
  facet normal 0 1 0
    outer loop
      vertex 127 0 88.9
      vertex 122.611 0 84.6287
      vertex 122.332 0 84.7233
    endloop
  endfacet
  facet normal 0 1 0
    outer loop
      vertex 127 0 88.9
      vertex 122.875 0 84.4986
      vertex 122.611 0 84.6287
    endloop
  endfacet
  facet normal 0 1 0
    outer loop
      vertex 127 0 88.9
      vertex 123.12 0 84.335
      vertex 122.875 0 84.4986
    endloop
  endfacet
  facet normal 0 1 0
    outer loop
      vertex 127 0 88.9
      vertex 123.341 0 84.141
      vertex 123.12 0 84.335
    endloop
  endfacet
  facet normal 0 1 0
    outer loop
      vertex 127 0 88.9
      vertex 123.535 0 83.9197
      vertex 123.341 0 84.141
    endloop
  endfacet
  facet normal 0 1 0
    outer loop
      vertex 127 0 88.9
      vertex 123.699 0 83.675
      vertex 123.535 0 83.9197
    endloop
  endfacet
  facet normal 0 1 0
    outer loop
      vertex 127 0 88.9
      vertex 123.829 0 83.411
      vertex 123.699 0 83.675
    endloop
  endfacet
  facet normal 0 1 0
    outer loop
      vertex 127 0 88.9
      vertex 123.923 0 83.1323
      vertex 123.829 0 83.411
    endloop
  endfacet
  facet normal 0 1 0
    outer loop
      vertex 127 0 88.9
      vertex 123.981 0 82.8437
      vertex 123.923 0 83.1323
    endloop
  endfacet
  facet normal 0 1 0
    outer loop
      vertex 127 0 88.9
      vertex 124 0 82.55
      vertex 123.981 0 82.8437
    endloop
  endfacet
  facet normal 0 1 0
    outer loop
      vertex 127 0 88.9
      vertex 123.981 0 82.2563
      vertex 124 0 82.55
    endloop
  endfacet
  facet normal 0 1 0
    outer loop
      vertex 127 0 88.9
      vertex 123.923 0 81.9677
      vertex 123.981 0 82.2563
    endloop
  endfacet
  facet normal 0 1 0
    outer loop
      vertex 127 0 88.9
      vertex 123.829 0 81.689
      vertex 123.923 0 81.9677
    endloop
  endfacet
  facet normal 0 1 0
    outer loop
      vertex 114.25 0 8.6
      vertex 114.25 0 80.3
      vertex 121.75 0 80.3
    endloop
  endfacet
  facet normal 0 1 0
    outer loop
      vertex -112.077 0 83.1323
      vertex -35 0 79.9
      vertex -112.019 0 82.8437
    endloop
  endfacet
  facet normal 0 1 0
    outer loop
      vertex -112.019 0 82.8437
      vertex -35 0 79.9
      vertex -112 0 82.55
    endloop
  endfacet
  facet normal 0 1 0
    outer loop
      vertex 112.019 0 82.2563
      vertex 56 0 42.5
      vertex 35 0 79.9
    endloop
  endfacet
  facet normal 0 1 0
    outer loop
      vertex 121.75 0 8.6
      vertex 121.75 0 80.3
      vertex 122.044 0 80.3193
    endloop
  endfacet
  facet normal 0 1 0
    outer loop
      vertex 122.044 0 8.58075
      vertex 122.044 0 80.3193
      vertex 122.332 0 80.3767
    endloop
  endfacet
  facet normal 0 1 0
    outer loop
      vertex 122.332 0 8.52333
      vertex 122.332 0 80.3767
      vertex 122.611 0 80.4713
    endloop
  endfacet
  facet normal 0 1 0
    outer loop
      vertex 56 0 42.5
      vertex 31 0 48.5
      vertex 35 0 48.5
    endloop
  endfacet
  facet normal 0 1 0
    outer loop
      vertex 31 0 48.5
      vertex 56 0 42.5
      vertex 24 0 48.5
    endloop
  endfacet
  facet normal 0 1 0
    outer loop
      vertex 24 0 48.5
      vertex 56 0 42.5
      vertex 20 0 48.5
    endloop
  endfacet
  facet normal 0 1 0
    outer loop
      vertex 20 0 48.5
      vertex 56 0 42.5
      vertex 13 0 48.5
    endloop
  endfacet
  facet normal 0 1 0
    outer loop
      vertex 13 0 48.5
      vertex 56 0 42.5
      vertex 9 0 48.5
    endloop
  endfacet
  facet normal 0 1 0
    outer loop
      vertex 9 0 48.5
      vertex 56 0 42.5
      vertex 2 0 48.5
    endloop
  endfacet
  facet normal 0 1 0
    outer loop
      vertex 2 0 48.5
      vertex 56 0 42.5
      vertex -2 0 48.5
    endloop
  endfacet
  facet normal 0 1 0
    outer loop
      vertex -56 0 42.5
      vertex -2 0 48.5
      vertex 56 0 42.5
    endloop
  endfacet
  facet normal 0 1 0
    outer loop
      vertex -2 0 48.5
      vertex -56 0 42.5
      vertex -9 0 48.5
    endloop
  endfacet
  facet normal 0 1 0
    outer loop
      vertex -9 0 48.5
      vertex -56 0 42.5
      vertex -13 0 48.5
    endloop
  endfacet
  facet normal 0 1 0
    outer loop
      vertex -13 0 48.5
      vertex -56 0 42.5
      vertex -20 0 48.5
    endloop
  endfacet
  facet normal 0 1 0
    outer loop
      vertex -20 0 48.5
      vertex -56 0 42.5
      vertex -24 0 48.5
    endloop
  endfacet
  facet normal 0 1 0
    outer loop
      vertex -24 0 48.5
      vertex -56 0 42.5
      vertex -31 0 48.5
    endloop
  endfacet
  facet normal 0 1 0
    outer loop
      vertex 35 0 79.9
      vertex 56 0 42.5
      vertex 35 0 48.5
    endloop
  endfacet
  facet normal 0 1 0
    outer loop
      vertex 122.611 0 8.42873
      vertex 122.611 0 80.4713
      vertex 122.875 0 80.6014
    endloop
  endfacet
  facet normal 0 1 0
    outer loop
      vertex 113.125 0 80.6014
      vertex 65 0 21.2647
      vertex 56 0 42.5
    endloop
  endfacet
  facet normal 0 1 0
    outer loop
      vertex 122.875 0 8.29856
      vertex 122.875 0 80.6014
      vertex 123.12 0 80.765
    endloop
  endfacet
  facet normal 0 1 0
    outer loop
      vertex 123.12 0 8.13504
      vertex 123.12 0 80.765
      vertex 123.341 0 80.959
    endloop
  endfacet
  facet normal 0 1 0
    outer loop
      vertex 121.75 0 80.3
      vertex 121.75 0 8.6
      vertex 114.25 0 8.6
    endloop
  endfacet
  facet normal 0 1 0
    outer loop
      vertex 123.341 0 7.94099
      vertex 123.341 0 80.959
      vertex 123.535 0 81.1803
    endloop
  endfacet
  facet normal 0 1 0
    outer loop
      vertex 123.535 0 7.71971
      vertex 123.535 0 81.1803
      vertex 123.699 0 81.425
    endloop
  endfacet
  facet normal 0 1 0
    outer loop
      vertex 123.699 0 7.475
      vertex 123.699 0 81.425
      vertex 123.829 0 81.689
    endloop
  endfacet
  facet normal 0 1 0
    outer loop
      vertex 123.829 0 7.21104
      vertex 123.829 0 81.689
      vertex 127 0 88.9
    endloop
  endfacet
  facet normal 0 1 0
    outer loop
      vertex 122.044 0 80.3193
      vertex 122.044 0 8.58075
      vertex 121.75 0 8.6
    endloop
  endfacet
  facet normal 0 1 0
    outer loop
      vertex 122.332 0 80.3767
      vertex 122.332 0 8.52333
      vertex 122.044 0 8.58075
    endloop
  endfacet
  facet normal 0 1 0
    outer loop
      vertex 122.611 0 80.4713
      vertex 122.611 0 8.42873
      vertex 122.332 0 8.52333
    endloop
  endfacet
  facet normal 0 1 0
    outer loop
      vertex 122.875 0 80.6014
      vertex 122.875 0 8.29856
      vertex 122.611 0 8.42873
    endloop
  endfacet
  facet normal 0 1 0
    outer loop
      vertex 123.12 0 80.765
      vertex 123.12 0 8.13504
      vertex 122.875 0 8.29856
    endloop
  endfacet
  facet normal 0 1 0
    outer loop
      vertex 123.341 0 80.959
      vertex 123.341 0 7.94099
      vertex 123.12 0 8.13504
    endloop
  endfacet
  facet normal 0 1 0
    outer loop
      vertex 123.535 0 81.1803
      vertex 123.535 0 7.71971
      vertex 123.341 0 7.94099
    endloop
  endfacet
  facet normal 0 1 0
    outer loop
      vertex 123.699 0 81.425
      vertex 123.699 0 7.475
      vertex 123.535 0 7.71971
    endloop
  endfacet
  facet normal 0 1 0
    outer loop
      vertex 123.829 0 81.689
      vertex 123.829 0 7.21104
      vertex 123.699 0 7.475
    endloop
  endfacet
  facet normal 0 1 -0
    outer loop
      vertex 127 0 0
      vertex 123.829 0 7.21104
      vertex 127 0 88.9
    endloop
  endfacet
  facet normal 0 1 0
    outer loop
      vertex 123.829 0 7.21104
      vertex 127 0 0
      vertex 123.923 0 6.93234
    endloop
  endfacet
  facet normal 0 1 0
    outer loop
      vertex 123.923 0 6.93234
      vertex 127 0 0
      vertex 123.981 0 6.64368
    endloop
  endfacet
  facet normal 0 1 0
    outer loop
      vertex 121.75 0 4.1
      vertex 127 0 0
      vertex 114.25 0 4.1
    endloop
  endfacet
  facet normal 0 1 0
    outer loop
      vertex 122.044 0 4.11925
      vertex 127 0 0
      vertex 121.75 0 4.1
    endloop
  endfacet
  facet normal 0 1 0
    outer loop
      vertex 122.332 0 4.17667
      vertex 127 0 0
      vertex 122.044 0 4.11925
    endloop
  endfacet
  facet normal 0 1 0
    outer loop
      vertex 122.611 0 4.27127
      vertex 127 0 0
      vertex 122.332 0 4.17667
    endloop
  endfacet
  facet normal 0 1 0
    outer loop
      vertex 122.875 0 4.40144
      vertex 127 0 0
      vertex 122.611 0 4.27127
    endloop
  endfacet
  facet normal 0 1 0
    outer loop
      vertex 123.12 0 4.56495
      vertex 127 0 0
      vertex 122.875 0 4.40144
    endloop
  endfacet
  facet normal 0 1 0
    outer loop
      vertex 123.341 0 4.75901
      vertex 127 0 0
      vertex 123.12 0 4.56495
    endloop
  endfacet
  facet normal 0 1 0
    outer loop
      vertex 123.535 0 4.98029
      vertex 127 0 0
      vertex 123.341 0 4.75901
    endloop
  endfacet
  facet normal 0 1 0
    outer loop
      vertex 123.699 0 5.225
      vertex 127 0 0
      vertex 123.535 0 4.98029
    endloop
  endfacet
  facet normal 0 1 0
    outer loop
      vertex 123.829 0 5.48896
      vertex 127 0 0
      vertex 123.699 0 5.225
    endloop
  endfacet
  facet normal 0 1 0
    outer loop
      vertex 123.923 0 5.76766
      vertex 127 0 0
      vertex 123.829 0 5.48896
    endloop
  endfacet
  facet normal 0 1 0
    outer loop
      vertex 123.981 0 6.05632
      vertex 127 0 0
      vertex 123.923 0 5.76766
    endloop
  endfacet
  facet normal 0 1 0
    outer loop
      vertex 124 0 6.35
      vertex 127 0 0
      vertex 123.981 0 6.05632
    endloop
  endfacet
  facet normal 0 1 0
    outer loop
      vertex 123.981 0 6.64368
      vertex 127 0 0
      vertex 124 0 6.35
    endloop
  endfacet
  facet normal 0 1 0
    outer loop
      vertex 113.956 0 84.7807
      vertex 127 0 88.9
      vertex 114.25 0 84.8
    endloop
  endfacet
  facet normal 0 1 0
    outer loop
      vertex 13 0 79.9
      vertex 127 0 88.9
      vertex 113.956 0 84.7807
    endloop
  endfacet
  facet normal 0 1 -0
    outer loop
      vertex -121.75 0 84.8
      vertex -127 0 88.9
      vertex -114.25 0 84.8
    endloop
  endfacet
  facet normal 0 1 -0
    outer loop
      vertex -122.044 0 84.7807
      vertex -127 0 88.9
      vertex -121.75 0 84.8
    endloop
  endfacet
  facet normal 0 1 -0
    outer loop
      vertex -122.332 0 84.7233
      vertex -127 0 88.9
      vertex -122.044 0 84.7807
    endloop
  endfacet
  facet normal 0 1 -0
    outer loop
      vertex -122.611 0 84.6287
      vertex -127 0 88.9
      vertex -122.332 0 84.7233
    endloop
  endfacet
  facet normal 0 1 -0
    outer loop
      vertex -122.875 0 84.4986
      vertex -127 0 88.9
      vertex -122.611 0 84.6287
    endloop
  endfacet
  facet normal 0 1 -0
    outer loop
      vertex -123.12 0 84.335
      vertex -127 0 88.9
      vertex -122.875 0 84.4986
    endloop
  endfacet
  facet normal 0 1 -0
    outer loop
      vertex -123.341 0 84.141
      vertex -127 0 88.9
      vertex -123.12 0 84.335
    endloop
  endfacet
  facet normal 0 1 -0
    outer loop
      vertex -123.535 0 83.9197
      vertex -127 0 88.9
      vertex -123.341 0 84.141
    endloop
  endfacet
  facet normal 0 1 -0
    outer loop
      vertex -123.699 0 83.675
      vertex -127 0 88.9
      vertex -123.535 0 83.9197
    endloop
  endfacet
  facet normal 0 1 -0
    outer loop
      vertex -123.829 0 83.411
      vertex -127 0 88.9
      vertex -123.699 0 83.675
    endloop
  endfacet
  facet normal 0 1 -0
    outer loop
      vertex -123.923 0 83.1323
      vertex -127 0 88.9
      vertex -123.829 0 83.411
    endloop
  endfacet
  facet normal 0 1 -0
    outer loop
      vertex -123.981 0 82.8437
      vertex -127 0 88.9
      vertex -123.923 0 83.1323
    endloop
  endfacet
  facet normal 0 1 -0
    outer loop
      vertex -124 0 82.55
      vertex -127 0 88.9
      vertex -123.981 0 82.8437
    endloop
  endfacet
  facet normal 0 1 0
    outer loop
      vertex -123.981 0 82.2563
      vertex -127 0 88.9
      vertex -124 0 82.55
    endloop
  endfacet
  facet normal 0 1 0
    outer loop
      vertex -123.923 0 81.9677
      vertex -127 0 88.9
      vertex -123.981 0 82.2563
    endloop
  endfacet
  facet normal 0 1 0
    outer loop
      vertex -123.829 0 81.689
      vertex -127 0 88.9
      vertex -123.923 0 81.9677
    endloop
  endfacet
  facet normal 0 1 0
    outer loop
      vertex -112 0 82.55
      vertex -35 0 79.9
      vertex -112.019 0 82.2563
    endloop
  endfacet
  facet normal 0 1 -0
    outer loop
      vertex -56 0 42.5
      vertex -112.019 0 82.2563
      vertex -35 0 79.9
    endloop
  endfacet
  facet normal 0 1 0
    outer loop
      vertex -112.019 0 82.2563
      vertex -56 0 42.5
      vertex -112.077 0 81.9677
    endloop
  endfacet
  facet normal 0 1 0
    outer loop
      vertex -112.077 0 81.9677
      vertex -56 0 42.5
      vertex -112.171 0 81.689
    endloop
  endfacet
  facet normal 0 1 0
    outer loop
      vertex -112.171 0 81.689
      vertex -56 0 42.5
      vertex -112.301 0 81.425
    endloop
  endfacet
  facet normal 0 1 0
    outer loop
      vertex -112.301 0 81.425
      vertex -56 0 42.5
      vertex -112.465 0 81.1803
    endloop
  endfacet
  facet normal 0 1 0
    outer loop
      vertex -112.465 0 81.1803
      vertex -56 0 42.5
      vertex -112.659 0 80.959
    endloop
  endfacet
  facet normal 0 1 0
    outer loop
      vertex -112.659 0 80.959
      vertex -56 0 42.5
      vertex -112.88 0 80.765
    endloop
  endfacet
  facet normal 0 1 0
    outer loop
      vertex -112.88 0 80.765
      vertex -56 0 42.5
      vertex -113.125 0 80.6014
    endloop
  endfacet
  facet normal 0 1 -0
    outer loop
      vertex -65 0 21.2647
      vertex -113.125 0 80.6014
      vertex -56 0 42.5
    endloop
  endfacet
  facet normal 0 1 0
    outer loop
      vertex -113.125 0 80.6014
      vertex -65 0 21.2647
      vertex -113.389 0 80.4713
    endloop
  endfacet
  facet normal 0 1 0
    outer loop
      vertex -113.389 0 8.42873
      vertex -113.389 0 80.4713
      vertex -65 0 21.2647
    endloop
  endfacet
  facet normal 0 1 0
    outer loop
      vertex -113.956 0 8.58075
      vertex -113.668 0 80.3767
      vertex -113.389 0 80.4713
    endloop
  endfacet
  facet normal 0 1 0
    outer loop
      vertex -56 0 42.5
      vertex -35 0 79.9
      vertex -35 0 48.5
    endloop
  endfacet
  facet normal 0 1 0
    outer loop
      vertex -113.956 0 8.58075
      vertex -113.956 0 80.3193
      vertex -113.668 0 80.3767
    endloop
  endfacet
  facet normal 0 1 0
    outer loop
      vertex -113.956 0 80.3193
      vertex -114.25 0 8.6
      vertex -114.25 0 80.3
    endloop
  endfacet
  facet normal 0 1 0
    outer loop
      vertex -114.25 0 80.3
      vertex -114.25 0 8.6
      vertex -121.75 0 80.3
    endloop
  endfacet
  facet normal 0 1 0
    outer loop
      vertex -31 0 48.5
      vertex -56 0 42.5
      vertex -35 0 48.5
    endloop
  endfacet
  facet normal 0 1 0
    outer loop
      vertex -121.75 0 8.6
      vertex -121.75 0 80.3
      vertex -114.25 0 8.6
    endloop
  endfacet
  facet normal 0 1 0
    outer loop
      vertex -121.75 0 80.3
      vertex -121.75 0 8.6
      vertex -122.044 0 80.3193
    endloop
  endfacet
  facet normal 0 1 0
    outer loop
      vertex -65 0 21.2647
      vertex -56 0 42.5
      vertex -62 0 21.2647
    endloop
  endfacet
  facet normal 0 1 0
    outer loop
      vertex -122.044 0 8.58075
      vertex -122.044 0 80.3193
      vertex -121.75 0 8.6
    endloop
  endfacet
  facet normal 0 1 0
    outer loop
      vertex -122.044 0 80.3193
      vertex -122.044 0 8.58075
      vertex -122.332 0 80.3767
    endloop
  endfacet
  facet normal 0 1 0
    outer loop
      vertex -122.332 0 8.52333
      vertex -122.332 0 80.3767
      vertex -122.044 0 8.58075
    endloop
  endfacet
  facet normal 0 1 0
    outer loop
      vertex -122.332 0 80.3767
      vertex -122.332 0 8.52333
      vertex -122.611 0 80.4713
    endloop
  endfacet
  facet normal 0 1 0
    outer loop
      vertex -122.611 0 8.42873
      vertex -122.611 0 80.4713
      vertex -122.332 0 8.52333
    endloop
  endfacet
  facet normal 0 1 0
    outer loop
      vertex -122.611 0 80.4713
      vertex -122.611 0 8.42873
      vertex -122.875 0 80.6014
    endloop
  endfacet
  facet normal 0 1 0
    outer loop
      vertex -122.875 0 8.29856
      vertex -122.875 0 80.6014
      vertex -122.611 0 8.42873
    endloop
  endfacet
  facet normal 0 1 0
    outer loop
      vertex -122.875 0 80.6014
      vertex -122.875 0 8.29856
      vertex -123.12 0 80.765
    endloop
  endfacet
  facet normal 0 1 0
    outer loop
      vertex -123.12 0 8.13504
      vertex -123.12 0 80.765
      vertex -122.875 0 8.29856
    endloop
  endfacet
  facet normal 0 1 0
    outer loop
      vertex -123.12 0 80.765
      vertex -123.12 0 8.13504
      vertex -123.341 0 80.959
    endloop
  endfacet
  facet normal 0 1 0
    outer loop
      vertex -123.341 0 7.94099
      vertex -123.341 0 80.959
      vertex -123.12 0 8.13504
    endloop
  endfacet
  facet normal 0 1 0
    outer loop
      vertex -123.341 0 80.959
      vertex -123.341 0 7.94099
      vertex -123.535 0 81.1803
    endloop
  endfacet
  facet normal 0 1 0
    outer loop
      vertex -123.535 0 7.71971
      vertex -123.535 0 81.1803
      vertex -123.341 0 7.94099
    endloop
  endfacet
  facet normal 0 1 0
    outer loop
      vertex -123.535 0 81.1803
      vertex -123.535 0 7.71971
      vertex -123.699 0 81.425
    endloop
  endfacet
  facet normal 0 1 0
    outer loop
      vertex -123.699 0 7.475
      vertex -123.699 0 81.425
      vertex -123.535 0 7.71971
    endloop
  endfacet
  facet normal 0 1 0
    outer loop
      vertex -123.699 0 81.425
      vertex -123.699 0 7.475
      vertex -123.829 0 81.689
    endloop
  endfacet
  facet normal 0 1 0
    outer loop
      vertex -123.829 0 7.21104
      vertex -123.829 0 81.689
      vertex -123.699 0 7.475
    endloop
  endfacet
  facet normal 0 1 0
    outer loop
      vertex -123.829 0 81.689
      vertex -123.829 0 7.21104
      vertex -127 0 88.9
    endloop
  endfacet
  facet normal 0 1 0
    outer loop
      vertex -127 0 0
      vertex -123.829 0 7.21104
      vertex -123.923 0 6.93234
    endloop
  endfacet
  facet normal 0 1 0
    outer loop
      vertex -127 0 0
      vertex -123.923 0 6.93234
      vertex -123.981 0 6.64368
    endloop
  endfacet
  facet normal 0 1 0
    outer loop
      vertex -127 0 0
      vertex -123.981 0 6.64368
      vertex -124 0 6.35
    endloop
  endfacet
  facet normal 0 1 0
    outer loop
      vertex -114.25 0 4.1
      vertex -127 0 0
      vertex -121.75 0 4.1
    endloop
  endfacet
  facet normal 0 1 0
    outer loop
      vertex -123.829 0 7.21104
      vertex -127 0 0
      vertex -127 0 88.9
    endloop
  endfacet
  facet normal 0 1 0
    outer loop
      vertex -123.981 0 6.05632
      vertex -127 0 0
      vertex -124 0 6.35
    endloop
  endfacet
  facet normal 0 1 0
    outer loop
      vertex -123.923 0 5.76766
      vertex -127 0 0
      vertex -123.981 0 6.05632
    endloop
  endfacet
  facet normal 0 1 0
    outer loop
      vertex -123.829 0 5.48896
      vertex -127 0 0
      vertex -123.923 0 5.76766
    endloop
  endfacet
  facet normal 0 1 0
    outer loop
      vertex -123.699 0 5.225
      vertex -127 0 0
      vertex -123.829 0 5.48896
    endloop
  endfacet
  facet normal 0 1 0
    outer loop
      vertex -123.535 0 4.98029
      vertex -127 0 0
      vertex -123.699 0 5.225
    endloop
  endfacet
  facet normal 0 1 0
    outer loop
      vertex -123.341 0 4.75901
      vertex -127 0 0
      vertex -123.535 0 4.98029
    endloop
  endfacet
  facet normal 0 1 0
    outer loop
      vertex -123.12 0 4.56495
      vertex -127 0 0
      vertex -123.341 0 4.75901
    endloop
  endfacet
  facet normal 0 1 0
    outer loop
      vertex -122.875 0 4.40144
      vertex -127 0 0
      vertex -123.12 0 4.56495
    endloop
  endfacet
  facet normal 0 1 0
    outer loop
      vertex -122.611 0 4.27127
      vertex -127 0 0
      vertex -122.875 0 4.40144
    endloop
  endfacet
  facet normal 0 1 0
    outer loop
      vertex -122.332 0 4.17667
      vertex -127 0 0
      vertex -122.611 0 4.27127
    endloop
  endfacet
  facet normal 0 1 0
    outer loop
      vertex -122.044 0 4.11925
      vertex -127 0 0
      vertex -122.332 0 4.17667
    endloop
  endfacet
  facet normal 0 1 0
    outer loop
      vertex -121.75 0 4.1
      vertex -127 0 0
      vertex -122.044 0 4.11925
    endloop
  endfacet
  facet normal 0 1 -0
    outer loop
      vertex 62 0 21.2647
      vertex 56 0 42.5
      vertex 65 0 21.2647
    endloop
  endfacet
  facet normal 0 1 0
    outer loop
      vertex 62 0 21.2647
      vertex 56 0 7.5
      vertex 56 0 42.5
    endloop
  endfacet
  facet normal 0 1 0
    outer loop
      vertex 56 0 7.5
      vertex 62 0 3.5
      vertex -56 0 7.5
    endloop
  endfacet
  facet normal 0 1 -0
    outer loop
      vertex 62 0 3.5
      vertex 56 0 7.5
      vertex 62 0 21.2647
    endloop
  endfacet
  facet normal 0 1 0
    outer loop
      vertex 114.25 0 80.3
      vertex 114.25 0 8.6
      vertex 113.956 0 8.58075
    endloop
  endfacet
  facet normal 0 1 0
    outer loop
      vertex 113.956 0 80.3193
      vertex 113.956 0 8.58075
      vertex 113.668 0 8.52333
    endloop
  endfacet
  facet normal 0 1 0
    outer loop
      vertex 113.668 0 80.3767
      vertex 113.668 0 8.52333
      vertex 113.389 0 8.42873
    endloop
  endfacet
  facet normal 0 1 0
    outer loop
      vertex 113.389 0 80.4713
      vertex 113.389 0 8.42873
      vertex 65 0 21.2647
    endloop
  endfacet
  facet normal 0 1 -0
    outer loop
      vertex 113.125 0 8.29856
      vertex 65 0 21.2647
      vertex 113.389 0 8.42873
    endloop
  endfacet
  facet normal 0 1 -0
    outer loop
      vertex 112.88 0 8.13504
      vertex 65 0 21.2647
      vertex 113.125 0 8.29856
    endloop
  endfacet
  facet normal 0 1 -0
    outer loop
      vertex 112.659 0 7.94099
      vertex 65 0 21.2647
      vertex 112.88 0 8.13504
    endloop
  endfacet
  facet normal 0 1 -0
    outer loop
      vertex 112.465 0 7.71971
      vertex 65 0 21.2647
      vertex 112.659 0 7.94099
    endloop
  endfacet
  facet normal 0 1 -0
    outer loop
      vertex 112.301 0 7.475
      vertex 65 0 21.2647
      vertex 112.465 0 7.71971
    endloop
  endfacet
  facet normal 0 1 -0
    outer loop
      vertex 112.171 0 7.21104
      vertex 65 0 21.2647
      vertex 112.301 0 7.475
    endloop
  endfacet
  facet normal 0 1 -0
    outer loop
      vertex 112.077 0 6.93234
      vertex 65 0 21.2647
      vertex 112.171 0 7.21104
    endloop
  endfacet
  facet normal 0 1 -0
    outer loop
      vertex 112.019 0 6.64368
      vertex 65 0 21.2647
      vertex 112.077 0 6.93234
    endloop
  endfacet
  facet normal 0 1 0
    outer loop
      vertex 65 0 0
      vertex 112.019 0 6.64368
      vertex 112 0 6.35
    endloop
  endfacet
  facet normal 0 1 0
    outer loop
      vertex 65 0 0
      vertex 112 0 6.35
      vertex 112.019 0 6.05632
    endloop
  endfacet
  facet normal 0 1 0
    outer loop
      vertex 65 0 0
      vertex 112.019 0 6.05632
      vertex 112.077 0 5.76766
    endloop
  endfacet
  facet normal 0 1 0
    outer loop
      vertex 65 0 0
      vertex 112.077 0 5.76766
      vertex 112.171 0 5.48896
    endloop
  endfacet
  facet normal 0 1 0
    outer loop
      vertex 65 0 0
      vertex 112.171 0 5.48896
      vertex 112.301 0 5.225
    endloop
  endfacet
  facet normal 0 1 0
    outer loop
      vertex 65 0 0
      vertex 112.301 0 5.225
      vertex 112.465 0 4.98029
    endloop
  endfacet
  facet normal 0 1 0
    outer loop
      vertex 65 0 0
      vertex 112.465 0 4.98029
      vertex 112.659 0 4.75901
    endloop
  endfacet
  facet normal 0 1 0
    outer loop
      vertex 65 0 0
      vertex 112.659 0 4.75901
      vertex 112.88 0 4.56495
    endloop
  endfacet
  facet normal 0 1 0
    outer loop
      vertex 65 0 0
      vertex 112.88 0 4.56495
      vertex 113.125 0 4.40144
    endloop
  endfacet
  facet normal 0 1 0
    outer loop
      vertex 65 0 0
      vertex 113.125 0 4.40144
      vertex 113.389 0 4.27127
    endloop
  endfacet
  facet normal 0 1 0
    outer loop
      vertex 127 0 0
      vertex 113.956 0 4.11925
      vertex 114.25 0 4.1
    endloop
  endfacet
  facet normal 0 1 0
    outer loop
      vertex 127 0 0
      vertex 113.668 0 4.17667
      vertex 113.956 0 4.11925
    endloop
  endfacet
  facet normal 0 1 0
    outer loop
      vertex 112.019 0 6.64368
      vertex 65 0 0
      vertex 65 0 21.2647
    endloop
  endfacet
  facet normal 0 1 0
    outer loop
      vertex 113.668 0 4.17667
      vertex 65 0 0
      vertex 113.389 0 4.27127
    endloop
  endfacet
  facet normal 0 1 0
    outer loop
      vertex 65 0 0
      vertex 113.668 0 4.17667
      vertex 127 0 0
    endloop
  endfacet
  facet normal 0 -1 0
    outer loop
      vertex 113.956 -3 80.3193
      vertex 113.956 -3 8.58075
      vertex 114.25 -3 8.6
    endloop
  endfacet
  facet normal 0 -1 0
    outer loop
      vertex 113.389 -3 80.4713
      vertex 113.668 -3 8.52333
      vertex 113.956 -3 8.58075
    endloop
  endfacet
  facet normal 0 -1 0
    outer loop
      vertex 113.389 -3 80.4713
      vertex 113.389 -3 8.42873
      vertex 113.668 -3 8.52333
    endloop
  endfacet
  facet normal 0 -1 0
    outer loop
      vertex 56 -3 42.5
      vertex 113.125 -3 8.29856
      vertex 113.389 -3 8.42873
    endloop
  endfacet
  facet normal 0 -1 0
    outer loop
      vertex 56 -3 42.5
      vertex 112.88 -3 8.13504
      vertex 113.125 -3 8.29856
    endloop
  endfacet
  facet normal 0 -1 0
    outer loop
      vertex 56 -3 42.5
      vertex 112.659 -3 7.94099
      vertex 112.88 -3 8.13504
    endloop
  endfacet
  facet normal 0 -1 0
    outer loop
      vertex 56 -3 42.5
      vertex 112.465 -3 7.71971
      vertex 112.659 -3 7.94099
    endloop
  endfacet
  facet normal 0 -1 0
    outer loop
      vertex 112.301 -3 7.475
      vertex 56 -3 42.5
      vertex 56 -3 7.5
    endloop
  endfacet
  facet normal 0 -1 0
    outer loop
      vertex 56 -3 42.5
      vertex 112.301 -3 7.475
      vertex 112.465 -3 7.71971
    endloop
  endfacet
  facet normal 0 -1 0
    outer loop
      vertex -112.077 -3 6.93234
      vertex -56 -3 7.5
      vertex -112.171 -3 7.21104
    endloop
  endfacet
  facet normal 0 -1 0
    outer loop
      vertex -112.019 -3 6.64368
      vertex -56 -3 7.5
      vertex -112.077 -3 6.93234
    endloop
  endfacet
  facet normal 0 -1 0
    outer loop
      vertex 56 -3 7.5
      vertex 112.171 -3 7.21104
      vertex 112.301 -3 7.475
    endloop
  endfacet
  facet normal 0 -1 0
    outer loop
      vertex -112 -3 6.35
      vertex -56 -3 7.5
      vertex -112.019 -3 6.64368
    endloop
  endfacet
  facet normal 0 -1 0
    outer loop
      vertex 56 -3 7.5
      vertex 112.077 -3 6.93234
      vertex 112.171 -3 7.21104
    endloop
  endfacet
  facet normal 0 -1 0
    outer loop
      vertex -112.019 -3 6.05632
      vertex -56 -3 7.5
      vertex -112 -3 6.35
    endloop
  endfacet
  facet normal 0 -1 0
    outer loop
      vertex 56 -3 7.5
      vertex 112.019 -3 6.64368
      vertex 112.077 -3 6.93234
    endloop
  endfacet
  facet normal 0 -1 0
    outer loop
      vertex -112.077 -3 5.76766
      vertex -56 -3 7.5
      vertex -112.019 -3 6.05632
    endloop
  endfacet
  facet normal 0 -1 0
    outer loop
      vertex 56 -3 7.5
      vertex 112 -3 6.35
      vertex 112.019 -3 6.64368
    endloop
  endfacet
  facet normal 0 -1 0
    outer loop
      vertex -112.171 -3 5.48896
      vertex -56 -3 7.5
      vertex -112.077 -3 5.76766
    endloop
  endfacet
  facet normal 0 -1 0
    outer loop
      vertex 56 -3 7.5
      vertex 112.019 -3 6.05632
      vertex 112 -3 6.35
    endloop
  endfacet
  facet normal 0 -1 0
    outer loop
      vertex -112.301 -3 5.225
      vertex -56 -3 7.5
      vertex -112.171 -3 5.48896
    endloop
  endfacet
  facet normal 0 -1 0
    outer loop
      vertex 56 -3 7.5
      vertex 112.077 -3 5.76766
      vertex 112.019 -3 6.05632
    endloop
  endfacet
  facet normal 0 -1 0
    outer loop
      vertex -112.465 -3 4.98029
      vertex -56 -3 7.5
      vertex -112.301 -3 5.225
    endloop
  endfacet
  facet normal 0 -1 0
    outer loop
      vertex 56 -3 7.5
      vertex 112.171 -3 5.48896
      vertex 112.077 -3 5.76766
    endloop
  endfacet
  facet normal 0 -1 0
    outer loop
      vertex -112.659 -3 4.75901
      vertex -56 -3 7.5
      vertex -112.465 -3 4.98029
    endloop
  endfacet
  facet normal 0 -1 0
    outer loop
      vertex 56 -3 7.5
      vertex 112.301 -3 5.225
      vertex 112.171 -3 5.48896
    endloop
  endfacet
  facet normal 0 -1 0
    outer loop
      vertex -112.88 -3 4.56495
      vertex -56 -3 7.5
      vertex -112.659 -3 4.75901
    endloop
  endfacet
  facet normal 0 -1 0
    outer loop
      vertex 56 -3 7.5
      vertex 112.465 -3 4.98029
      vertex 112.301 -3 5.225
    endloop
  endfacet
  facet normal 0 -1 0
    outer loop
      vertex -113.125 -3 4.40144
      vertex -56 -3 7.5
      vertex -112.88 -3 4.56495
    endloop
  endfacet
  facet normal 0 -1 0
    outer loop
      vertex 56 -3 7.5
      vertex 112.659 -3 4.75901
      vertex 112.465 -3 4.98029
    endloop
  endfacet
  facet normal 0 -1 0
    outer loop
      vertex -113.389 -3 4.27127
      vertex -56 -3 7.5
      vertex -113.125 -3 4.40144
    endloop
  endfacet
  facet normal 0 -1 0
    outer loop
      vertex 56 -3 7.5
      vertex 112.88 -3 4.56495
      vertex 112.659 -3 4.75901
    endloop
  endfacet
  facet normal 0 -1 0
    outer loop
      vertex -113.668 -3 4.17667
      vertex -56 -3 7.5
      vertex -113.389 -3 4.27127
    endloop
  endfacet
  facet normal 0 -1 0
    outer loop
      vertex 56 -3 7.5
      vertex 113.125 -3 4.40144
      vertex 112.88 -3 4.56495
    endloop
  endfacet
  facet normal 0 -1 0
    outer loop
      vertex -127 -3 0
      vertex -56 -3 7.5
      vertex -113.668 -3 4.17667
    endloop
  endfacet
  facet normal 0 -1 0
    outer loop
      vertex 56 -3 7.5
      vertex 113.389 -3 4.27127
      vertex 113.125 -3 4.40144
    endloop
  endfacet
  facet normal 0 -1 -0
    outer loop
      vertex -56 -3 7.5
      vertex -127 -3 0
      vertex 56 -3 7.5
    endloop
  endfacet
  facet normal 0 -1 0
    outer loop
      vertex 56 -3 7.5
      vertex 113.668 -3 4.17667
      vertex 113.389 -3 4.27127
    endloop
  endfacet
  facet normal 0 -1 0
    outer loop
      vertex -127 -3 0
      vertex -113.668 -3 4.17667
      vertex -113.956 -3 4.11925
    endloop
  endfacet
  facet normal 0 -1 0
    outer loop
      vertex 127 -3 0
      vertex 56 -3 7.5
      vertex -127 -3 0
    endloop
  endfacet
  facet normal 0 -1 0
    outer loop
      vertex -127 -3 0
      vertex -113.956 -3 4.11925
      vertex -114.25 -3 4.1
    endloop
  endfacet
  facet normal 0 -1 0
    outer loop
      vertex 56 -3 7.5
      vertex 127 -3 0
      vertex 113.668 -3 4.17667
    endloop
  endfacet
  facet normal 0 -1 0
    outer loop
      vertex 24 -3 48.5
      vertex 31 -3 79.9
      vertex 24 -3 79.9
    endloop
  endfacet
  facet normal 0 -1 -0
    outer loop
      vertex 31 -3 79.9
      vertex 24 -3 48.5
      vertex 31 -3 48.5
    endloop
  endfacet
  facet normal 0 -1 0
    outer loop
      vertex 13 -3 48.5
      vertex 20 -3 79.9
      vertex 13 -3 79.9
    endloop
  endfacet
  facet normal 0 -1 -0
    outer loop
      vertex 20 -3 79.9
      vertex 13 -3 48.5
      vertex 20 -3 48.5
    endloop
  endfacet
  facet normal 0 -1 0
    outer loop
      vertex 2 -3 48.5
      vertex 9 -3 79.9
      vertex 2 -3 79.9
    endloop
  endfacet
  facet normal 0 -1 -0
    outer loop
      vertex 9 -3 79.9
      vertex 2 -3 48.5
      vertex 9 -3 48.5
    endloop
  endfacet
  facet normal 0 -1 0
    outer loop
      vertex -9 -3 48.5
      vertex -2 -3 79.9
      vertex -9 -3 79.9
    endloop
  endfacet
  facet normal 0 -1 -0
    outer loop
      vertex -2 -3 79.9
      vertex -9 -3 48.5
      vertex -2 -3 48.5
    endloop
  endfacet
  facet normal 0 -1 0
    outer loop
      vertex -20 -3 48.5
      vertex -13 -3 79.9
      vertex -20 -3 79.9
    endloop
  endfacet
  facet normal 0 -1 -0
    outer loop
      vertex -13 -3 79.9
      vertex -20 -3 48.5
      vertex -13 -3 48.5
    endloop
  endfacet
  facet normal 0 -1 0
    outer loop
      vertex -31 -3 48.5
      vertex -24 -3 79.9
      vertex -31 -3 79.9
    endloop
  endfacet
  facet normal 0 -1 -0
    outer loop
      vertex -24 -3 79.9
      vertex -31 -3 48.5
      vertex -24 -3 48.5
    endloop
  endfacet
  facet normal 0 -1 0
    outer loop
      vertex -9 -3 79.9
      vertex -127 -3 88.9
      vertex -13 -3 79.9
    endloop
  endfacet
  facet normal 0 -1 0
    outer loop
      vertex 127 -3 88.9
      vertex 113.956 -3 84.7807
      vertex 114.25 -3 84.8
    endloop
  endfacet
  facet normal 0 -1 0
    outer loop
      vertex -35 -3 79.9
      vertex -113.956 -3 84.7807
      vertex -113.668 -3 84.7233
    endloop
  endfacet
  facet normal 0 -1 0
    outer loop
      vertex -127 -3 88.9
      vertex -9 -3 79.9
      vertex 127 -3 88.9
    endloop
  endfacet
  facet normal 0 -1 0
    outer loop
      vertex -35 -3 79.9
      vertex -113.668 -3 84.7233
      vertex -113.389 -3 84.6287
    endloop
  endfacet
  facet normal 0 -1 0
    outer loop
      vertex -2 -3 79.9
      vertex 127 -3 88.9
      vertex -9 -3 79.9
    endloop
  endfacet
  facet normal 0 -1 0
    outer loop
      vertex -35 -3 79.9
      vertex -113.389 -3 84.6287
      vertex -113.125 -3 84.4986
    endloop
  endfacet
  facet normal 0 -1 0
    outer loop
      vertex 2 -3 79.9
      vertex 127 -3 88.9
      vertex -2 -3 79.9
    endloop
  endfacet
  facet normal 0 -1 0
    outer loop
      vertex -35 -3 79.9
      vertex -113.125 -3 84.4986
      vertex -112.88 -3 84.335
    endloop
  endfacet
  facet normal 0 -1 0
    outer loop
      vertex 9 -3 79.9
      vertex 127 -3 88.9
      vertex 2 -3 79.9
    endloop
  endfacet
  facet normal 0 -1 0
    outer loop
      vertex -35 -3 79.9
      vertex -112.88 -3 84.335
      vertex -112.659 -3 84.141
    endloop
  endfacet
  facet normal 0 -1 0
    outer loop
      vertex 13 -3 79.9
      vertex 127 -3 88.9
      vertex 9 -3 79.9
    endloop
  endfacet
  facet normal 0 -1 0
    outer loop
      vertex -35 -3 79.9
      vertex -112.659 -3 84.141
      vertex -112.465 -3 83.9197
    endloop
  endfacet
  facet normal 0 -1 0
    outer loop
      vertex 20 -3 79.9
      vertex 127 -3 88.9
      vertex 13 -3 79.9
    endloop
  endfacet
  facet normal 0 -1 0
    outer loop
      vertex -35 -3 79.9
      vertex -112.465 -3 83.9197
      vertex -112.301 -3 83.675
    endloop
  endfacet
  facet normal 0 -1 0
    outer loop
      vertex 24 -3 79.9
      vertex 127 -3 88.9
      vertex 20 -3 79.9
    endloop
  endfacet
  facet normal 0 -1 0
    outer loop
      vertex -35 -3 79.9
      vertex -112.301 -3 83.675
      vertex -112.171 -3 83.411
    endloop
  endfacet
  facet normal 0 -1 0
    outer loop
      vertex 31 -3 79.9
      vertex 127 -3 88.9
      vertex 24 -3 79.9
    endloop
  endfacet
  facet normal 0 -1 0
    outer loop
      vertex -35 -3 79.9
      vertex -112.171 -3 83.411
      vertex -112.077 -3 83.1323
    endloop
  endfacet
  facet normal 0 -1 0
    outer loop
      vertex -113.956 -3 84.7807
      vertex -20 -3 79.9
      vertex -13 -3 79.9
    endloop
  endfacet
  facet normal 0 -1 0
    outer loop
      vertex -35 -3 79.9
      vertex -112.077 -3 83.1323
      vertex -112.019 -3 82.8437
    endloop
  endfacet
  facet normal 0 -1 0
    outer loop
      vertex 35 -3 79.9
      vertex 127 -3 88.9
      vertex 31 -3 79.9
    endloop
  endfacet
  facet normal 0 -1 0
    outer loop
      vertex -35 -3 79.9
      vertex -112.019 -3 82.8437
      vertex -112 -3 82.55
    endloop
  endfacet
  facet normal -0 -1 0
    outer loop
      vertex 113.668 -3 84.7233
      vertex 127 -3 88.9
      vertex 35 -3 79.9
    endloop
  endfacet
  facet normal 0 -1 0
    outer loop
      vertex -35 -3 79.9
      vertex -112 -3 82.55
      vertex -112.019 -3 82.2563
    endloop
  endfacet
  facet normal 0 -1 0
    outer loop
      vertex -113.956 -3 84.7807
      vertex -24 -3 79.9
      vertex -20 -3 79.9
    endloop
  endfacet
  facet normal 0 -1 0
    outer loop
      vertex -56 -3 42.5
      vertex -112.019 -3 82.2563
      vertex -112.077 -3 81.9677
    endloop
  endfacet
  facet normal 0 -1 0
    outer loop
      vertex 127 -3 88.9
      vertex 113.668 -3 84.7233
      vertex 113.956 -3 84.7807
    endloop
  endfacet
  facet normal 0 -1 0
    outer loop
      vertex -56 -3 42.5
      vertex -112.077 -3 81.9677
      vertex -112.171 -3 81.689
    endloop
  endfacet
  facet normal 0 -1 0
    outer loop
      vertex -113.956 -3 84.7807
      vertex -31 -3 79.9
      vertex -24 -3 79.9
    endloop
  endfacet
  facet normal 0 -1 0
    outer loop
      vertex -56 -3 42.5
      vertex -112.171 -3 81.689
      vertex -112.301 -3 81.425
    endloop
  endfacet
  facet normal 0 -1 0
    outer loop
      vertex -113.956 -3 84.7807
      vertex -35 -3 79.9
      vertex -31 -3 79.9
    endloop
  endfacet
  facet normal 0 -1 0
    outer loop
      vertex -56 -3 42.5
      vertex -112.301 -3 81.425
      vertex -112.465 -3 81.1803
    endloop
  endfacet
  facet normal 0 -1 0
    outer loop
      vertex 113.668 -3 84.7233
      vertex 35 -3 79.9
      vertex 113.389 -3 84.6287
    endloop
  endfacet
  facet normal 0 -1 0
    outer loop
      vertex -56 -3 42.5
      vertex -112.465 -3 81.1803
      vertex -112.659 -3 80.959
    endloop
  endfacet
  facet normal 0 -1 0
    outer loop
      vertex 113.389 -3 84.6287
      vertex 35 -3 79.9
      vertex 113.125 -3 84.4986
    endloop
  endfacet
  facet normal 0 -1 0
    outer loop
      vertex -56 -3 42.5
      vertex -112.659 -3 80.959
      vertex -112.88 -3 80.765
    endloop
  endfacet
  facet normal 0 -1 0
    outer loop
      vertex 113.125 -3 84.4986
      vertex 35 -3 79.9
      vertex 112.88 -3 84.335
    endloop
  endfacet
  facet normal 0 -1 0
    outer loop
      vertex -56 -3 42.5
      vertex -112.88 -3 80.765
      vertex -113.125 -3 80.6014
    endloop
  endfacet
  facet normal 0 -1 0
    outer loop
      vertex 112.88 -3 84.335
      vertex 35 -3 79.9
      vertex 112.659 -3 84.141
    endloop
  endfacet
  facet normal 0 -1 0
    outer loop
      vertex -56 -3 42.5
      vertex -113.125 -3 80.6014
      vertex -113.389 -3 80.4713
    endloop
  endfacet
  facet normal 0 -1 0
    outer loop
      vertex 112.659 -3 84.141
      vertex 35 -3 79.9
      vertex 112.465 -3 83.9197
    endloop
  endfacet
  facet normal 0 -1 0
    outer loop
      vertex -113.389 -3 8.42873
      vertex -113.389 -3 80.4713
      vertex -113.668 -3 80.3767
    endloop
  endfacet
  facet normal 0 -1 0
    outer loop
      vertex 112.465 -3 83.9197
      vertex 35 -3 79.9
      vertex 112.301 -3 83.675
    endloop
  endfacet
  facet normal 0 -1 0
    outer loop
      vertex -113.668 -3 8.52333
      vertex -113.668 -3 80.3767
      vertex -113.956 -3 80.3193
    endloop
  endfacet
  facet normal 0 -1 0
    outer loop
      vertex 112.301 -3 83.675
      vertex 35 -3 79.9
      vertex 112.171 -3 83.411
    endloop
  endfacet
  facet normal 0 -1 0
    outer loop
      vertex -113.956 -3 8.58075
      vertex -113.956 -3 80.3193
      vertex -114.25 -3 80.3
    endloop
  endfacet
  facet normal 0 -1 0
    outer loop
      vertex 112.171 -3 83.411
      vertex 35 -3 79.9
      vertex 112.077 -3 83.1323
    endloop
  endfacet
  facet normal 0 -1 0
    outer loop
      vertex -114.25 -3 84.8
      vertex -127 -3 88.9
      vertex -121.75 -3 84.8
    endloop
  endfacet
  facet normal 0 -1 0
    outer loop
      vertex -127 -3 88.9
      vertex -122.044 -3 84.7807
      vertex -121.75 -3 84.8
    endloop
  endfacet
  facet normal 0 -1 0
    outer loop
      vertex -127 -3 88.9
      vertex -122.332 -3 84.7233
      vertex -122.044 -3 84.7807
    endloop
  endfacet
  facet normal 0 -1 0
    outer loop
      vertex -127 -3 88.9
      vertex -122.611 -3 84.6287
      vertex -122.332 -3 84.7233
    endloop
  endfacet
  facet normal 0 -1 0
    outer loop
      vertex -127 -3 88.9
      vertex -122.875 -3 84.4986
      vertex -122.611 -3 84.6287
    endloop
  endfacet
  facet normal 0 -1 0
    outer loop
      vertex -127 -3 88.9
      vertex -123.12 -3 84.335
      vertex -122.875 -3 84.4986
    endloop
  endfacet
  facet normal 0 -1 0
    outer loop
      vertex -127 -3 88.9
      vertex -123.341 -3 84.141
      vertex -123.12 -3 84.335
    endloop
  endfacet
  facet normal 0 -1 0
    outer loop
      vertex -127 -3 88.9
      vertex -123.535 -3 83.9197
      vertex -123.341 -3 84.141
    endloop
  endfacet
  facet normal 0 -1 0
    outer loop
      vertex -127 -3 88.9
      vertex -123.699 -3 83.675
      vertex -123.535 -3 83.9197
    endloop
  endfacet
  facet normal 0 -1 0
    outer loop
      vertex -127 -3 88.9
      vertex -123.829 -3 83.411
      vertex -123.699 -3 83.675
    endloop
  endfacet
  facet normal 0 -1 0
    outer loop
      vertex -127 -3 88.9
      vertex -123.923 -3 83.1323
      vertex -123.829 -3 83.411
    endloop
  endfacet
  facet normal 0 -1 0
    outer loop
      vertex -127 -3 88.9
      vertex -123.981 -3 82.8437
      vertex -123.923 -3 83.1323
    endloop
  endfacet
  facet normal 0 -1 0
    outer loop
      vertex -127 -3 88.9
      vertex -124 -3 82.55
      vertex -123.981 -3 82.8437
    endloop
  endfacet
  facet normal 0 -1 0
    outer loop
      vertex -127 -3 88.9
      vertex -123.981 -3 82.2563
      vertex -124 -3 82.55
    endloop
  endfacet
  facet normal 0 -1 0
    outer loop
      vertex -127 -3 88.9
      vertex -123.923 -3 81.9677
      vertex -123.981 -3 82.2563
    endloop
  endfacet
  facet normal 0 -1 0
    outer loop
      vertex -127 -3 88.9
      vertex -123.829 -3 81.689
      vertex -123.923 -3 81.9677
    endloop
  endfacet
  facet normal 0 -1 0
    outer loop
      vertex -114.25 -3 8.6
      vertex -114.25 -3 80.3
      vertex -121.75 -3 80.3
    endloop
  endfacet
  facet normal 0 -1 0
    outer loop
      vertex 112.077 -3 83.1323
      vertex 35 -3 79.9
      vertex 112.019 -3 82.8437
    endloop
  endfacet
  facet normal 0 -1 0
    outer loop
      vertex 112.019 -3 82.8437
      vertex 35 -3 79.9
      vertex 112 -3 82.55
    endloop
  endfacet
  facet normal 0 -1 0
    outer loop
      vertex -112.019 -3 82.2563
      vertex -56 -3 42.5
      vertex -35 -3 79.9
    endloop
  endfacet
  facet normal 0 -1 0
    outer loop
      vertex -121.75 -3 8.6
      vertex -121.75 -3 80.3
      vertex -122.044 -3 80.3193
    endloop
  endfacet
  facet normal 0 -1 0
    outer loop
      vertex -122.044 -3 8.58075
      vertex -122.044 -3 80.3193
      vertex -122.332 -3 80.3767
    endloop
  endfacet
  facet normal 0 -1 0
    outer loop
      vertex -122.332 -3 8.52333
      vertex -122.332 -3 80.3767
      vertex -122.611 -3 80.4713
    endloop
  endfacet
  facet normal 0 -1 0
    outer loop
      vertex -56 -3 42.5
      vertex -31 -3 48.5
      vertex -35 -3 48.5
    endloop
  endfacet
  facet normal 0 -1 -0
    outer loop
      vertex -31 -3 48.5
      vertex -56 -3 42.5
      vertex -24 -3 48.5
    endloop
  endfacet
  facet normal 0 -1 -0
    outer loop
      vertex -24 -3 48.5
      vertex -56 -3 42.5
      vertex -20 -3 48.5
    endloop
  endfacet
  facet normal 0 -1 -0
    outer loop
      vertex -20 -3 48.5
      vertex -56 -3 42.5
      vertex -13 -3 48.5
    endloop
  endfacet
  facet normal 0 -1 -0
    outer loop
      vertex -13 -3 48.5
      vertex -56 -3 42.5
      vertex -9 -3 48.5
    endloop
  endfacet
  facet normal 0 -1 -0
    outer loop
      vertex -9 -3 48.5
      vertex -56 -3 42.5
      vertex -2 -3 48.5
    endloop
  endfacet
  facet normal 0 -1 -0
    outer loop
      vertex -2 -3 48.5
      vertex -56 -3 42.5
      vertex 2 -3 48.5
    endloop
  endfacet
  facet normal 0 -1 0
    outer loop
      vertex 56 -3 42.5
      vertex 2 -3 48.5
      vertex -56 -3 42.5
    endloop
  endfacet
  facet normal 0 -1 0
    outer loop
      vertex 2 -3 48.5
      vertex 56 -3 42.5
      vertex 9 -3 48.5
    endloop
  endfacet
  facet normal 0 -1 0
    outer loop
      vertex 9 -3 48.5
      vertex 56 -3 42.5
      vertex 13 -3 48.5
    endloop
  endfacet
  facet normal 0 -1 0
    outer loop
      vertex 13 -3 48.5
      vertex 56 -3 42.5
      vertex 20 -3 48.5
    endloop
  endfacet
  facet normal 0 -1 0
    outer loop
      vertex 20 -3 48.5
      vertex 56 -3 42.5
      vertex 24 -3 48.5
    endloop
  endfacet
  facet normal 0 -1 0
    outer loop
      vertex 24 -3 48.5
      vertex 56 -3 42.5
      vertex 31 -3 48.5
    endloop
  endfacet
  facet normal 0 -1 -0
    outer loop
      vertex -35 -3 79.9
      vertex -56 -3 42.5
      vertex -35 -3 48.5
    endloop
  endfacet
  facet normal 0 -1 0
    outer loop
      vertex -122.611 -3 8.42873
      vertex -122.611 -3 80.4713
      vertex -122.875 -3 80.6014
    endloop
  endfacet
  facet normal 0 -1 0
    outer loop
      vertex -121.75 -3 80.3
      vertex -121.75 -3 8.6
      vertex -114.25 -3 8.6
    endloop
  endfacet
  facet normal 0 -1 0
    outer loop
      vertex -122.875 -3 8.29856
      vertex -122.875 -3 80.6014
      vertex -123.12 -3 80.765
    endloop
  endfacet
  facet normal 0 -1 0
    outer loop
      vertex -123.12 -3 8.13504
      vertex -123.12 -3 80.765
      vertex -123.341 -3 80.959
    endloop
  endfacet
  facet normal 0 -1 0
    outer loop
      vertex -123.341 -3 7.94099
      vertex -123.341 -3 80.959
      vertex -123.535 -3 81.1803
    endloop
  endfacet
  facet normal 0 -1 0
    outer loop
      vertex -123.535 -3 7.71971
      vertex -123.535 -3 81.1803
      vertex -123.699 -3 81.425
    endloop
  endfacet
  facet normal 0 -1 0
    outer loop
      vertex -123.699 -3 7.475
      vertex -123.699 -3 81.425
      vertex -123.829 -3 81.689
    endloop
  endfacet
  facet normal 0 -1 0
    outer loop
      vertex -123.829 -3 7.21104
      vertex -123.829 -3 81.689
      vertex -127 -3 88.9
    endloop
  endfacet
  facet normal 0 -1 0
    outer loop
      vertex -122.044 -3 80.3193
      vertex -122.044 -3 8.58075
      vertex -121.75 -3 8.6
    endloop
  endfacet
  facet normal 0 -1 0
    outer loop
      vertex -122.332 -3 80.3767
      vertex -122.332 -3 8.52333
      vertex -122.044 -3 8.58075
    endloop
  endfacet
  facet normal 0 -1 0
    outer loop
      vertex -122.611 -3 80.4713
      vertex -122.611 -3 8.42873
      vertex -122.332 -3 8.52333
    endloop
  endfacet
  facet normal 0 -1 0
    outer loop
      vertex -122.875 -3 80.6014
      vertex -122.875 -3 8.29856
      vertex -122.611 -3 8.42873
    endloop
  endfacet
  facet normal 0 -1 0
    outer loop
      vertex -123.12 -3 80.765
      vertex -123.12 -3 8.13504
      vertex -122.875 -3 8.29856
    endloop
  endfacet
  facet normal 0 -1 0
    outer loop
      vertex -123.341 -3 80.959
      vertex -123.341 -3 7.94099
      vertex -123.12 -3 8.13504
    endloop
  endfacet
  facet normal 0 -1 0
    outer loop
      vertex -123.535 -3 81.1803
      vertex -123.535 -3 7.71971
      vertex -123.341 -3 7.94099
    endloop
  endfacet
  facet normal 0 -1 0
    outer loop
      vertex -123.699 -3 81.425
      vertex -123.699 -3 7.475
      vertex -123.535 -3 7.71971
    endloop
  endfacet
  facet normal 0 -1 0
    outer loop
      vertex -123.829 -3 81.689
      vertex -123.829 -3 7.21104
      vertex -123.699 -3 7.475
    endloop
  endfacet
  facet normal 0 -1 0
    outer loop
      vertex -127 -3 0
      vertex -123.829 -3 7.21104
      vertex -127 -3 88.9
    endloop
  endfacet
  facet normal 0 -1 0
    outer loop
      vertex -123.829 -3 7.21104
      vertex -127 -3 0
      vertex -123.923 -3 6.93234
    endloop
  endfacet
  facet normal 0 -1 0
    outer loop
      vertex -123.923 -3 6.93234
      vertex -127 -3 0
      vertex -123.981 -3 6.64368
    endloop
  endfacet
  facet normal 0 -1 0
    outer loop
      vertex -127 -3 0
      vertex -114.25 -3 4.1
      vertex -121.75 -3 4.1
    endloop
  endfacet
  facet normal 0 -1 0
    outer loop
      vertex 113.668 -3 4.17667
      vertex 127 -3 0
      vertex 113.956 -3 4.11925
    endloop
  endfacet
  facet normal 0 -1 0
    outer loop
      vertex 113.956 -3 4.11925
      vertex 127 -3 0
      vertex 114.25 -3 4.1
    endloop
  endfacet
  facet normal 0 -1 -0
    outer loop
      vertex -122.044 -3 4.11925
      vertex -127 -3 0
      vertex -121.75 -3 4.1
    endloop
  endfacet
  facet normal 0 -1 -0
    outer loop
      vertex -122.332 -3 4.17667
      vertex -127 -3 0
      vertex -122.044 -3 4.11925
    endloop
  endfacet
  facet normal 0 -1 -0
    outer loop
      vertex -122.611 -3 4.27127
      vertex -127 -3 0
      vertex -122.332 -3 4.17667
    endloop
  endfacet
  facet normal 0 -1 -0
    outer loop
      vertex -122.875 -3 4.40144
      vertex -127 -3 0
      vertex -122.611 -3 4.27127
    endloop
  endfacet
  facet normal 0 -1 -0
    outer loop
      vertex -123.12 -3 4.56495
      vertex -127 -3 0
      vertex -122.875 -3 4.40144
    endloop
  endfacet
  facet normal 0 -1 -0
    outer loop
      vertex -123.341 -3 4.75901
      vertex -127 -3 0
      vertex -123.12 -3 4.56495
    endloop
  endfacet
  facet normal 0 -1 -0
    outer loop
      vertex -123.535 -3 4.98029
      vertex -127 -3 0
      vertex -123.341 -3 4.75901
    endloop
  endfacet
  facet normal 0 -1 -0
    outer loop
      vertex -123.699 -3 5.225
      vertex -127 -3 0
      vertex -123.535 -3 4.98029
    endloop
  endfacet
  facet normal 0 -1 -0
    outer loop
      vertex -123.829 -3 5.48896
      vertex -127 -3 0
      vertex -123.699 -3 5.225
    endloop
  endfacet
  facet normal 0 -1 -0
    outer loop
      vertex -123.923 -3 5.76766
      vertex -127 -3 0
      vertex -123.829 -3 5.48896
    endloop
  endfacet
  facet normal 0 -1 -0
    outer loop
      vertex -123.981 -3 6.05632
      vertex -127 -3 0
      vertex -123.923 -3 5.76766
    endloop
  endfacet
  facet normal 0 -1 -0
    outer loop
      vertex -124 -3 6.35
      vertex -127 -3 0
      vertex -123.981 -3 6.05632
    endloop
  endfacet
  facet normal 0 -1 0
    outer loop
      vertex -123.981 -3 6.64368
      vertex -127 -3 0
      vertex -124 -3 6.35
    endloop
  endfacet
  facet normal 0 -1 0
    outer loop
      vertex -113.956 -3 84.7807
      vertex -127 -3 88.9
      vertex -114.25 -3 84.8
    endloop
  endfacet
  facet normal 0 -1 0
    outer loop
      vertex -13 -3 79.9
      vertex -127 -3 88.9
      vertex -113.956 -3 84.7807
    endloop
  endfacet
  facet normal 0 -1 0
    outer loop
      vertex 121.75 -3 84.8
      vertex 127 -3 88.9
      vertex 114.25 -3 84.8
    endloop
  endfacet
  facet normal 0 -1 0
    outer loop
      vertex 122.044 -3 84.7807
      vertex 127 -3 88.9
      vertex 121.75 -3 84.8
    endloop
  endfacet
  facet normal 0 -1 0
    outer loop
      vertex 122.332 -3 84.7233
      vertex 127 -3 88.9
      vertex 122.044 -3 84.7807
    endloop
  endfacet
  facet normal 0 -1 0
    outer loop
      vertex 122.611 -3 84.6287
      vertex 127 -3 88.9
      vertex 122.332 -3 84.7233
    endloop
  endfacet
  facet normal 0 -1 0
    outer loop
      vertex 122.875 -3 84.4986
      vertex 127 -3 88.9
      vertex 122.611 -3 84.6287
    endloop
  endfacet
  facet normal 0 -1 0
    outer loop
      vertex 123.12 -3 84.335
      vertex 127 -3 88.9
      vertex 122.875 -3 84.4986
    endloop
  endfacet
  facet normal 0 -1 0
    outer loop
      vertex 123.341 -3 84.141
      vertex 127 -3 88.9
      vertex 123.12 -3 84.335
    endloop
  endfacet
  facet normal 0 -1 0
    outer loop
      vertex 123.535 -3 83.9197
      vertex 127 -3 88.9
      vertex 123.341 -3 84.141
    endloop
  endfacet
  facet normal 0 -1 0
    outer loop
      vertex 123.699 -3 83.675
      vertex 127 -3 88.9
      vertex 123.535 -3 83.9197
    endloop
  endfacet
  facet normal 0 -1 0
    outer loop
      vertex 123.829 -3 83.411
      vertex 127 -3 88.9
      vertex 123.699 -3 83.675
    endloop
  endfacet
  facet normal 0 -1 0
    outer loop
      vertex 123.923 -3 83.1323
      vertex 127 -3 88.9
      vertex 123.829 -3 83.411
    endloop
  endfacet
  facet normal 0 -1 0
    outer loop
      vertex 123.981 -3 82.8437
      vertex 127 -3 88.9
      vertex 123.923 -3 83.1323
    endloop
  endfacet
  facet normal 0 -1 0
    outer loop
      vertex 124 -3 82.55
      vertex 127 -3 88.9
      vertex 123.981 -3 82.8437
    endloop
  endfacet
  facet normal 0 -1 0
    outer loop
      vertex 123.981 -3 82.2563
      vertex 127 -3 88.9
      vertex 124 -3 82.55
    endloop
  endfacet
  facet normal 0 -1 0
    outer loop
      vertex 123.923 -3 81.9677
      vertex 127 -3 88.9
      vertex 123.981 -3 82.2563
    endloop
  endfacet
  facet normal 0 -1 0
    outer loop
      vertex 123.829 -3 81.689
      vertex 127 -3 88.9
      vertex 123.923 -3 81.9677
    endloop
  endfacet
  facet normal 0 -1 -0
    outer loop
      vertex 112 -3 82.55
      vertex 35 -3 79.9
      vertex 112.019 -3 82.2563
    endloop
  endfacet
  facet normal 0 -1 0
    outer loop
      vertex 56 -3 42.5
      vertex 112.019 -3 82.2563
      vertex 35 -3 79.9
    endloop
  endfacet
  facet normal 0 -1 -0
    outer loop
      vertex 112.019 -3 82.2563
      vertex 56 -3 42.5
      vertex 112.077 -3 81.9677
    endloop
  endfacet
  facet normal 0 -1 -0
    outer loop
      vertex 112.077 -3 81.9677
      vertex 56 -3 42.5
      vertex 112.171 -3 81.689
    endloop
  endfacet
  facet normal 0 -1 -0
    outer loop
      vertex 112.171 -3 81.689
      vertex 56 -3 42.5
      vertex 112.301 -3 81.425
    endloop
  endfacet
  facet normal 0 -1 -0
    outer loop
      vertex 112.301 -3 81.425
      vertex 56 -3 42.5
      vertex 112.465 -3 81.1803
    endloop
  endfacet
  facet normal 0 -1 -0
    outer loop
      vertex 112.465 -3 81.1803
      vertex 56 -3 42.5
      vertex 112.659 -3 80.959
    endloop
  endfacet
  facet normal 0 -1 -0
    outer loop
      vertex 112.659 -3 80.959
      vertex 56 -3 42.5
      vertex 112.88 -3 80.765
    endloop
  endfacet
  facet normal 0 -1 -0
    outer loop
      vertex 112.88 -3 80.765
      vertex 56 -3 42.5
      vertex 113.125 -3 80.6014
    endloop
  endfacet
  facet normal 0 -1 -0
    outer loop
      vertex 113.125 -3 80.6014
      vertex 56 -3 42.5
      vertex 113.389 -3 80.4713
    endloop
  endfacet
  facet normal 0 -1 0
    outer loop
      vertex 113.389 -3 8.42873
      vertex 113.389 -3 80.4713
      vertex 56 -3 42.5
    endloop
  endfacet
  facet normal 0 -1 0
    outer loop
      vertex 113.956 -3 8.58075
      vertex 113.668 -3 80.3767
      vertex 113.389 -3 80.4713
    endloop
  endfacet
  facet normal 0 -1 0
    outer loop
      vertex 113.956 -3 8.58075
      vertex 113.956 -3 80.3193
      vertex 113.668 -3 80.3767
    endloop
  endfacet
  facet normal 0 -1 0
    outer loop
      vertex 56 -3 42.5
      vertex 35 -3 79.9
      vertex 35 -3 48.5
    endloop
  endfacet
  facet normal 0 -1 0
    outer loop
      vertex 113.956 -3 80.3193
      vertex 114.25 -3 8.6
      vertex 114.25 -3 80.3
    endloop
  endfacet
  facet normal 0 -1 0
    outer loop
      vertex 114.25 -3 80.3
      vertex 114.25 -3 8.6
      vertex 121.75 -3 80.3
    endloop
  endfacet
  facet normal 0 -1 0
    outer loop
      vertex 121.75 -3 8.6
      vertex 121.75 -3 80.3
      vertex 114.25 -3 8.6
    endloop
  endfacet
  facet normal 0 -1 0
    outer loop
      vertex 31 -3 48.5
      vertex 56 -3 42.5
      vertex 35 -3 48.5
    endloop
  endfacet
  facet normal 0 -1 0
    outer loop
      vertex 121.75 -3 80.3
      vertex 121.75 -3 8.6
      vertex 122.044 -3 80.3193
    endloop
  endfacet
  facet normal 0 -1 0
    outer loop
      vertex 122.044 -3 8.58075
      vertex 122.044 -3 80.3193
      vertex 121.75 -3 8.6
    endloop
  endfacet
  facet normal 0 -1 0
    outer loop
      vertex 122.044 -3 80.3193
      vertex 122.044 -3 8.58075
      vertex 122.332 -3 80.3767
    endloop
  endfacet
  facet normal 0 -1 0
    outer loop
      vertex 122.332 -3 8.52333
      vertex 122.332 -3 80.3767
      vertex 122.044 -3 8.58075
    endloop
  endfacet
  facet normal 0 -1 0
    outer loop
      vertex 122.332 -3 80.3767
      vertex 122.332 -3 8.52333
      vertex 122.611 -3 80.4713
    endloop
  endfacet
  facet normal 0 -1 0
    outer loop
      vertex 122.611 -3 8.42873
      vertex 122.611 -3 80.4713
      vertex 122.332 -3 8.52333
    endloop
  endfacet
  facet normal 0 -1 0
    outer loop
      vertex 122.611 -3 80.4713
      vertex 122.611 -3 8.42873
      vertex 122.875 -3 80.6014
    endloop
  endfacet
  facet normal 0 -1 0
    outer loop
      vertex 122.875 -3 8.29856
      vertex 122.875 -3 80.6014
      vertex 122.611 -3 8.42873
    endloop
  endfacet
  facet normal 0 -1 0
    outer loop
      vertex 122.875 -3 80.6014
      vertex 122.875 -3 8.29856
      vertex 123.12 -3 80.765
    endloop
  endfacet
  facet normal 0 -1 0
    outer loop
      vertex 123.12 -3 8.13504
      vertex 123.12 -3 80.765
      vertex 122.875 -3 8.29856
    endloop
  endfacet
  facet normal 0 -1 0
    outer loop
      vertex 123.12 -3 80.765
      vertex 123.12 -3 8.13504
      vertex 123.341 -3 80.959
    endloop
  endfacet
  facet normal 0 -1 0
    outer loop
      vertex 123.341 -3 7.94099
      vertex 123.341 -3 80.959
      vertex 123.12 -3 8.13504
    endloop
  endfacet
  facet normal 0 -1 0
    outer loop
      vertex 123.341 -3 80.959
      vertex 123.341 -3 7.94099
      vertex 123.535 -3 81.1803
    endloop
  endfacet
  facet normal 0 -1 0
    outer loop
      vertex 123.535 -3 7.71971
      vertex 123.535 -3 81.1803
      vertex 123.341 -3 7.94099
    endloop
  endfacet
  facet normal 0 -1 0
    outer loop
      vertex 123.535 -3 81.1803
      vertex 123.535 -3 7.71971
      vertex 123.699 -3 81.425
    endloop
  endfacet
  facet normal 0 -1 0
    outer loop
      vertex 123.699 -3 7.475
      vertex 123.699 -3 81.425
      vertex 123.535 -3 7.71971
    endloop
  endfacet
  facet normal 0 -1 0
    outer loop
      vertex 123.699 -3 81.425
      vertex 123.699 -3 7.475
      vertex 123.829 -3 81.689
    endloop
  endfacet
  facet normal 0 -1 0
    outer loop
      vertex 123.829 -3 7.21104
      vertex 123.829 -3 81.689
      vertex 123.699 -3 7.475
    endloop
  endfacet
  facet normal 0 -1 0
    outer loop
      vertex 123.829 -3 81.689
      vertex 123.829 -3 7.21104
      vertex 127 -3 88.9
    endloop
  endfacet
  facet normal 0 -1 0
    outer loop
      vertex 127 -3 0
      vertex 123.829 -3 7.21104
      vertex 123.923 -3 6.93234
    endloop
  endfacet
  facet normal 0 -1 0
    outer loop
      vertex 127 -3 0
      vertex 123.923 -3 6.93234
      vertex 123.981 -3 6.64368
    endloop
  endfacet
  facet normal 0 -1 0
    outer loop
      vertex 127 -3 0
      vertex 123.981 -3 6.64368
      vertex 124 -3 6.35
    endloop
  endfacet
  facet normal 0 -1 0
    outer loop
      vertex 123.829 -3 7.21104
      vertex 127 -3 0
      vertex 127 -3 88.9
    endloop
  endfacet
  facet normal 0 -1 0
    outer loop
      vertex 123.981 -3 6.05632
      vertex 127 -3 0
      vertex 124 -3 6.35
    endloop
  endfacet
  facet normal 0 -1 0
    outer loop
      vertex 123.923 -3 5.76766
      vertex 127 -3 0
      vertex 123.981 -3 6.05632
    endloop
  endfacet
  facet normal 0 -1 0
    outer loop
      vertex 123.829 -3 5.48896
      vertex 127 -3 0
      vertex 123.923 -3 5.76766
    endloop
  endfacet
  facet normal 0 -1 0
    outer loop
      vertex 123.699 -3 5.225
      vertex 127 -3 0
      vertex 123.829 -3 5.48896
    endloop
  endfacet
  facet normal 0 -1 0
    outer loop
      vertex 123.535 -3 4.98029
      vertex 127 -3 0
      vertex 123.699 -3 5.225
    endloop
  endfacet
  facet normal 0 -1 0
    outer loop
      vertex 123.341 -3 4.75901
      vertex 127 -3 0
      vertex 123.535 -3 4.98029
    endloop
  endfacet
  facet normal 0 -1 0
    outer loop
      vertex 123.12 -3 4.56495
      vertex 127 -3 0
      vertex 123.341 -3 4.75901
    endloop
  endfacet
  facet normal 0 -1 0
    outer loop
      vertex 122.875 -3 4.40144
      vertex 127 -3 0
      vertex 123.12 -3 4.56495
    endloop
  endfacet
  facet normal 0 -1 0
    outer loop
      vertex 122.611 -3 4.27127
      vertex 127 -3 0
      vertex 122.875 -3 4.40144
    endloop
  endfacet
  facet normal 0 -1 0
    outer loop
      vertex 122.332 -3 4.17667
      vertex 127 -3 0
      vertex 122.611 -3 4.27127
    endloop
  endfacet
  facet normal 0 -1 0
    outer loop
      vertex 122.044 -3 4.11925
      vertex 127 -3 0
      vertex 122.332 -3 4.17667
    endloop
  endfacet
  facet normal 0 -1 0
    outer loop
      vertex 121.75 -3 4.1
      vertex 127 -3 0
      vertex 122.044 -3 4.11925
    endloop
  endfacet
  facet normal 0 -1 0
    outer loop
      vertex 114.25 -3 4.1
      vertex 127 -3 0
      vertex 121.75 -3 4.1
    endloop
  endfacet
  facet normal 0 -1 0
    outer loop
      vertex -114.25 -3 80.3
      vertex -114.25 -3 8.6
      vertex -113.956 -3 8.58075
    endloop
  endfacet
  facet normal 0 -1 0
    outer loop
      vertex -113.956 -3 80.3193
      vertex -113.956 -3 8.58075
      vertex -113.668 -3 8.52333
    endloop
  endfacet
  facet normal 0 -1 0
    outer loop
      vertex -113.668 -3 80.3767
      vertex -113.668 -3 8.52333
      vertex -113.389 -3 8.42873
    endloop
  endfacet
  facet normal 0 -1 0
    outer loop
      vertex -113.389 -3 80.4713
      vertex -113.389 -3 8.42873
      vertex -56 -3 42.5
    endloop
  endfacet
  facet normal 0 -1 0
    outer loop
      vertex -113.125 -3 8.29856
      vertex -56 -3 42.5
      vertex -113.389 -3 8.42873
    endloop
  endfacet
  facet normal 0 -1 0
    outer loop
      vertex -112.88 -3 8.13504
      vertex -56 -3 42.5
      vertex -113.125 -3 8.29856
    endloop
  endfacet
  facet normal 0 -1 0
    outer loop
      vertex -112.659 -3 7.94099
      vertex -56 -3 42.5
      vertex -112.88 -3 8.13504
    endloop
  endfacet
  facet normal 0 -1 0
    outer loop
      vertex -112.465 -3 7.71971
      vertex -56 -3 42.5
      vertex -112.659 -3 7.94099
    endloop
  endfacet
  facet normal 0 -1 0
    outer loop
      vertex -112.301 -3 7.475
      vertex -56 -3 42.5
      vertex -112.465 -3 7.71971
    endloop
  endfacet
  facet normal 0 -1 0
    outer loop
      vertex -112.171 -3 7.21104
      vertex -56 -3 7.5
      vertex -112.301 -3 7.475
    endloop
  endfacet
  facet normal 0 -1 -0
    outer loop
      vertex -56 -3 42.5
      vertex -112.301 -3 7.475
      vertex -56 -3 7.5
    endloop
  endfacet
  facet normal -1 0 0
    outer loop
      vertex 56 -3 7.5
      vertex 56 0 42.5
      vertex 56 0 7.5
    endloop
  endfacet
  facet normal -1 -0 0
    outer loop
      vertex 56 0 42.5
      vertex 56 -3 7.5
      vertex 56 -3 42.5
    endloop
  endfacet
  facet normal 0 0 -1
    outer loop
      vertex -56 -3 42.5
      vertex 56 0 42.5
      vertex 56 -3 42.5
    endloop
  endfacet
  facet normal -0 0 -1
    outer loop
      vertex 56 0 42.5
      vertex -56 -3 42.5
      vertex -56 0 42.5
    endloop
  endfacet
  facet normal -0 0 1
    outer loop
      vertex -56 0 7.5
      vertex 56 -3 7.5
      vertex 56 0 7.5
    endloop
  endfacet
  facet normal 0 0 1
    outer loop
      vertex 56 -3 7.5
      vertex -56 0 7.5
      vertex -56 -3 7.5
    endloop
  endfacet
  facet normal 1 -0 0
    outer loop
      vertex -56 -3 42.5
      vertex -56 0 7.5
      vertex -56 0 42.5
    endloop
  endfacet
  facet normal 1 0 0
    outer loop
      vertex -56 0 7.5
      vertex -56 -3 42.5
      vertex -56 -3 7.5
    endloop
  endfacet
  facet normal -1 0 0
    outer loop
      vertex -39 21.42 0
      vertex -39 97.58 3.5
      vertex -39 97.58 0
    endloop
  endfacet
  facet normal -1 -0 0
    outer loop
      vertex -39 97.58 3.5
      vertex -39 21.42 0
      vertex -39 21.42 3.5
    endloop
  endfacet
  facet normal 1 -0 0
    outer loop
      vertex -49 21.42 3.5
      vertex -49 97.58 0
      vertex -49 97.58 3.5
    endloop
  endfacet
  facet normal 1 0 0
    outer loop
      vertex -49 97.58 0
      vertex -49 21.42 3.5
      vertex -49 21.42 0
    endloop
  endfacet
  facet normal 0 -1 0
    outer loop
      vertex -49 97.58 0
      vertex -39 97.58 3.5
      vertex -49 97.58 3.5
    endloop
  endfacet
  facet normal 0 -1 -0
    outer loop
      vertex -39 97.58 3.5
      vertex -49 97.58 0
      vertex -39 97.58 0
    endloop
  endfacet
  facet normal 0 1 -0
    outer loop
      vertex -39 21.42 0
      vertex -49 21.42 3.5
      vertex -39 21.42 3.5
    endloop
  endfacet
  facet normal 0 1 0
    outer loop
      vertex -49 21.42 3.5
      vertex -39 21.42 0
      vertex -49 21.42 0
    endloop
  endfacet
  facet normal -1 0 0
    outer loop
      vertex -17 21.42 0
      vertex -17 97.58 3.5
      vertex -17 97.58 0
    endloop
  endfacet
  facet normal -1 -0 0
    outer loop
      vertex -17 97.58 3.5
      vertex -17 21.42 0
      vertex -17 21.42 3.5
    endloop
  endfacet
  facet normal 1 -0 0
    outer loop
      vertex -27 21.42 3.5
      vertex -27 97.58 0
      vertex -27 97.58 3.5
    endloop
  endfacet
  facet normal 1 0 0
    outer loop
      vertex -27 97.58 0
      vertex -27 21.42 3.5
      vertex -27 21.42 0
    endloop
  endfacet
  facet normal 0 -1 0
    outer loop
      vertex -27 97.58 0
      vertex -17 97.58 3.5
      vertex -27 97.58 3.5
    endloop
  endfacet
  facet normal 0 -1 -0
    outer loop
      vertex -17 97.58 3.5
      vertex -27 97.58 0
      vertex -17 97.58 0
    endloop
  endfacet
  facet normal 0 1 -0
    outer loop
      vertex -17 21.42 0
      vertex -27 21.42 3.5
      vertex -17 21.42 3.5
    endloop
  endfacet
  facet normal 0 1 0
    outer loop
      vertex -27 21.42 3.5
      vertex -17 21.42 0
      vertex -27 21.42 0
    endloop
  endfacet
  facet normal -1 0 0
    outer loop
      vertex 5 21.42 0
      vertex 5 97.58 3.5
      vertex 5 97.58 0
    endloop
  endfacet
  facet normal -1 -0 0
    outer loop
      vertex 5 97.58 3.5
      vertex 5 21.42 0
      vertex 5 21.42 3.5
    endloop
  endfacet
  facet normal 1 -0 0
    outer loop
      vertex -5 21.42 3.5
      vertex -5 97.58 0
      vertex -5 97.58 3.5
    endloop
  endfacet
  facet normal 1 0 0
    outer loop
      vertex -5 97.58 0
      vertex -5 21.42 3.5
      vertex -5 21.42 0
    endloop
  endfacet
  facet normal 0 -1 0
    outer loop
      vertex -5 97.58 0
      vertex 5 97.58 3.5
      vertex -5 97.58 3.5
    endloop
  endfacet
  facet normal 0 -1 -0
    outer loop
      vertex 5 97.58 3.5
      vertex -5 97.58 0
      vertex 5 97.58 0
    endloop
  endfacet
  facet normal 0 1 -0
    outer loop
      vertex 5 21.42 0
      vertex -5 21.42 3.5
      vertex 5 21.42 3.5
    endloop
  endfacet
  facet normal 0 1 0
    outer loop
      vertex -5 21.42 3.5
      vertex 5 21.42 0
      vertex -5 21.42 0
    endloop
  endfacet
  facet normal -1 0 0
    outer loop
      vertex 27 21.42 0
      vertex 27 97.58 3.5
      vertex 27 97.58 0
    endloop
  endfacet
  facet normal -1 -0 0
    outer loop
      vertex 27 97.58 3.5
      vertex 27 21.42 0
      vertex 27 21.42 3.5
    endloop
  endfacet
  facet normal 1 -0 0
    outer loop
      vertex 17 21.42 3.5
      vertex 17 97.58 0
      vertex 17 97.58 3.5
    endloop
  endfacet
  facet normal 1 0 0
    outer loop
      vertex 17 97.58 0
      vertex 17 21.42 3.5
      vertex 17 21.42 0
    endloop
  endfacet
  facet normal 0 -1 0
    outer loop
      vertex 17 97.58 0
      vertex 27 97.58 3.5
      vertex 17 97.58 3.5
    endloop
  endfacet
  facet normal 0 -1 -0
    outer loop
      vertex 27 97.58 3.5
      vertex 17 97.58 0
      vertex 27 97.58 0
    endloop
  endfacet
  facet normal 0 1 -0
    outer loop
      vertex 27 21.42 0
      vertex 17 21.42 3.5
      vertex 27 21.42 3.5
    endloop
  endfacet
  facet normal 0 1 0
    outer loop
      vertex 17 21.42 3.5
      vertex 27 21.42 0
      vertex 17 21.42 0
    endloop
  endfacet
  facet normal -1 0 0
    outer loop
      vertex 49 21.42 0
      vertex 49 97.58 3.5
      vertex 49 97.58 0
    endloop
  endfacet
  facet normal -1 -0 0
    outer loop
      vertex 49 97.58 3.5
      vertex 49 21.42 0
      vertex 49 21.42 3.5
    endloop
  endfacet
  facet normal 1 -0 0
    outer loop
      vertex 39 21.42 3.5
      vertex 39 97.58 0
      vertex 39 97.58 3.5
    endloop
  endfacet
  facet normal 1 0 0
    outer loop
      vertex 39 97.58 0
      vertex 39 21.42 3.5
      vertex 39 21.42 0
    endloop
  endfacet
  facet normal 0 -1 0
    outer loop
      vertex 39 97.58 0
      vertex 49 97.58 3.5
      vertex 39 97.58 3.5
    endloop
  endfacet
  facet normal 0 -1 -0
    outer loop
      vertex 49 97.58 3.5
      vertex 39 97.58 0
      vertex 49 97.58 0
    endloop
  endfacet
  facet normal 0 1 -0
    outer loop
      vertex 49 21.42 0
      vertex 39 21.42 3.5
      vertex 49 21.42 3.5
    endloop
  endfacet
  facet normal 0 1 0
    outer loop
      vertex 39 21.42 3.5
      vertex 49 21.42 0
      vertex 39 21.42 0
    endloop
  endfacet
  facet normal 1 -0 0
    outer loop
      vertex 65 33.2 11.5
      vertex 65 122 0
      vertex 65 122 11.5
    endloop
  endfacet
  facet normal 1 0 0
    outer loop
      vertex 65 33.2 11.5
      vertex 65 0 0
      vertex 65 122 0
    endloop
  endfacet
  facet normal 1 0 0
    outer loop
      vertex 65 0 0
      vertex 65 33.2 11.5
      vertex 65 0 21.2647
    endloop
  endfacet
  facet normal 0 0 1
    outer loop
      vertex 49 21.42 3.5
      vertex 62 118.2 3.5
      vertex 49 97.58 3.5
    endloop
  endfacet
  facet normal 0 0 1
    outer loop
      vertex 62 118.2 3.5
      vertex 39 97.58 3.5
      vertex 49 97.58 3.5
    endloop
  endfacet
  facet normal 0 0 1
    outer loop
      vertex 39 97.58 3.5
      vertex 27 97.58 3.5
      vertex 39 21.42 3.5
    endloop
  endfacet
  facet normal 0 0 1
    outer loop
      vertex 62 118.2 3.5
      vertex 27 97.58 3.5
      vertex 39 97.58 3.5
    endloop
  endfacet
  facet normal 0 0 1
    outer loop
      vertex 62 118.2 3.5
      vertex 17 97.58 3.5
      vertex 27 97.58 3.5
    endloop
  endfacet
  facet normal 0 0 1
    outer loop
      vertex 17 97.58 3.5
      vertex 5 97.58 3.5
      vertex 17 21.42 3.5
    endloop
  endfacet
  facet normal 0 0 1
    outer loop
      vertex 62 118.2 3.5
      vertex 5 97.58 3.5
      vertex 17 97.58 3.5
    endloop
  endfacet
  facet normal 0 0 1
    outer loop
      vertex 62 118.2 3.5
      vertex -5 97.58 3.5
      vertex 5 97.58 3.5
    endloop
  endfacet
  facet normal 0 0 1
    outer loop
      vertex -5 97.58 3.5
      vertex -17 97.58 3.5
      vertex -5 21.42 3.5
    endloop
  endfacet
  facet normal -0 0 1
    outer loop
      vertex -62 118.2 3.5
      vertex -5 97.58 3.5
      vertex 62 118.2 3.5
    endloop
  endfacet
  facet normal 0 0 1
    outer loop
      vertex -5 97.58 3.5
      vertex -62 118.2 3.5
      vertex -17 97.58 3.5
    endloop
  endfacet
  facet normal 0 0 1
    outer loop
      vertex -27 97.58 3.5
      vertex -39 97.58 3.5
      vertex -27 21.42 3.5
    endloop
  endfacet
  facet normal 0 0 1
    outer loop
      vertex -17 97.58 3.5
      vertex -62 118.2 3.5
      vertex -27 97.58 3.5
    endloop
  endfacet
  facet normal 0 0 1
    outer loop
      vertex -27 97.58 3.5
      vertex -62 118.2 3.5
      vertex -39 97.58 3.5
    endloop
  endfacet
  facet normal 0 0 1
    outer loop
      vertex -49 97.58 3.5
      vertex -62 118.2 3.5
      vertex -49 21.42 3.5
    endloop
  endfacet
  facet normal 0 0 1
    outer loop
      vertex -39 97.58 3.5
      vertex -62 118.2 3.5
      vertex -49 97.58 3.5
    endloop
  endfacet
  facet normal 0 0 1
    outer loop
      vertex 62 118.2 3.5
      vertex 49 21.42 3.5
      vertex 62 0 3.5
    endloop
  endfacet
  facet normal -0 0 1
    outer loop
      vertex 39 21.42 3.5
      vertex 62 0 3.5
      vertex 49 21.42 3.5
    endloop
  endfacet
  facet normal 0 0 1
    outer loop
      vertex 27 21.42 3.5
      vertex 39 21.42 3.5
      vertex 27 97.58 3.5
    endloop
  endfacet
  facet normal -0 0 1
    outer loop
      vertex 27 21.42 3.5
      vertex 62 0 3.5
      vertex 39 21.42 3.5
    endloop
  endfacet
  facet normal -0 0 1
    outer loop
      vertex 17 21.42 3.5
      vertex 62 0 3.5
      vertex 27 21.42 3.5
    endloop
  endfacet
  facet normal 0 0 1
    outer loop
      vertex 5 21.42 3.5
      vertex 17 21.42 3.5
      vertex 5 97.58 3.5
    endloop
  endfacet
  facet normal -0 0 1
    outer loop
      vertex 5 21.42 3.5
      vertex 62 0 3.5
      vertex 17 21.42 3.5
    endloop
  endfacet
  facet normal -0 0 1
    outer loop
      vertex -5 21.42 3.5
      vertex 62 0 3.5
      vertex 5 21.42 3.5
    endloop
  endfacet
  facet normal 0 0 1
    outer loop
      vertex -17 21.42 3.5
      vertex -5 21.42 3.5
      vertex -17 97.58 3.5
    endloop
  endfacet
  facet normal 0 0 1
    outer loop
      vertex -62 0 3.5
      vertex -5 21.42 3.5
      vertex -17 21.42 3.5
    endloop
  endfacet
  facet normal 0 0 1
    outer loop
      vertex -62 0 3.5
      vertex -17 21.42 3.5
      vertex -27 21.42 3.5
    endloop
  endfacet
  facet normal 0 0 1
    outer loop
      vertex -39 21.42 3.5
      vertex -27 21.42 3.5
      vertex -39 97.58 3.5
    endloop
  endfacet
  facet normal 0 0 1
    outer loop
      vertex -62 0 3.5
      vertex -27 21.42 3.5
      vertex -39 21.42 3.5
    endloop
  endfacet
  facet normal 0 0 1
    outer loop
      vertex -62 0 3.5
      vertex -39 21.42 3.5
      vertex -49 21.42 3.5
    endloop
  endfacet
  facet normal 0 0 1
    outer loop
      vertex -5 21.42 3.5
      vertex -62 0 3.5
      vertex 62 0 3.5
    endloop
  endfacet
  facet normal 0 0 1
    outer loop
      vertex -62 0 3.5
      vertex -49 21.42 3.5
      vertex -62 118.2 3.5
    endloop
  endfacet
  facet normal -1 0 0
    outer loop
      vertex -65 122 0
      vertex -65 33.2 11.5
      vertex -65 122 11.5
    endloop
  endfacet
  facet normal -1 0 0
    outer loop
      vertex -65 0 0
      vertex -65 33.2 11.5
      vertex -65 122 0
    endloop
  endfacet
  facet normal -1 -0 0
    outer loop
      vertex -65 33.2 11.5
      vertex -65 0 0
      vertex -65 0 21.2647
    endloop
  endfacet
  facet normal 1 -0 0
    outer loop
      vertex -62 33.2 11.5
      vertex -62 118.2 3.5
      vertex -62 118.2 11.5
    endloop
  endfacet
  facet normal 1 0 0
    outer loop
      vertex -62 33.2 11.5
      vertex -62 0 3.5
      vertex -62 118.2 3.5
    endloop
  endfacet
  facet normal 1 0 0
    outer loop
      vertex -62 0 3.5
      vertex -62 33.2 11.5
      vertex -62 0 21.2647
    endloop
  endfacet
  facet normal 0 0 1
    outer loop
      vertex 65 122 11.5
      vertex 62 118.2 11.5
      vertex 65 33.2 11.5
    endloop
  endfacet
  facet normal 0 0 1
    outer loop
      vertex 65 122 11.5
      vertex -62 118.2 11.5
      vertex 62 118.2 11.5
    endloop
  endfacet
  facet normal -0 0 1
    outer loop
      vertex -65 122 11.5
      vertex -62 118.2 11.5
      vertex 65 122 11.5
    endloop
  endfacet
  facet normal 0 0 1
    outer loop
      vertex -65 33.2 11.5
      vertex -62 118.2 11.5
      vertex -65 122 11.5
    endloop
  endfacet
  facet normal 0 0 1
    outer loop
      vertex -62 118.2 11.5
      vertex -65 33.2 11.5
      vertex -62 33.2 11.5
    endloop
  endfacet
  facet normal 0 0 1
    outer loop
      vertex 65 33.2 11.5
      vertex 62 118.2 11.5
      vertex 62 33.2 11.5
    endloop
  endfacet
  facet normal -1 0 0
    outer loop
      vertex 62 118.2 3.5
      vertex 62 33.2 11.5
      vertex 62 118.2 11.5
    endloop
  endfacet
  facet normal -1 0 0
    outer loop
      vertex 62 0 3.5
      vertex 62 33.2 11.5
      vertex 62 118.2 3.5
    endloop
  endfacet
  facet normal -1 -0 0
    outer loop
      vertex 62 33.2 11.5
      vertex 62 0 3.5
      vertex 62 0 21.2647
    endloop
  endfacet
  facet normal -0 0.282166 0.959366
    outer loop
      vertex -65 33.2 11.5
      vertex -62 0 21.2647
      vertex -62 33.2 11.5
    endloop
  endfacet
  facet normal 0 0.282166 0.959366
    outer loop
      vertex -62 0 21.2647
      vertex -65 33.2 11.5
      vertex -65 0 21.2647
    endloop
  endfacet
  facet normal -0 0.282166 0.959366
    outer loop
      vertex 62 33.2 11.5
      vertex 65 0 21.2647
      vertex 65 33.2 11.5
    endloop
  endfacet
  facet normal 0 0.282166 0.959366
    outer loop
      vertex 65 0 21.2647
      vertex 62 33.2 11.5
      vertex 62 0 21.2647
    endloop
  endfacet
  facet normal 0 1 -0
    outer loop
      vertex 65 122 0
      vertex -65 122 11.5
      vertex 65 122 11.5
    endloop
  endfacet
  facet normal 0 1 0
    outer loop
      vertex -65 122 11.5
      vertex 65 122 0
      vertex -65 122 0
    endloop
  endfacet
  facet normal 0 -1 0
    outer loop
      vertex -62 118.2 3.5
      vertex 62 118.2 11.5
      vertex -62 118.2 11.5
    endloop
  endfacet
  facet normal 0 -1 -0
    outer loop
      vertex 62 118.2 11.5
      vertex -62 118.2 3.5
      vertex 62 118.2 3.5
    endloop
  endfacet
endsolid OpenSCAD_Model
