solid OpenSCAD_Model
  facet normal -1 0 0
    outer loop
      vertex -54.5 -3 8
      vertex -54.5 0 136
      vertex -54.5 0 8
    endloop
  endfacet
  facet normal -1 -0 0
    outer loop
      vertex -54.5 0 136
      vertex -54.5 -3 8
      vertex -54.5 -3 136
    endloop
  endfacet
  facet normal 0 0 -1
    outer loop
      vertex -86.5 -3 136
      vertex -54.5 0 136
      vertex -54.5 -3 136
    endloop
  endfacet
  facet normal -0 0 -1
    outer loop
      vertex -54.5 0 136
      vertex -86.5 -3 136
      vertex -86.5 0 136
    endloop
  endfacet
  facet normal -0 0 1
    outer loop
      vertex -86.5 0 8
      vertex -54.5 -3 8
      vertex -54.5 0 8
    endloop
  endfacet
  facet normal 0 0 1
    outer loop
      vertex -54.5 -3 8
      vertex -86.5 0 8
      vertex -86.5 -3 8
    endloop
  endfacet
  facet normal 1 -0 0
    outer loop
      vertex -86.5 -3 136
      vertex -86.5 0 8
      vertex -86.5 0 136
    endloop
  endfacet
  facet normal 1 0 0
    outer loop
      vertex -86.5 0 8
      vertex -86.5 -3 136
      vertex -86.5 -3 8
    endloop
  endfacet
  facet normal -1 0 0
    outer loop
      vertex -7.5 -3 8
      vertex -7.5 0 136
      vertex -7.5 0 8
    endloop
  endfacet
  facet normal -1 -0 0
    outer loop
      vertex -7.5 0 136
      vertex -7.5 -3 8
      vertex -7.5 -3 136
    endloop
  endfacet
  facet normal 0 0 -1
    outer loop
      vertex -39.5 -3 136
      vertex -7.5 0 136
      vertex -7.5 -3 136
    endloop
  endfacet
  facet normal -0 0 -1
    outer loop
      vertex -7.5 0 136
      vertex -39.5 -3 136
      vertex -39.5 0 136
    endloop
  endfacet
  facet normal -0 0 1
    outer loop
      vertex -39.5 0 8
      vertex -7.5 -3 8
      vertex -7.5 0 8
    endloop
  endfacet
  facet normal 0 0 1
    outer loop
      vertex -7.5 -3 8
      vertex -39.5 0 8
      vertex -39.5 -3 8
    endloop
  endfacet
  facet normal 1 -0 0
    outer loop
      vertex -39.5 -3 136
      vertex -39.5 0 8
      vertex -39.5 0 136
    endloop
  endfacet
  facet normal 1 0 0
    outer loop
      vertex -39.5 0 8
      vertex -39.5 -3 136
      vertex -39.5 -3 8
    endloop
  endfacet
  facet normal -1 0 0
    outer loop
      vertex 39.5 -3 8
      vertex 39.5 0 136
      vertex 39.5 0 8
    endloop
  endfacet
  facet normal -1 -0 0
    outer loop
      vertex 39.5 0 136
      vertex 39.5 -3 8
      vertex 39.5 -3 136
    endloop
  endfacet
  facet normal 0 0 -1
    outer loop
      vertex 7.5 -3 136
      vertex 39.5 0 136
      vertex 39.5 -3 136
    endloop
  endfacet
  facet normal -0 0 -1
    outer loop
      vertex 39.5 0 136
      vertex 7.5 -3 136
      vertex 7.5 0 136
    endloop
  endfacet
  facet normal -0 0 1
    outer loop
      vertex 7.5 0 8
      vertex 39.5 -3 8
      vertex 39.5 0 8
    endloop
  endfacet
  facet normal 0 0 1
    outer loop
      vertex 39.5 -3 8
      vertex 7.5 0 8
      vertex 7.5 -3 8
    endloop
  endfacet
  facet normal 1 -0 0
    outer loop
      vertex 7.5 -3 136
      vertex 7.5 0 8
      vertex 7.5 0 136
    endloop
  endfacet
  facet normal 1 0 0
    outer loop
      vertex 7.5 0 8
      vertex 7.5 -3 136
      vertex 7.5 -3 8
    endloop
  endfacet
  facet normal -1 0 0
    outer loop
      vertex 86.5 -3 8
      vertex 86.5 0 136
      vertex 86.5 0 8
    endloop
  endfacet
  facet normal -1 -0 0
    outer loop
      vertex 86.5 0 136
      vertex 86.5 -3 8
      vertex 86.5 -3 136
    endloop
  endfacet
  facet normal 0 0 -1
    outer loop
      vertex 54.5 -3 136
      vertex 86.5 0 136
      vertex 86.5 -3 136
    endloop
  endfacet
  facet normal -0 0 -1
    outer loop
      vertex 86.5 0 136
      vertex 54.5 -3 136
      vertex 54.5 0 136
    endloop
  endfacet
  facet normal -0 0 1
    outer loop
      vertex 54.5 0 8
      vertex 86.5 -3 8
      vertex 86.5 0 8
    endloop
  endfacet
  facet normal 0 0 1
    outer loop
      vertex 86.5 -3 8
      vertex 54.5 0 8
      vertex 54.5 -3 8
    endloop
  endfacet
  facet normal 1 -0 0
    outer loop
      vertex 54.5 -3 136
      vertex 54.5 0 8
      vertex 54.5 0 136
    endloop
  endfacet
  facet normal 1 0 0
    outer loop
      vertex 54.5 0 8
      vertex 54.5 -3 136
      vertex 54.5 -3 8
    endloop
  endfacet
  facet normal 0.650114 0 0.759837
    outer loop
      vertex -123.341 0 4.75901
      vertex -123.073 -3 4.52971
      vertex -123.073 0 4.52971
    endloop
  endfacet
  facet normal 0.650114 0 0.759837
    outer loop
      vertex -123.073 -3 4.52971
      vertex -123.341 0 4.75901
      vertex -123.341 -3 4.75901
    endloop
  endfacet
  facet normal -0.996851 0 0.0792995
    outer loop
      vertex -112.028 -3 5.99802
      vertex -112 0 6.35
      vertex -112.028 0 5.99802
    endloop
  endfacet
  facet normal -0.996851 0 0.0792995
    outer loop
      vertex -112 0 6.35
      vertex -112.028 -3 5.99802
      vertex -112 -3 6.35
    endloop
  endfacet
  facet normal 0.760819 0 -0.648964
    outer loop
      vertex -123.341 -3 7.94099
      vertex -123.57 0 7.67252
      vertex -123.341 0 7.94099
    endloop
  endfacet
  facet normal 0.760819 0 -0.648964
    outer loop
      vertex -123.57 0 7.67252
      vertex -123.341 -3 7.94099
      vertex -123.57 -3 7.67252
    endloop
  endfacet
  facet normal 0.521295 0 0.853377
    outer loop
      vertex -123.073 0 4.52971
      vertex -122.771 -3 4.34523
      vertex -122.771 0 4.34523
    endloop
  endfacet
  facet normal 0.521295 0 0.853377
    outer loop
      vertex -122.771 -3 4.34523
      vertex -123.073 0 4.52971
      vertex -123.073 -3 4.52971
    endloop
  endfacet
  facet normal -0 0 1
    outer loop
      vertex -121.75 0 4.1
      vertex -114.25 -3 4.1
      vertex -114.25 0 4.1
    endloop
  endfacet
  facet normal 0 0 1
    outer loop
      vertex -114.25 -3 4.1
      vertex -121.75 0 4.1
      vertex -121.75 -3 4.1
    endloop
  endfacet
  facet normal 0.521274 0 -0.853389
    outer loop
      vertex -123.073 -3 8.17029
      vertex -122.771 0 8.35476
      vertex -122.771 -3 8.35476
    endloop
  endfacet
  facet normal 0.521274 0 -0.853389
    outer loop
      vertex -122.771 0 8.35476
      vertex -123.073 -3 8.17029
      vertex -123.073 0 8.17029
    endloop
  endfacet
  facet normal 0.233641 0 -0.972323
    outer loop
      vertex -122.445 -3 8.48988
      vertex -122.102 0 8.5723
      vertex -122.102 -3 8.5723
    endloop
  endfacet
  facet normal 0.233641 0 -0.972323
    outer loop
      vertex -122.102 0 8.5723
      vertex -122.445 -3 8.48988
      vertex -122.445 0 8.48988
    endloop
  endfacet
  facet normal 0.996851 0 -0.0792995
    outer loop
      vertex -123.972 -3 6.70198
      vertex -124 0 6.35
      vertex -123.972 0 6.70198
    endloop
  endfacet
  facet normal 0.996851 0 -0.0792995
    outer loop
      vertex -124 0 6.35
      vertex -123.972 -3 6.70198
      vertex -124 -3 6.35
    endloop
  endfacet
  facet normal -0.0784506 0 0.996918
    outer loop
      vertex -114.25 0 4.1
      vertex -113.898 -3 4.1277
      vertex -113.898 0 4.1277
    endloop
  endfacet
  facet normal -0.0784506 0 0.996918
    outer loop
      vertex -113.898 -3 4.1277
      vertex -114.25 0 4.1
      vertex -114.25 -3 4.1
    endloop
  endfacet
  facet normal 0.851981 -0 0.523573
    outer loop
      vertex -123.755 -3 5.32852
      vertex -123.57 0 5.02748
      vertex -123.755 0 5.32852
    endloop
  endfacet
  facet normal 0.851981 0 0.523573
    outer loop
      vertex -123.57 0 5.02748
      vertex -123.755 -3 5.32852
      vertex -123.57 -3 5.02748
    endloop
  endfacet
  facet normal -0.650114 0 -0.759837
    outer loop
      vertex -112.927 -3 8.17029
      vertex -112.659 0 7.94099
      vertex -112.659 -3 7.94099
    endloop
  endfacet
  facet normal -0.650114 0 -0.759837
    outer loop
      vertex -112.659 0 7.94099
      vertex -112.927 -3 8.17029
      vertex -112.927 0 8.17029
    endloop
  endfacet
  facet normal -0.97264 0 -0.232316
    outer loop
      vertex -112.028 -3 6.70198
      vertex -112.11 0 7.04529
      vertex -112.028 0 6.70198
    endloop
  endfacet
  facet normal -0.97264 -0 -0.232316
    outer loop
      vertex -112.11 0 7.04529
      vertex -112.028 -3 6.70198
      vertex -112.11 -3 7.04529
    endloop
  endfacet
  facet normal 0.650114 0 -0.759837
    outer loop
      vertex -123.341 -3 7.94099
      vertex -123.073 0 8.17029
      vertex -123.073 -3 8.17029
    endloop
  endfacet
  facet normal 0.650114 0 -0.759837
    outer loop
      vertex -123.073 0 8.17029
      vertex -123.341 -3 7.94099
      vertex -123.341 0 7.94099
    endloop
  endfacet
  facet normal 0.382892 0 -0.923793
    outer loop
      vertex -122.771 -3 8.35476
      vertex -122.445 0 8.48988
      vertex -122.445 -3 8.48988
    endloop
  endfacet
  facet normal 0.382892 0 -0.923793
    outer loop
      vertex -122.445 0 8.48988
      vertex -122.771 -3 8.35476
      vertex -122.771 0 8.35476
    endloop
  endfacet
  facet normal -0.760819 0 -0.648964
    outer loop
      vertex -112.43 -3 7.67252
      vertex -112.659 0 7.94099
      vertex -112.43 0 7.67252
    endloop
  endfacet
  facet normal -0.760819 -0 -0.648964
    outer loop
      vertex -112.659 0 7.94099
      vertex -112.43 -3 7.67252
      vertex -112.659 -3 7.94099
    endloop
  endfacet
  facet normal 0.923992 -0 0.382412
    outer loop
      vertex -123.89 -3 5.65471
      vertex -123.755 0 5.32852
      vertex -123.89 0 5.65471
    endloop
  endfacet
  facet normal 0.923992 0 0.382412
    outer loop
      vertex -123.755 0 5.32852
      vertex -123.89 -3 5.65471
      vertex -123.755 -3 5.32852
    endloop
  endfacet
  facet normal -0.851981 0 -0.523573
    outer loop
      vertex -112.245 -3 7.37148
      vertex -112.43 0 7.67252
      vertex -112.245 0 7.37148
    endloop
  endfacet
  facet normal -0.851981 -0 -0.523573
    outer loop
      vertex -112.43 0 7.67252
      vertex -112.245 -3 7.37148
      vertex -112.43 -3 7.67252
    endloop
  endfacet
  facet normal -0.0784506 0 -0.996918
    outer loop
      vertex -114.25 -3 8.6
      vertex -113.898 0 8.5723
      vertex -113.898 -3 8.5723
    endloop
  endfacet
  facet normal -0.0784506 0 -0.996918
    outer loop
      vertex -113.898 0 8.5723
      vertex -114.25 -3 8.6
      vertex -114.25 0 8.6
    endloop
  endfacet
  facet normal -0.233641 0 -0.972323
    outer loop
      vertex -113.898 -3 8.5723
      vertex -113.555 0 8.48988
      vertex -113.555 -3 8.48988
    endloop
  endfacet
  facet normal -0.233641 0 -0.972323
    outer loop
      vertex -113.555 0 8.48988
      vertex -113.898 -3 8.5723
      vertex -113.898 0 8.5723
    endloop
  endfacet
  facet normal -0.233641 0 0.972323
    outer loop
      vertex -113.898 0 4.1277
      vertex -113.555 -3 4.21012
      vertex -113.555 0 4.21012
    endloop
  endfacet
  facet normal -0.233641 0 0.972323
    outer loop
      vertex -113.555 -3 4.21012
      vertex -113.898 0 4.1277
      vertex -113.898 -3 4.1277
    endloop
  endfacet
  facet normal -0.382868 0 0.923803
    outer loop
      vertex -113.555 0 4.21012
      vertex -113.229 -3 4.34523
      vertex -113.229 0 4.34523
    endloop
  endfacet
  facet normal -0.382868 0 0.923803
    outer loop
      vertex -113.229 -3 4.34523
      vertex -113.555 0 4.21012
      vertex -113.555 -3 4.21012
    endloop
  endfacet
  facet normal -0.650114 0 0.759837
    outer loop
      vertex -112.927 0 4.52971
      vertex -112.659 -3 4.75901
      vertex -112.659 0 4.75901
    endloop
  endfacet
  facet normal -0.650114 0 0.759837
    outer loop
      vertex -112.659 -3 4.75901
      vertex -112.927 0 4.52971
      vertex -112.927 -3 4.52971
    endloop
  endfacet
  facet normal 0.851981 0 -0.523573
    outer loop
      vertex -123.57 -3 7.67252
      vertex -123.755 0 7.37148
      vertex -123.57 0 7.67252
    endloop
  endfacet
  facet normal 0.851981 0 -0.523573
    outer loop
      vertex -123.755 0 7.37148
      vertex -123.57 -3 7.67252
      vertex -123.755 -3 7.37148
    endloop
  endfacet
  facet normal -0.521295 0 0.853377
    outer loop
      vertex -113.229 0 4.34523
      vertex -112.927 -3 4.52971
      vertex -112.927 0 4.52971
    endloop
  endfacet
  facet normal -0.521295 0 0.853377
    outer loop
      vertex -112.927 -3 4.52971
      vertex -113.229 0 4.34523
      vertex -113.229 -3 4.34523
    endloop
  endfacet
  facet normal 0.382868 0 0.923803
    outer loop
      vertex -122.771 0 4.34523
      vertex -122.445 -3 4.21012
      vertex -122.445 0 4.21012
    endloop
  endfacet
  facet normal 0.382868 0 0.923803
    outer loop
      vertex -122.445 -3 4.21012
      vertex -122.771 0 4.34523
      vertex -122.771 -3 4.34523
    endloop
  endfacet
  facet normal 0 0 -1
    outer loop
      vertex -121.75 -3 8.6
      vertex -114.25 0 8.6
      vertex -114.25 -3 8.6
    endloop
  endfacet
  facet normal -0 0 -1
    outer loop
      vertex -114.25 0 8.6
      vertex -121.75 -3 8.6
      vertex -121.75 0 8.6
    endloop
  endfacet
  facet normal 0.0784506 0 -0.996918
    outer loop
      vertex -122.102 -3 8.5723
      vertex -121.75 0 8.6
      vertex -121.75 -3 8.6
    endloop
  endfacet
  facet normal 0.0784506 0 -0.996918
    outer loop
      vertex -121.75 0 8.6
      vertex -122.102 -3 8.5723
      vertex -122.102 0 8.5723
    endloop
  endfacet
  facet normal -0.97264 0 0.232316
    outer loop
      vertex -112.11 -3 5.65471
      vertex -112.028 0 5.99802
      vertex -112.11 0 5.65471
    endloop
  endfacet
  facet normal -0.97264 0 0.232316
    outer loop
      vertex -112.028 0 5.99802
      vertex -112.11 -3 5.65471
      vertex -112.028 -3 5.99802
    endloop
  endfacet
  facet normal 0.0784506 0 0.996918
    outer loop
      vertex -122.102 0 4.1277
      vertex -121.75 -3 4.1
      vertex -121.75 0 4.1
    endloop
  endfacet
  facet normal 0.0784506 0 0.996918
    outer loop
      vertex -121.75 -3 4.1
      vertex -122.102 0 4.1277
      vertex -122.102 -3 4.1277
    endloop
  endfacet
  facet normal 0.233641 0 0.972323
    outer loop
      vertex -122.445 0 4.21012
      vertex -122.102 -3 4.1277
      vertex -122.102 0 4.1277
    endloop
  endfacet
  facet normal 0.233641 0 0.972323
    outer loop
      vertex -122.102 -3 4.1277
      vertex -122.445 0 4.21012
      vertex -122.445 -3 4.21012
    endloop
  endfacet
  facet normal 0.97264 -0 0.232316
    outer loop
      vertex -123.972 -3 5.99802
      vertex -123.89 0 5.65471
      vertex -123.972 0 5.99802
    endloop
  endfacet
  facet normal 0.97264 0 0.232316
    outer loop
      vertex -123.89 0 5.65471
      vertex -123.972 -3 5.99802
      vertex -123.89 -3 5.65471
    endloop
  endfacet
  facet normal 0.97264 0 -0.232316
    outer loop
      vertex -123.89 -3 7.04529
      vertex -123.972 0 6.70198
      vertex -123.89 0 7.04529
    endloop
  endfacet
  facet normal 0.97264 0 -0.232316
    outer loop
      vertex -123.972 0 6.70198
      vertex -123.89 -3 7.04529
      vertex -123.972 -3 6.70198
    endloop
  endfacet
  facet normal 0.923992 0 -0.382412
    outer loop
      vertex -123.755 -3 7.37148
      vertex -123.89 0 7.04529
      vertex -123.755 0 7.37148
    endloop
  endfacet
  facet normal 0.923992 0 -0.382412
    outer loop
      vertex -123.89 0 7.04529
      vertex -123.755 -3 7.37148
      vertex -123.89 -3 7.04529
    endloop
  endfacet
  facet normal -0.923992 0 -0.382412
    outer loop
      vertex -112.11 -3 7.04529
      vertex -112.245 0 7.37148
      vertex -112.11 0 7.04529
    endloop
  endfacet
  facet normal -0.923992 -0 -0.382412
    outer loop
      vertex -112.245 0 7.37148
      vertex -112.11 -3 7.04529
      vertex -112.245 -3 7.37148
    endloop
  endfacet
  facet normal -0.996851 0 -0.0792995
    outer loop
      vertex -112 -3 6.35
      vertex -112.028 0 6.70198
      vertex -112 0 6.35
    endloop
  endfacet
  facet normal -0.996851 -0 -0.0792995
    outer loop
      vertex -112.028 0 6.70198
      vertex -112 -3 6.35
      vertex -112.028 -3 6.70198
    endloop
  endfacet
  facet normal -0.521274 0 -0.853389
    outer loop
      vertex -113.229 -3 8.35476
      vertex -112.927 0 8.17029
      vertex -112.927 -3 8.17029
    endloop
  endfacet
  facet normal -0.521274 0 -0.853389
    outer loop
      vertex -112.927 0 8.17029
      vertex -113.229 -3 8.35476
      vertex -113.229 0 8.35476
    endloop
  endfacet
  facet normal -0.851981 0 0.523573
    outer loop
      vertex -112.43 -3 5.02748
      vertex -112.245 0 5.32852
      vertex -112.43 0 5.02748
    endloop
  endfacet
  facet normal -0.851981 0 0.523573
    outer loop
      vertex -112.245 0 5.32852
      vertex -112.43 -3 5.02748
      vertex -112.245 -3 5.32852
    endloop
  endfacet
  facet normal -0.382892 0 -0.923793
    outer loop
      vertex -113.555 -3 8.48988
      vertex -113.229 0 8.35476
      vertex -113.229 -3 8.35476
    endloop
  endfacet
  facet normal -0.382892 0 -0.923793
    outer loop
      vertex -113.229 0 8.35476
      vertex -113.555 -3 8.48988
      vertex -113.555 0 8.48988
    endloop
  endfacet
  facet normal -0.923992 0 0.382412
    outer loop
      vertex -112.245 -3 5.32852
      vertex -112.11 0 5.65471
      vertex -112.245 0 5.32852
    endloop
  endfacet
  facet normal -0.923992 0 0.382412
    outer loop
      vertex -112.11 0 5.65471
      vertex -112.245 -3 5.32852
      vertex -112.11 -3 5.65471
    endloop
  endfacet
  facet normal 0.996851 -0 0.0792995
    outer loop
      vertex -124 -3 6.35
      vertex -123.972 0 5.99802
      vertex -124 0 6.35
    endloop
  endfacet
  facet normal 0.996851 0 0.0792995
    outer loop
      vertex -123.972 0 5.99802
      vertex -124 -3 6.35
      vertex -123.972 -3 5.99802
    endloop
  endfacet
  facet normal -0.760819 0 0.648964
    outer loop
      vertex -112.659 -3 4.75901
      vertex -112.43 0 5.02748
      vertex -112.659 0 4.75901
    endloop
  endfacet
  facet normal -0.760819 0 0.648964
    outer loop
      vertex -112.43 0 5.02748
      vertex -112.659 -3 4.75901
      vertex -112.43 -3 5.02748
    endloop
  endfacet
  facet normal 0.760819 -0 0.648964
    outer loop
      vertex -123.57 -3 5.02748
      vertex -123.341 0 4.75901
      vertex -123.57 0 5.02748
    endloop
  endfacet
  facet normal 0.760819 0 0.648964
    outer loop
      vertex -123.341 0 4.75901
      vertex -123.57 -3 5.02748
      vertex -123.341 -3 4.75901
    endloop
  endfacet
  facet normal 0.649623 0 0.760257
    outer loop
      vertex -123.341 0 169.859
      vertex -123.073 -3 169.63
      vertex -123.073 0 169.63
    endloop
  endfacet
  facet normal 0.649623 0 0.760257
    outer loop
      vertex -123.073 -3 169.63
      vertex -123.341 0 169.859
      vertex -123.341 -3 169.859
    endloop
  endfacet
  facet normal -0.996851 0 0.079295
    outer loop
      vertex -112.028 -3 171.098
      vertex -112 0 171.45
      vertex -112.028 0 171.098
    endloop
  endfacet
  facet normal -0.996851 0 0.079295
    outer loop
      vertex -112 0 171.45
      vertex -112.028 -3 171.098
      vertex -112 -3 171.45
    endloop
  endfacet
  facet normal 0.760257 0 -0.649623
    outer loop
      vertex -123.341 -3 173.041
      vertex -123.57 0 172.773
      vertex -123.341 0 173.041
    endloop
  endfacet
  facet normal 0.760257 0 -0.649623
    outer loop
      vertex -123.57 0 172.773
      vertex -123.341 -3 173.041
      vertex -123.57 -3 172.773
    endloop
  endfacet
  facet normal 0.522363 0 0.852723
    outer loop
      vertex -123.073 0 169.63
      vertex -122.771 -3 169.445
      vertex -122.771 0 169.445
    endloop
  endfacet
  facet normal 0.522363 0 0.852723
    outer loop
      vertex -122.771 -3 169.445
      vertex -123.073 0 169.63
      vertex -123.073 -3 169.63
    endloop
  endfacet
  facet normal -0 0 1
    outer loop
      vertex -121.75 0 169.2
      vertex -114.25 -3 169.2
      vertex -114.25 0 169.2
    endloop
  endfacet
  facet normal 0 0 1
    outer loop
      vertex -114.25 -3 169.2
      vertex -121.75 0 169.2
      vertex -121.75 -3 169.2
    endloop
  endfacet
  facet normal 0.522363 0 -0.852723
    outer loop
      vertex -123.073 -3 173.27
      vertex -122.771 0 173.455
      vertex -122.771 -3 173.455
    endloop
  endfacet
  facet normal 0.522363 0 -0.852723
    outer loop
      vertex -122.771 0 173.455
      vertex -123.073 -3 173.27
      vertex -123.073 0 173.27
    endloop
  endfacet
  facet normal 0.232515 0 -0.972593
    outer loop
      vertex -122.445 -3 173.59
      vertex -122.102 0 173.672
      vertex -122.102 -3 173.672
    endloop
  endfacet
  facet normal 0.232515 0 -0.972593
    outer loop
      vertex -122.102 0 173.672
      vertex -122.445 -3 173.59
      vertex -122.445 0 173.59
    endloop
  endfacet
  facet normal 0.996851 0 -0.079295
    outer loop
      vertex -123.972 -3 171.802
      vertex -124 0 171.45
      vertex -123.972 0 171.802
    endloop
  endfacet
  facet normal 0.996851 0 -0.079295
    outer loop
      vertex -124 0 171.45
      vertex -123.972 -3 171.802
      vertex -124 -3 171.45
    endloop
  endfacet
  facet normal -0.079295 0 0.996851
    outer loop
      vertex -114.25 0 169.2
      vertex -113.898 -3 169.228
      vertex -113.898 0 169.228
    endloop
  endfacet
  facet normal -0.079295 0 0.996851
    outer loop
      vertex -113.898 -3 169.228
      vertex -114.25 0 169.2
      vertex -114.25 -3 169.2
    endloop
  endfacet
  facet normal 0.852723 -0 0.522363
    outer loop
      vertex -123.755 -3 170.429
      vertex -123.57 0 170.127
      vertex -123.755 0 170.429
    endloop
  endfacet
  facet normal 0.852723 0 0.522363
    outer loop
      vertex -123.57 0 170.127
      vertex -123.755 -3 170.429
      vertex -123.57 -3 170.127
    endloop
  endfacet
  facet normal -0.649623 0 -0.760257
    outer loop
      vertex -112.927 -3 173.27
      vertex -112.659 0 173.041
      vertex -112.659 -3 173.041
    endloop
  endfacet
  facet normal -0.649623 0 -0.760257
    outer loop
      vertex -112.659 0 173.041
      vertex -112.927 -3 173.27
      vertex -112.927 0 173.27
    endloop
  endfacet
  facet normal -0.972593 0 -0.232515
    outer loop
      vertex -112.028 -3 171.802
      vertex -112.11 0 172.145
      vertex -112.028 0 171.802
    endloop
  endfacet
  facet normal -0.972593 -0 -0.232515
    outer loop
      vertex -112.11 0 172.145
      vertex -112.028 -3 171.802
      vertex -112.11 -3 172.145
    endloop
  endfacet
  facet normal 0.649623 0 -0.760257
    outer loop
      vertex -123.341 -3 173.041
      vertex -123.073 0 173.27
      vertex -123.073 -3 173.27
    endloop
  endfacet
  facet normal 0.649623 0 -0.760257
    outer loop
      vertex -123.073 0 173.27
      vertex -123.341 -3 173.041
      vertex -123.341 0 173.041
    endloop
  endfacet
  facet normal 0.382602 0 -0.923913
    outer loop
      vertex -122.771 -3 173.455
      vertex -122.445 0 173.59
      vertex -122.445 -3 173.59
    endloop
  endfacet
  facet normal 0.382602 0 -0.923913
    outer loop
      vertex -122.445 0 173.59
      vertex -122.771 -3 173.455
      vertex -122.771 0 173.455
    endloop
  endfacet
  facet normal -0.760257 0 -0.649623
    outer loop
      vertex -112.43 -3 172.773
      vertex -112.659 0 173.041
      vertex -112.43 0 172.773
    endloop
  endfacet
  facet normal -0.760257 -0 -0.649623
    outer loop
      vertex -112.659 0 173.041
      vertex -112.43 -3 172.773
      vertex -112.659 -3 173.041
    endloop
  endfacet
  facet normal 0.923913 -0 0.382602
    outer loop
      vertex -123.89 -3 170.755
      vertex -123.755 0 170.429
      vertex -123.89 0 170.755
    endloop
  endfacet
  facet normal 0.923913 0 0.382602
    outer loop
      vertex -123.755 0 170.429
      vertex -123.89 -3 170.755
      vertex -123.755 -3 170.429
    endloop
  endfacet
  facet normal -0.852723 0 -0.522363
    outer loop
      vertex -112.245 -3 172.471
      vertex -112.43 0 172.773
      vertex -112.245 0 172.471
    endloop
  endfacet
  facet normal -0.852723 -0 -0.522363
    outer loop
      vertex -112.43 0 172.773
      vertex -112.245 -3 172.471
      vertex -112.43 -3 172.773
    endloop
  endfacet
  facet normal -0.079295 0 -0.996851
    outer loop
      vertex -114.25 -3 173.7
      vertex -113.898 0 173.672
      vertex -113.898 -3 173.672
    endloop
  endfacet
  facet normal -0.079295 0 -0.996851
    outer loop
      vertex -113.898 0 173.672
      vertex -114.25 -3 173.7
      vertex -114.25 0 173.7
    endloop
  endfacet
  facet normal -0.232515 0 -0.972593
    outer loop
      vertex -113.898 -3 173.672
      vertex -113.555 0 173.59
      vertex -113.555 -3 173.59
    endloop
  endfacet
  facet normal -0.232515 0 -0.972593
    outer loop
      vertex -113.555 0 173.59
      vertex -113.898 -3 173.672
      vertex -113.898 0 173.672
    endloop
  endfacet
  facet normal -0.232515 0 0.972593
    outer loop
      vertex -113.898 0 169.228
      vertex -113.555 -3 169.31
      vertex -113.555 0 169.31
    endloop
  endfacet
  facet normal -0.232515 0 0.972593
    outer loop
      vertex -113.555 -3 169.31
      vertex -113.898 0 169.228
      vertex -113.898 -3 169.228
    endloop
  endfacet
  facet normal -0.382602 0 0.923913
    outer loop
      vertex -113.555 0 169.31
      vertex -113.229 -3 169.445
      vertex -113.229 0 169.445
    endloop
  endfacet
  facet normal -0.382602 0 0.923913
    outer loop
      vertex -113.229 -3 169.445
      vertex -113.555 0 169.31
      vertex -113.555 -3 169.31
    endloop
  endfacet
  facet normal -0.649623 0 0.760257
    outer loop
      vertex -112.927 0 169.63
      vertex -112.659 -3 169.859
      vertex -112.659 0 169.859
    endloop
  endfacet
  facet normal -0.649623 0 0.760257
    outer loop
      vertex -112.659 -3 169.859
      vertex -112.927 0 169.63
      vertex -112.927 -3 169.63
    endloop
  endfacet
  facet normal 0.852723 0 -0.522363
    outer loop
      vertex -123.57 -3 172.773
      vertex -123.755 0 172.471
      vertex -123.57 0 172.773
    endloop
  endfacet
  facet normal 0.852723 0 -0.522363
    outer loop
      vertex -123.755 0 172.471
      vertex -123.57 -3 172.773
      vertex -123.755 -3 172.471
    endloop
  endfacet
  facet normal -0.522363 0 0.852723
    outer loop
      vertex -113.229 0 169.445
      vertex -112.927 -3 169.63
      vertex -112.927 0 169.63
    endloop
  endfacet
  facet normal -0.522363 0 0.852723
    outer loop
      vertex -112.927 -3 169.63
      vertex -113.229 0 169.445
      vertex -113.229 -3 169.445
    endloop
  endfacet
  facet normal 0.382602 0 0.923913
    outer loop
      vertex -122.771 0 169.445
      vertex -122.445 -3 169.31
      vertex -122.445 0 169.31
    endloop
  endfacet
  facet normal 0.382602 0 0.923913
    outer loop
      vertex -122.445 -3 169.31
      vertex -122.771 0 169.445
      vertex -122.771 -3 169.445
    endloop
  endfacet
  facet normal 0 0 -1
    outer loop
      vertex -121.75 -3 173.7
      vertex -114.25 0 173.7
      vertex -114.25 -3 173.7
    endloop
  endfacet
  facet normal -0 0 -1
    outer loop
      vertex -114.25 0 173.7
      vertex -121.75 -3 173.7
      vertex -121.75 0 173.7
    endloop
  endfacet
  facet normal 0.079295 0 -0.996851
    outer loop
      vertex -122.102 -3 173.672
      vertex -121.75 0 173.7
      vertex -121.75 -3 173.7
    endloop
  endfacet
  facet normal 0.079295 0 -0.996851
    outer loop
      vertex -121.75 0 173.7
      vertex -122.102 -3 173.672
      vertex -122.102 0 173.672
    endloop
  endfacet
  facet normal -0.972593 0 0.232515
    outer loop
      vertex -112.11 -3 170.755
      vertex -112.028 0 171.098
      vertex -112.11 0 170.755
    endloop
  endfacet
  facet normal -0.972593 0 0.232515
    outer loop
      vertex -112.028 0 171.098
      vertex -112.11 -3 170.755
      vertex -112.028 -3 171.098
    endloop
  endfacet
  facet normal 0.079295 0 0.996851
    outer loop
      vertex -122.102 0 169.228
      vertex -121.75 -3 169.2
      vertex -121.75 0 169.2
    endloop
  endfacet
  facet normal 0.079295 0 0.996851
    outer loop
      vertex -121.75 -3 169.2
      vertex -122.102 0 169.228
      vertex -122.102 -3 169.228
    endloop
  endfacet
  facet normal 0.232515 0 0.972593
    outer loop
      vertex -122.445 0 169.31
      vertex -122.102 -3 169.228
      vertex -122.102 0 169.228
    endloop
  endfacet
  facet normal 0.232515 0 0.972593
    outer loop
      vertex -122.102 -3 169.228
      vertex -122.445 0 169.31
      vertex -122.445 -3 169.31
    endloop
  endfacet
  facet normal 0.972593 -0 0.232515
    outer loop
      vertex -123.972 -3 171.098
      vertex -123.89 0 170.755
      vertex -123.972 0 171.098
    endloop
  endfacet
  facet normal 0.972593 0 0.232515
    outer loop
      vertex -123.89 0 170.755
      vertex -123.972 -3 171.098
      vertex -123.89 -3 170.755
    endloop
  endfacet
  facet normal 0.972593 0 -0.232515
    outer loop
      vertex -123.89 -3 172.145
      vertex -123.972 0 171.802
      vertex -123.89 0 172.145
    endloop
  endfacet
  facet normal 0.972593 0 -0.232515
    outer loop
      vertex -123.972 0 171.802
      vertex -123.89 -3 172.145
      vertex -123.972 -3 171.802
    endloop
  endfacet
  facet normal 0.923913 0 -0.382602
    outer loop
      vertex -123.755 -3 172.471
      vertex -123.89 0 172.145
      vertex -123.755 0 172.471
    endloop
  endfacet
  facet normal 0.923913 0 -0.382602
    outer loop
      vertex -123.89 0 172.145
      vertex -123.755 -3 172.471
      vertex -123.89 -3 172.145
    endloop
  endfacet
  facet normal -0.923913 0 -0.382602
    outer loop
      vertex -112.11 -3 172.145
      vertex -112.245 0 172.471
      vertex -112.11 0 172.145
    endloop
  endfacet
  facet normal -0.923913 -0 -0.382602
    outer loop
      vertex -112.245 0 172.471
      vertex -112.11 -3 172.145
      vertex -112.245 -3 172.471
    endloop
  endfacet
  facet normal -0.996851 0 -0.079295
    outer loop
      vertex -112 -3 171.45
      vertex -112.028 0 171.802
      vertex -112 0 171.45
    endloop
  endfacet
  facet normal -0.996851 -0 -0.079295
    outer loop
      vertex -112.028 0 171.802
      vertex -112 -3 171.45
      vertex -112.028 -3 171.802
    endloop
  endfacet
  facet normal -0.522363 0 -0.852723
    outer loop
      vertex -113.229 -3 173.455
      vertex -112.927 0 173.27
      vertex -112.927 -3 173.27
    endloop
  endfacet
  facet normal -0.522363 0 -0.852723
    outer loop
      vertex -112.927 0 173.27
      vertex -113.229 -3 173.455
      vertex -113.229 0 173.455
    endloop
  endfacet
  facet normal -0.852723 0 0.522363
    outer loop
      vertex -112.43 -3 170.127
      vertex -112.245 0 170.429
      vertex -112.43 0 170.127
    endloop
  endfacet
  facet normal -0.852723 0 0.522363
    outer loop
      vertex -112.245 0 170.429
      vertex -112.43 -3 170.127
      vertex -112.245 -3 170.429
    endloop
  endfacet
  facet normal -0.382602 0 -0.923913
    outer loop
      vertex -113.555 -3 173.59
      vertex -113.229 0 173.455
      vertex -113.229 -3 173.455
    endloop
  endfacet
  facet normal -0.382602 0 -0.923913
    outer loop
      vertex -113.229 0 173.455
      vertex -113.555 -3 173.59
      vertex -113.555 0 173.59
    endloop
  endfacet
  facet normal -0.923913 0 0.382602
    outer loop
      vertex -112.245 -3 170.429
      vertex -112.11 0 170.755
      vertex -112.245 0 170.429
    endloop
  endfacet
  facet normal -0.923913 0 0.382602
    outer loop
      vertex -112.11 0 170.755
      vertex -112.245 -3 170.429
      vertex -112.11 -3 170.755
    endloop
  endfacet
  facet normal 0.996851 -0 0.079295
    outer loop
      vertex -124 -3 171.45
      vertex -123.972 0 171.098
      vertex -124 0 171.45
    endloop
  endfacet
  facet normal 0.996851 0 0.079295
    outer loop
      vertex -123.972 0 171.098
      vertex -124 -3 171.45
      vertex -123.972 -3 171.098
    endloop
  endfacet
  facet normal -0.760257 0 0.649623
    outer loop
      vertex -112.659 -3 169.859
      vertex -112.43 0 170.127
      vertex -112.659 0 169.859
    endloop
  endfacet
  facet normal -0.760257 0 0.649623
    outer loop
      vertex -112.43 0 170.127
      vertex -112.659 -3 169.859
      vertex -112.43 -3 170.127
    endloop
  endfacet
  facet normal 0.760257 -0 0.649623
    outer loop
      vertex -123.57 -3 170.127
      vertex -123.341 0 169.859
      vertex -123.57 0 170.127
    endloop
  endfacet
  facet normal 0.760257 0 0.649623
    outer loop
      vertex -123.341 0 169.859
      vertex -123.57 -3 170.127
      vertex -123.341 -3 169.859
    endloop
  endfacet
  facet normal 0.650114 0 0.759837
    outer loop
      vertex 112.659 0 4.75901
      vertex 112.927 -3 4.52971
      vertex 112.927 0 4.52971
    endloop
  endfacet
  facet normal 0.650114 0 0.759837
    outer loop
      vertex 112.927 -3 4.52971
      vertex 112.659 0 4.75901
      vertex 112.659 -3 4.75901
    endloop
  endfacet
  facet normal -0.996851 0 0.0792995
    outer loop
      vertex 123.972 -3 5.99802
      vertex 124 0 6.35
      vertex 123.972 0 5.99802
    endloop
  endfacet
  facet normal -0.996851 0 0.0792995
    outer loop
      vertex 124 0 6.35
      vertex 123.972 -3 5.99802
      vertex 124 -3 6.35
    endloop
  endfacet
  facet normal 0.760819 0 -0.648964
    outer loop
      vertex 112.659 -3 7.94099
      vertex 112.43 0 7.67252
      vertex 112.659 0 7.94099
    endloop
  endfacet
  facet normal 0.760819 0 -0.648964
    outer loop
      vertex 112.43 0 7.67252
      vertex 112.659 -3 7.94099
      vertex 112.43 -3 7.67252
    endloop
  endfacet
  facet normal 0.521295 0 0.853377
    outer loop
      vertex 112.927 0 4.52971
      vertex 113.229 -3 4.34523
      vertex 113.229 0 4.34523
    endloop
  endfacet
  facet normal 0.521295 0 0.853377
    outer loop
      vertex 113.229 -3 4.34523
      vertex 112.927 0 4.52971
      vertex 112.927 -3 4.52971
    endloop
  endfacet
  facet normal -0 0 1
    outer loop
      vertex 114.25 0 4.1
      vertex 121.75 -3 4.1
      vertex 121.75 0 4.1
    endloop
  endfacet
  facet normal 0 0 1
    outer loop
      vertex 121.75 -3 4.1
      vertex 114.25 0 4.1
      vertex 114.25 -3 4.1
    endloop
  endfacet
  facet normal 0.521274 0 -0.853389
    outer loop
      vertex 112.927 -3 8.17029
      vertex 113.229 0 8.35476
      vertex 113.229 -3 8.35476
    endloop
  endfacet
  facet normal 0.521274 0 -0.853389
    outer loop
      vertex 113.229 0 8.35476
      vertex 112.927 -3 8.17029
      vertex 112.927 0 8.17029
    endloop
  endfacet
  facet normal 0.233641 0 -0.972323
    outer loop
      vertex 113.555 -3 8.48988
      vertex 113.898 0 8.5723
      vertex 113.898 -3 8.5723
    endloop
  endfacet
  facet normal 0.233641 0 -0.972323
    outer loop
      vertex 113.898 0 8.5723
      vertex 113.555 -3 8.48988
      vertex 113.555 0 8.48988
    endloop
  endfacet
  facet normal 0.996851 0 -0.0792995
    outer loop
      vertex 112.028 -3 6.70198
      vertex 112 0 6.35
      vertex 112.028 0 6.70198
    endloop
  endfacet
  facet normal 0.996851 0 -0.0792995
    outer loop
      vertex 112 0 6.35
      vertex 112.028 -3 6.70198
      vertex 112 -3 6.35
    endloop
  endfacet
  facet normal -0.0784506 0 0.996918
    outer loop
      vertex 121.75 0 4.1
      vertex 122.102 -3 4.1277
      vertex 122.102 0 4.1277
    endloop
  endfacet
  facet normal -0.0784506 0 0.996918
    outer loop
      vertex 122.102 -3 4.1277
      vertex 121.75 0 4.1
      vertex 121.75 -3 4.1
    endloop
  endfacet
  facet normal 0.851981 -0 0.523573
    outer loop
      vertex 112.245 -3 5.32852
      vertex 112.43 0 5.02748
      vertex 112.245 0 5.32852
    endloop
  endfacet
  facet normal 0.851981 0 0.523573
    outer loop
      vertex 112.43 0 5.02748
      vertex 112.245 -3 5.32852
      vertex 112.43 -3 5.02748
    endloop
  endfacet
  facet normal -0.650114 0 -0.759837
    outer loop
      vertex 123.073 -3 8.17029
      vertex 123.341 0 7.94099
      vertex 123.341 -3 7.94099
    endloop
  endfacet
  facet normal -0.650114 0 -0.759837
    outer loop
      vertex 123.341 0 7.94099
      vertex 123.073 -3 8.17029
      vertex 123.073 0 8.17029
    endloop
  endfacet
  facet normal -0.97264 0 -0.232316
    outer loop
      vertex 123.972 -3 6.70198
      vertex 123.89 0 7.04529
      vertex 123.972 0 6.70198
    endloop
  endfacet
  facet normal -0.97264 -0 -0.232316
    outer loop
      vertex 123.89 0 7.04529
      vertex 123.972 -3 6.70198
      vertex 123.89 -3 7.04529
    endloop
  endfacet
  facet normal 0.650114 0 -0.759837
    outer loop
      vertex 112.659 -3 7.94099
      vertex 112.927 0 8.17029
      vertex 112.927 -3 8.17029
    endloop
  endfacet
  facet normal 0.650114 0 -0.759837
    outer loop
      vertex 112.927 0 8.17029
      vertex 112.659 -3 7.94099
      vertex 112.659 0 7.94099
    endloop
  endfacet
  facet normal 0.382892 0 -0.923793
    outer loop
      vertex 113.229 -3 8.35476
      vertex 113.555 0 8.48988
      vertex 113.555 -3 8.48988
    endloop
  endfacet
  facet normal 0.382892 0 -0.923793
    outer loop
      vertex 113.555 0 8.48988
      vertex 113.229 -3 8.35476
      vertex 113.229 0 8.35476
    endloop
  endfacet
  facet normal -0.760819 0 -0.648964
    outer loop
      vertex 123.57 -3 7.67252
      vertex 123.341 0 7.94099
      vertex 123.57 0 7.67252
    endloop
  endfacet
  facet normal -0.760819 -0 -0.648964
    outer loop
      vertex 123.341 0 7.94099
      vertex 123.57 -3 7.67252
      vertex 123.341 -3 7.94099
    endloop
  endfacet
  facet normal 0.923992 -0 0.382412
    outer loop
      vertex 112.11 -3 5.65471
      vertex 112.245 0 5.32852
      vertex 112.11 0 5.65471
    endloop
  endfacet
  facet normal 0.923992 0 0.382412
    outer loop
      vertex 112.245 0 5.32852
      vertex 112.11 -3 5.65471
      vertex 112.245 -3 5.32852
    endloop
  endfacet
  facet normal -0.851981 0 -0.523573
    outer loop
      vertex 123.755 -3 7.37148
      vertex 123.57 0 7.67252
      vertex 123.755 0 7.37148
    endloop
  endfacet
  facet normal -0.851981 -0 -0.523573
    outer loop
      vertex 123.57 0 7.67252
      vertex 123.755 -3 7.37148
      vertex 123.57 -3 7.67252
    endloop
  endfacet
  facet normal -0.0784506 0 -0.996918
    outer loop
      vertex 121.75 -3 8.6
      vertex 122.102 0 8.5723
      vertex 122.102 -3 8.5723
    endloop
  endfacet
  facet normal -0.0784506 0 -0.996918
    outer loop
      vertex 122.102 0 8.5723
      vertex 121.75 -3 8.6
      vertex 121.75 0 8.6
    endloop
  endfacet
  facet normal -0.233641 0 -0.972323
    outer loop
      vertex 122.102 -3 8.5723
      vertex 122.445 0 8.48988
      vertex 122.445 -3 8.48988
    endloop
  endfacet
  facet normal -0.233641 0 -0.972323
    outer loop
      vertex 122.445 0 8.48988
      vertex 122.102 -3 8.5723
      vertex 122.102 0 8.5723
    endloop
  endfacet
  facet normal -0.233641 0 0.972323
    outer loop
      vertex 122.102 0 4.1277
      vertex 122.445 -3 4.21012
      vertex 122.445 0 4.21012
    endloop
  endfacet
  facet normal -0.233641 0 0.972323
    outer loop
      vertex 122.445 -3 4.21012
      vertex 122.102 0 4.1277
      vertex 122.102 -3 4.1277
    endloop
  endfacet
  facet normal -0.382868 0 0.923803
    outer loop
      vertex 122.445 0 4.21012
      vertex 122.771 -3 4.34523
      vertex 122.771 0 4.34523
    endloop
  endfacet
  facet normal -0.382868 0 0.923803
    outer loop
      vertex 122.771 -3 4.34523
      vertex 122.445 0 4.21012
      vertex 122.445 -3 4.21012
    endloop
  endfacet
  facet normal -0.650114 0 0.759837
    outer loop
      vertex 123.073 0 4.52971
      vertex 123.341 -3 4.75901
      vertex 123.341 0 4.75901
    endloop
  endfacet
  facet normal -0.650114 0 0.759837
    outer loop
      vertex 123.341 -3 4.75901
      vertex 123.073 0 4.52971
      vertex 123.073 -3 4.52971
    endloop
  endfacet
  facet normal 0.851981 0 -0.523573
    outer loop
      vertex 112.43 -3 7.67252
      vertex 112.245 0 7.37148
      vertex 112.43 0 7.67252
    endloop
  endfacet
  facet normal 0.851981 0 -0.523573
    outer loop
      vertex 112.245 0 7.37148
      vertex 112.43 -3 7.67252
      vertex 112.245 -3 7.37148
    endloop
  endfacet
  facet normal -0.521295 0 0.853377
    outer loop
      vertex 122.771 0 4.34523
      vertex 123.073 -3 4.52971
      vertex 123.073 0 4.52971
    endloop
  endfacet
  facet normal -0.521295 0 0.853377
    outer loop
      vertex 123.073 -3 4.52971
      vertex 122.771 0 4.34523
      vertex 122.771 -3 4.34523
    endloop
  endfacet
  facet normal 0.382868 0 0.923803
    outer loop
      vertex 113.229 0 4.34523
      vertex 113.555 -3 4.21012
      vertex 113.555 0 4.21012
    endloop
  endfacet
  facet normal 0.382868 0 0.923803
    outer loop
      vertex 113.555 -3 4.21012
      vertex 113.229 0 4.34523
      vertex 113.229 -3 4.34523
    endloop
  endfacet
  facet normal 0 0 -1
    outer loop
      vertex 114.25 -3 8.6
      vertex 121.75 0 8.6
      vertex 121.75 -3 8.6
    endloop
  endfacet
  facet normal -0 0 -1
    outer loop
      vertex 121.75 0 8.6
      vertex 114.25 -3 8.6
      vertex 114.25 0 8.6
    endloop
  endfacet
  facet normal 0.0784506 0 -0.996918
    outer loop
      vertex 113.898 -3 8.5723
      vertex 114.25 0 8.6
      vertex 114.25 -3 8.6
    endloop
  endfacet
  facet normal 0.0784506 0 -0.996918
    outer loop
      vertex 114.25 0 8.6
      vertex 113.898 -3 8.5723
      vertex 113.898 0 8.5723
    endloop
  endfacet
  facet normal -0.97264 0 0.232316
    outer loop
      vertex 123.89 -3 5.65471
      vertex 123.972 0 5.99802
      vertex 123.89 0 5.65471
    endloop
  endfacet
  facet normal -0.97264 0 0.232316
    outer loop
      vertex 123.972 0 5.99802
      vertex 123.89 -3 5.65471
      vertex 123.972 -3 5.99802
    endloop
  endfacet
  facet normal 0.0784506 0 0.996918
    outer loop
      vertex 113.898 0 4.1277
      vertex 114.25 -3 4.1
      vertex 114.25 0 4.1
    endloop
  endfacet
  facet normal 0.0784506 0 0.996918
    outer loop
      vertex 114.25 -3 4.1
      vertex 113.898 0 4.1277
      vertex 113.898 -3 4.1277
    endloop
  endfacet
  facet normal 0.233641 0 0.972323
    outer loop
      vertex 113.555 0 4.21012
      vertex 113.898 -3 4.1277
      vertex 113.898 0 4.1277
    endloop
  endfacet
  facet normal 0.233641 0 0.972323
    outer loop
      vertex 113.898 -3 4.1277
      vertex 113.555 0 4.21012
      vertex 113.555 -3 4.21012
    endloop
  endfacet
  facet normal 0.97264 -0 0.232316
    outer loop
      vertex 112.028 -3 5.99802
      vertex 112.11 0 5.65471
      vertex 112.028 0 5.99802
    endloop
  endfacet
  facet normal 0.97264 0 0.232316
    outer loop
      vertex 112.11 0 5.65471
      vertex 112.028 -3 5.99802
      vertex 112.11 -3 5.65471
    endloop
  endfacet
  facet normal 0.97264 0 -0.232316
    outer loop
      vertex 112.11 -3 7.04529
      vertex 112.028 0 6.70198
      vertex 112.11 0 7.04529
    endloop
  endfacet
  facet normal 0.97264 0 -0.232316
    outer loop
      vertex 112.028 0 6.70198
      vertex 112.11 -3 7.04529
      vertex 112.028 -3 6.70198
    endloop
  endfacet
  facet normal 0.923992 0 -0.382412
    outer loop
      vertex 112.245 -3 7.37148
      vertex 112.11 0 7.04529
      vertex 112.245 0 7.37148
    endloop
  endfacet
  facet normal 0.923992 0 -0.382412
    outer loop
      vertex 112.11 0 7.04529
      vertex 112.245 -3 7.37148
      vertex 112.11 -3 7.04529
    endloop
  endfacet
  facet normal -0.923992 0 -0.382412
    outer loop
      vertex 123.89 -3 7.04529
      vertex 123.755 0 7.37148
      vertex 123.89 0 7.04529
    endloop
  endfacet
  facet normal -0.923992 -0 -0.382412
    outer loop
      vertex 123.755 0 7.37148
      vertex 123.89 -3 7.04529
      vertex 123.755 -3 7.37148
    endloop
  endfacet
  facet normal -0.996851 0 -0.0792995
    outer loop
      vertex 124 -3 6.35
      vertex 123.972 0 6.70198
      vertex 124 0 6.35
    endloop
  endfacet
  facet normal -0.996851 -0 -0.0792995
    outer loop
      vertex 123.972 0 6.70198
      vertex 124 -3 6.35
      vertex 123.972 -3 6.70198
    endloop
  endfacet
  facet normal -0.521274 0 -0.853389
    outer loop
      vertex 122.771 -3 8.35476
      vertex 123.073 0 8.17029
      vertex 123.073 -3 8.17029
    endloop
  endfacet
  facet normal -0.521274 0 -0.853389
    outer loop
      vertex 123.073 0 8.17029
      vertex 122.771 -3 8.35476
      vertex 122.771 0 8.35476
    endloop
  endfacet
  facet normal -0.851981 0 0.523573
    outer loop
      vertex 123.57 -3 5.02748
      vertex 123.755 0 5.32852
      vertex 123.57 0 5.02748
    endloop
  endfacet
  facet normal -0.851981 0 0.523573
    outer loop
      vertex 123.755 0 5.32852
      vertex 123.57 -3 5.02748
      vertex 123.755 -3 5.32852
    endloop
  endfacet
  facet normal -0.382892 0 -0.923793
    outer loop
      vertex 122.445 -3 8.48988
      vertex 122.771 0 8.35476
      vertex 122.771 -3 8.35476
    endloop
  endfacet
  facet normal -0.382892 0 -0.923793
    outer loop
      vertex 122.771 0 8.35476
      vertex 122.445 -3 8.48988
      vertex 122.445 0 8.48988
    endloop
  endfacet
  facet normal -0.923992 0 0.382412
    outer loop
      vertex 123.755 -3 5.32852
      vertex 123.89 0 5.65471
      vertex 123.755 0 5.32852
    endloop
  endfacet
  facet normal -0.923992 0 0.382412
    outer loop
      vertex 123.89 0 5.65471
      vertex 123.755 -3 5.32852
      vertex 123.89 -3 5.65471
    endloop
  endfacet
  facet normal 0.996851 -0 0.0792995
    outer loop
      vertex 112 -3 6.35
      vertex 112.028 0 5.99802
      vertex 112 0 6.35
    endloop
  endfacet
  facet normal 0.996851 0 0.0792995
    outer loop
      vertex 112.028 0 5.99802
      vertex 112 -3 6.35
      vertex 112.028 -3 5.99802
    endloop
  endfacet
  facet normal -0.760819 0 0.648964
    outer loop
      vertex 123.341 -3 4.75901
      vertex 123.57 0 5.02748
      vertex 123.341 0 4.75901
    endloop
  endfacet
  facet normal -0.760819 0 0.648964
    outer loop
      vertex 123.57 0 5.02748
      vertex 123.341 -3 4.75901
      vertex 123.57 -3 5.02748
    endloop
  endfacet
  facet normal 0.760819 -0 0.648964
    outer loop
      vertex 112.43 -3 5.02748
      vertex 112.659 0 4.75901
      vertex 112.43 0 5.02748
    endloop
  endfacet
  facet normal 0.760819 0 0.648964
    outer loop
      vertex 112.659 0 4.75901
      vertex 112.43 -3 5.02748
      vertex 112.659 -3 4.75901
    endloop
  endfacet
  facet normal 0.649623 0 0.760257
    outer loop
      vertex 112.659 0 169.859
      vertex 112.927 -3 169.63
      vertex 112.927 0 169.63
    endloop
  endfacet
  facet normal 0.649623 0 0.760257
    outer loop
      vertex 112.927 -3 169.63
      vertex 112.659 0 169.859
      vertex 112.659 -3 169.859
    endloop
  endfacet
  facet normal -0.996851 0 0.079295
    outer loop
      vertex 123.972 -3 171.098
      vertex 124 0 171.45
      vertex 123.972 0 171.098
    endloop
  endfacet
  facet normal -0.996851 0 0.079295
    outer loop
      vertex 124 0 171.45
      vertex 123.972 -3 171.098
      vertex 124 -3 171.45
    endloop
  endfacet
  facet normal 0.760257 0 -0.649623
    outer loop
      vertex 112.659 -3 173.041
      vertex 112.43 0 172.773
      vertex 112.659 0 173.041
    endloop
  endfacet
  facet normal 0.760257 0 -0.649623
    outer loop
      vertex 112.43 0 172.773
      vertex 112.659 -3 173.041
      vertex 112.43 -3 172.773
    endloop
  endfacet
  facet normal 0.522363 0 0.852723
    outer loop
      vertex 112.927 0 169.63
      vertex 113.229 -3 169.445
      vertex 113.229 0 169.445
    endloop
  endfacet
  facet normal 0.522363 0 0.852723
    outer loop
      vertex 113.229 -3 169.445
      vertex 112.927 0 169.63
      vertex 112.927 -3 169.63
    endloop
  endfacet
  facet normal -0 0 1
    outer loop
      vertex 114.25 0 169.2
      vertex 121.75 -3 169.2
      vertex 121.75 0 169.2
    endloop
  endfacet
  facet normal 0 0 1
    outer loop
      vertex 121.75 -3 169.2
      vertex 114.25 0 169.2
      vertex 114.25 -3 169.2
    endloop
  endfacet
  facet normal 0.522363 0 -0.852723
    outer loop
      vertex 112.927 -3 173.27
      vertex 113.229 0 173.455
      vertex 113.229 -3 173.455
    endloop
  endfacet
  facet normal 0.522363 0 -0.852723
    outer loop
      vertex 113.229 0 173.455
      vertex 112.927 -3 173.27
      vertex 112.927 0 173.27
    endloop
  endfacet
  facet normal 0.232515 0 -0.972593
    outer loop
      vertex 113.555 -3 173.59
      vertex 113.898 0 173.672
      vertex 113.898 -3 173.672
    endloop
  endfacet
  facet normal 0.232515 0 -0.972593
    outer loop
      vertex 113.898 0 173.672
      vertex 113.555 -3 173.59
      vertex 113.555 0 173.59
    endloop
  endfacet
  facet normal 0.996851 0 -0.079295
    outer loop
      vertex 112.028 -3 171.802
      vertex 112 0 171.45
      vertex 112.028 0 171.802
    endloop
  endfacet
  facet normal 0.996851 0 -0.079295
    outer loop
      vertex 112 0 171.45
      vertex 112.028 -3 171.802
      vertex 112 -3 171.45
    endloop
  endfacet
  facet normal -0.079295 0 0.996851
    outer loop
      vertex 121.75 0 169.2
      vertex 122.102 -3 169.228
      vertex 122.102 0 169.228
    endloop
  endfacet
  facet normal -0.079295 0 0.996851
    outer loop
      vertex 122.102 -3 169.228
      vertex 121.75 0 169.2
      vertex 121.75 -3 169.2
    endloop
  endfacet
  facet normal 0.852723 -0 0.522363
    outer loop
      vertex 112.245 -3 170.429
      vertex 112.43 0 170.127
      vertex 112.245 0 170.429
    endloop
  endfacet
  facet normal 0.852723 0 0.522363
    outer loop
      vertex 112.43 0 170.127
      vertex 112.245 -3 170.429
      vertex 112.43 -3 170.127
    endloop
  endfacet
  facet normal -0.649623 0 -0.760257
    outer loop
      vertex 123.073 -3 173.27
      vertex 123.341 0 173.041
      vertex 123.341 -3 173.041
    endloop
  endfacet
  facet normal -0.649623 0 -0.760257
    outer loop
      vertex 123.341 0 173.041
      vertex 123.073 -3 173.27
      vertex 123.073 0 173.27
    endloop
  endfacet
  facet normal -0.972593 0 -0.232515
    outer loop
      vertex 123.972 -3 171.802
      vertex 123.89 0 172.145
      vertex 123.972 0 171.802
    endloop
  endfacet
  facet normal -0.972593 -0 -0.232515
    outer loop
      vertex 123.89 0 172.145
      vertex 123.972 -3 171.802
      vertex 123.89 -3 172.145
    endloop
  endfacet
  facet normal 0.649623 0 -0.760257
    outer loop
      vertex 112.659 -3 173.041
      vertex 112.927 0 173.27
      vertex 112.927 -3 173.27
    endloop
  endfacet
  facet normal 0.649623 0 -0.760257
    outer loop
      vertex 112.927 0 173.27
      vertex 112.659 -3 173.041
      vertex 112.659 0 173.041
    endloop
  endfacet
  facet normal 0.382602 0 -0.923913
    outer loop
      vertex 113.229 -3 173.455
      vertex 113.555 0 173.59
      vertex 113.555 -3 173.59
    endloop
  endfacet
  facet normal 0.382602 0 -0.923913
    outer loop
      vertex 113.555 0 173.59
      vertex 113.229 -3 173.455
      vertex 113.229 0 173.455
    endloop
  endfacet
  facet normal -0.760257 0 -0.649623
    outer loop
      vertex 123.57 -3 172.773
      vertex 123.341 0 173.041
      vertex 123.57 0 172.773
    endloop
  endfacet
  facet normal -0.760257 -0 -0.649623
    outer loop
      vertex 123.341 0 173.041
      vertex 123.57 -3 172.773
      vertex 123.341 -3 173.041
    endloop
  endfacet
  facet normal 0.923913 -0 0.382602
    outer loop
      vertex 112.11 -3 170.755
      vertex 112.245 0 170.429
      vertex 112.11 0 170.755
    endloop
  endfacet
  facet normal 0.923913 0 0.382602
    outer loop
      vertex 112.245 0 170.429
      vertex 112.11 -3 170.755
      vertex 112.245 -3 170.429
    endloop
  endfacet
  facet normal -0.852723 0 -0.522363
    outer loop
      vertex 123.755 -3 172.471
      vertex 123.57 0 172.773
      vertex 123.755 0 172.471
    endloop
  endfacet
  facet normal -0.852723 -0 -0.522363
    outer loop
      vertex 123.57 0 172.773
      vertex 123.755 -3 172.471
      vertex 123.57 -3 172.773
    endloop
  endfacet
  facet normal -0.079295 0 -0.996851
    outer loop
      vertex 121.75 -3 173.7
      vertex 122.102 0 173.672
      vertex 122.102 -3 173.672
    endloop
  endfacet
  facet normal -0.079295 0 -0.996851
    outer loop
      vertex 122.102 0 173.672
      vertex 121.75 -3 173.7
      vertex 121.75 0 173.7
    endloop
  endfacet
  facet normal -0.232515 0 -0.972593
    outer loop
      vertex 122.102 -3 173.672
      vertex 122.445 0 173.59
      vertex 122.445 -3 173.59
    endloop
  endfacet
  facet normal -0.232515 0 -0.972593
    outer loop
      vertex 122.445 0 173.59
      vertex 122.102 -3 173.672
      vertex 122.102 0 173.672
    endloop
  endfacet
  facet normal -0.232515 0 0.972593
    outer loop
      vertex 122.102 0 169.228
      vertex 122.445 -3 169.31
      vertex 122.445 0 169.31
    endloop
  endfacet
  facet normal -0.232515 0 0.972593
    outer loop
      vertex 122.445 -3 169.31
      vertex 122.102 0 169.228
      vertex 122.102 -3 169.228
    endloop
  endfacet
  facet normal -0.382602 0 0.923913
    outer loop
      vertex 122.445 0 169.31
      vertex 122.771 -3 169.445
      vertex 122.771 0 169.445
    endloop
  endfacet
  facet normal -0.382602 0 0.923913
    outer loop
      vertex 122.771 -3 169.445
      vertex 122.445 0 169.31
      vertex 122.445 -3 169.31
    endloop
  endfacet
  facet normal -0.649623 0 0.760257
    outer loop
      vertex 123.073 0 169.63
      vertex 123.341 -3 169.859
      vertex 123.341 0 169.859
    endloop
  endfacet
  facet normal -0.649623 0 0.760257
    outer loop
      vertex 123.341 -3 169.859
      vertex 123.073 0 169.63
      vertex 123.073 -3 169.63
    endloop
  endfacet
  facet normal 0.852723 0 -0.522363
    outer loop
      vertex 112.43 -3 172.773
      vertex 112.245 0 172.471
      vertex 112.43 0 172.773
    endloop
  endfacet
  facet normal 0.852723 0 -0.522363
    outer loop
      vertex 112.245 0 172.471
      vertex 112.43 -3 172.773
      vertex 112.245 -3 172.471
    endloop
  endfacet
  facet normal -0.522363 0 0.852723
    outer loop
      vertex 122.771 0 169.445
      vertex 123.073 -3 169.63
      vertex 123.073 0 169.63
    endloop
  endfacet
  facet normal -0.522363 0 0.852723
    outer loop
      vertex 123.073 -3 169.63
      vertex 122.771 0 169.445
      vertex 122.771 -3 169.445
    endloop
  endfacet
  facet normal 0.382602 0 0.923913
    outer loop
      vertex 113.229 0 169.445
      vertex 113.555 -3 169.31
      vertex 113.555 0 169.31
    endloop
  endfacet
  facet normal 0.382602 0 0.923913
    outer loop
      vertex 113.555 -3 169.31
      vertex 113.229 0 169.445
      vertex 113.229 -3 169.445
    endloop
  endfacet
  facet normal 0 0 -1
    outer loop
      vertex 114.25 -3 173.7
      vertex 121.75 0 173.7
      vertex 121.75 -3 173.7
    endloop
  endfacet
  facet normal -0 0 -1
    outer loop
      vertex 121.75 0 173.7
      vertex 114.25 -3 173.7
      vertex 114.25 0 173.7
    endloop
  endfacet
  facet normal 0.079295 0 -0.996851
    outer loop
      vertex 113.898 -3 173.672
      vertex 114.25 0 173.7
      vertex 114.25 -3 173.7
    endloop
  endfacet
  facet normal 0.079295 0 -0.996851
    outer loop
      vertex 114.25 0 173.7
      vertex 113.898 -3 173.672
      vertex 113.898 0 173.672
    endloop
  endfacet
  facet normal -0.972593 0 0.232515
    outer loop
      vertex 123.89 -3 170.755
      vertex 123.972 0 171.098
      vertex 123.89 0 170.755
    endloop
  endfacet
  facet normal -0.972593 0 0.232515
    outer loop
      vertex 123.972 0 171.098
      vertex 123.89 -3 170.755
      vertex 123.972 -3 171.098
    endloop
  endfacet
  facet normal 0.079295 0 0.996851
    outer loop
      vertex 113.898 0 169.228
      vertex 114.25 -3 169.2
      vertex 114.25 0 169.2
    endloop
  endfacet
  facet normal 0.079295 0 0.996851
    outer loop
      vertex 114.25 -3 169.2
      vertex 113.898 0 169.228
      vertex 113.898 -3 169.228
    endloop
  endfacet
  facet normal 0.232515 0 0.972593
    outer loop
      vertex 113.555 0 169.31
      vertex 113.898 -3 169.228
      vertex 113.898 0 169.228
    endloop
  endfacet
  facet normal 0.232515 0 0.972593
    outer loop
      vertex 113.898 -3 169.228
      vertex 113.555 0 169.31
      vertex 113.555 -3 169.31
    endloop
  endfacet
  facet normal 0.972593 -0 0.232515
    outer loop
      vertex 112.028 -3 171.098
      vertex 112.11 0 170.755
      vertex 112.028 0 171.098
    endloop
  endfacet
  facet normal 0.972593 0 0.232515
    outer loop
      vertex 112.11 0 170.755
      vertex 112.028 -3 171.098
      vertex 112.11 -3 170.755
    endloop
  endfacet
  facet normal 0.972593 0 -0.232515
    outer loop
      vertex 112.11 -3 172.145
      vertex 112.028 0 171.802
      vertex 112.11 0 172.145
    endloop
  endfacet
  facet normal 0.972593 0 -0.232515
    outer loop
      vertex 112.028 0 171.802
      vertex 112.11 -3 172.145
      vertex 112.028 -3 171.802
    endloop
  endfacet
  facet normal 0.923913 0 -0.382602
    outer loop
      vertex 112.245 -3 172.471
      vertex 112.11 0 172.145
      vertex 112.245 0 172.471
    endloop
  endfacet
  facet normal 0.923913 0 -0.382602
    outer loop
      vertex 112.11 0 172.145
      vertex 112.245 -3 172.471
      vertex 112.11 -3 172.145
    endloop
  endfacet
  facet normal -0.923913 0 -0.382602
    outer loop
      vertex 123.89 -3 172.145
      vertex 123.755 0 172.471
      vertex 123.89 0 172.145
    endloop
  endfacet
  facet normal -0.923913 -0 -0.382602
    outer loop
      vertex 123.755 0 172.471
      vertex 123.89 -3 172.145
      vertex 123.755 -3 172.471
    endloop
  endfacet
  facet normal -0.996851 0 -0.079295
    outer loop
      vertex 124 -3 171.45
      vertex 123.972 0 171.802
      vertex 124 0 171.45
    endloop
  endfacet
  facet normal -0.996851 -0 -0.079295
    outer loop
      vertex 123.972 0 171.802
      vertex 124 -3 171.45
      vertex 123.972 -3 171.802
    endloop
  endfacet
  facet normal -0.522363 0 -0.852723
    outer loop
      vertex 122.771 -3 173.455
      vertex 123.073 0 173.27
      vertex 123.073 -3 173.27
    endloop
  endfacet
  facet normal -0.522363 0 -0.852723
    outer loop
      vertex 123.073 0 173.27
      vertex 122.771 -3 173.455
      vertex 122.771 0 173.455
    endloop
  endfacet
  facet normal -0.852723 0 0.522363
    outer loop
      vertex 123.57 -3 170.127
      vertex 123.755 0 170.429
      vertex 123.57 0 170.127
    endloop
  endfacet
  facet normal -0.852723 0 0.522363
    outer loop
      vertex 123.755 0 170.429
      vertex 123.57 -3 170.127
      vertex 123.755 -3 170.429
    endloop
  endfacet
  facet normal -0.382602 0 -0.923913
    outer loop
      vertex 122.445 -3 173.59
      vertex 122.771 0 173.455
      vertex 122.771 -3 173.455
    endloop
  endfacet
  facet normal -0.382602 0 -0.923913
    outer loop
      vertex 122.771 0 173.455
      vertex 122.445 -3 173.59
      vertex 122.445 0 173.59
    endloop
  endfacet
  facet normal -0.923913 0 0.382602
    outer loop
      vertex 123.755 -3 170.429
      vertex 123.89 0 170.755
      vertex 123.755 0 170.429
    endloop
  endfacet
  facet normal -0.923913 0 0.382602
    outer loop
      vertex 123.89 0 170.755
      vertex 123.755 -3 170.429
      vertex 123.89 -3 170.755
    endloop
  endfacet
  facet normal 0.996851 -0 0.079295
    outer loop
      vertex 112 -3 171.45
      vertex 112.028 0 171.098
      vertex 112 0 171.45
    endloop
  endfacet
  facet normal 0.996851 0 0.079295
    outer loop
      vertex 112.028 0 171.098
      vertex 112 -3 171.45
      vertex 112.028 -3 171.098
    endloop
  endfacet
  facet normal -0.760257 0 0.649623
    outer loop
      vertex 123.341 -3 169.859
      vertex 123.57 0 170.127
      vertex 123.341 0 169.859
    endloop
  endfacet
  facet normal -0.760257 0 0.649623
    outer loop
      vertex 123.57 0 170.127
      vertex 123.341 -3 169.859
      vertex 123.57 -3 170.127
    endloop
  endfacet
  facet normal 0.760257 -0 0.649623
    outer loop
      vertex 112.43 -3 170.127
      vertex 112.659 0 169.859
      vertex 112.43 0 170.127
    endloop
  endfacet
  facet normal 0.760257 0 0.649623
    outer loop
      vertex 112.659 0 169.859
      vertex 112.43 -3 170.127
      vertex 112.659 -3 169.859
    endloop
  endfacet
  facet normal 1 -0 0
    outer loop
      vertex 127 -3 177.8
      vertex 127 0 0
      vertex 127 0 177.8
    endloop
  endfacet
  facet normal 1 0 0
    outer loop
      vertex 127 0 0
      vertex 127 -3 177.8
      vertex 127 -3 0
    endloop
  endfacet
  facet normal -0 0 1
    outer loop
      vertex -127 0 177.8
      vertex 127 -3 177.8
      vertex 127 0 177.8
    endloop
  endfacet
  facet normal 0 0 1
    outer loop
      vertex 127 -3 177.8
      vertex -127 0 177.8
      vertex -127 -3 177.8
    endloop
  endfacet
  facet normal 0 0 -1
    outer loop
      vertex 127 -3 0
      vertex 95.5 0 0
      vertex 127 0 0
    endloop
  endfacet
  facet normal 0 0 -1
    outer loop
      vertex 85.5 122 0
      vertex 95.5 0 0
      vertex 85.5 5 0
    endloop
  endfacet
  facet normal 0 0 -1
    outer loop
      vertex 95.5 0 0
      vertex 55.5 5 0
      vertex 85.5 5 0
    endloop
  endfacet
  facet normal 0 0 -1
    outer loop
      vertex 55.5 5 0
      vertex 38.5 5 0
      vertex 55.5 122 0
    endloop
  endfacet
  facet normal 0 0 -1
    outer loop
      vertex 95.5 0 0
      vertex 38.5 5 0
      vertex 55.5 5 0
    endloop
  endfacet
  facet normal 0 0 -1
    outer loop
      vertex -95.5 0 0
      vertex 95.5 0 0
      vertex 127 -3 0
    endloop
  endfacet
  facet normal 0 0 -1
    outer loop
      vertex 95.5 0 0
      vertex 8.5 5 0
      vertex 38.5 5 0
    endloop
  endfacet
  facet normal 0 0 -1
    outer loop
      vertex 8.5 5 0
      vertex -8.5 5 0
      vertex 8.5 122 0
    endloop
  endfacet
  facet normal 0 0 -1
    outer loop
      vertex 95.5 0 0
      vertex -8.5 5 0
      vertex 8.5 5 0
    endloop
  endfacet
  facet normal 0 0 -1
    outer loop
      vertex 95.5 0 0
      vertex -95.5 0 0
      vertex -8.5 5 0
    endloop
  endfacet
  facet normal 0 0 -1
    outer loop
      vertex -38.5 5 0
      vertex -55.5 5 0
      vertex -38.5 122 0
    endloop
  endfacet
  facet normal -0 0 -1
    outer loop
      vertex -8.5 5 0
      vertex -95.5 0 0
      vertex -38.5 5 0
    endloop
  endfacet
  facet normal -0 0 -1
    outer loop
      vertex -38.5 5 0
      vertex -95.5 0 0
      vertex -55.5 5 0
    endloop
  endfacet
  facet normal -0 0 -1
    outer loop
      vertex -85.5 5 0
      vertex -95.5 0 0
      vertex -85.5 122 0
    endloop
  endfacet
  facet normal -0 0 -1
    outer loop
      vertex -55.5 5 0
      vertex -95.5 0 0
      vertex -85.5 5 0
    endloop
  endfacet
  facet normal 0 0 -1
    outer loop
      vertex -127 -3 0
      vertex -95.5 0 0
      vertex 127 -3 0
    endloop
  endfacet
  facet normal -0 0 -1
    outer loop
      vertex -95.5 0 0
      vertex -127 -3 0
      vertex -127 0 0
    endloop
  endfacet
  facet normal 0 0 -1
    outer loop
      vertex 95.5 0 0
      vertex 85.5 122 0
      vertex 95.5 130 0
    endloop
  endfacet
  facet normal 0 0 -1
    outer loop
      vertex 55.5 122 0
      vertex 95.5 130 0
      vertex 85.5 122 0
    endloop
  endfacet
  facet normal 0 0 -1
    outer loop
      vertex 38.5 122 0
      vertex 55.5 122 0
      vertex 38.5 5 0
    endloop
  endfacet
  facet normal 0 0 -1
    outer loop
      vertex 38.5 122 0
      vertex 95.5 130 0
      vertex 55.5 122 0
    endloop
  endfacet
  facet normal 0 0 -1
    outer loop
      vertex 8.5 122 0
      vertex 95.5 130 0
      vertex 38.5 122 0
    endloop
  endfacet
  facet normal 0 0 -1
    outer loop
      vertex -8.5 122 0
      vertex 8.5 122 0
      vertex -8.5 5 0
    endloop
  endfacet
  facet normal 0 0 -1
    outer loop
      vertex -8.5 122 0
      vertex 95.5 130 0
      vertex 8.5 122 0
    endloop
  endfacet
  facet normal 0 0 -1
    outer loop
      vertex -95.5 130 0
      vertex -8.5 122 0
      vertex -38.5 122 0
    endloop
  endfacet
  facet normal 0 0 -1
    outer loop
      vertex -55.5 122 0
      vertex -38.5 122 0
      vertex -55.5 5 0
    endloop
  endfacet
  facet normal 0 0 -1
    outer loop
      vertex -95.5 130 0
      vertex -38.5 122 0
      vertex -55.5 122 0
    endloop
  endfacet
  facet normal 0 0 -1
    outer loop
      vertex -95.5 130 0
      vertex -55.5 122 0
      vertex -85.5 122 0
    endloop
  endfacet
  facet normal 0 0 -1
    outer loop
      vertex -8.5 122 0
      vertex -95.5 130 0
      vertex 95.5 130 0
    endloop
  endfacet
  facet normal 0 0 -1
    outer loop
      vertex -95.5 130 0
      vertex -85.5 122 0
      vertex -95.5 0 0
    endloop
  endfacet
  facet normal -1 0 0
    outer loop
      vertex -127 -3 0
      vertex -127 0 177.8
      vertex -127 0 0
    endloop
  endfacet
  facet normal -1 -0 0
    outer loop
      vertex -127 0 177.8
      vertex -127 -3 0
      vertex -127 -3 177.8
    endloop
  endfacet
  facet normal 0 1 0
    outer loop
      vertex -95.5 0 140
      vertex -113.898 0 8.5723
      vertex -114.25 0 8.6
    endloop
  endfacet
  facet normal 0 1 0
    outer loop
      vertex -95.5 0 140
      vertex -113.555 0 8.48988
      vertex -113.898 0 8.5723
    endloop
  endfacet
  facet normal 0 1 0
    outer loop
      vertex -95.5 0 140
      vertex -113.229 0 8.35476
      vertex -113.555 0 8.48988
    endloop
  endfacet
  facet normal 0 1 0
    outer loop
      vertex -95.5 0 140
      vertex -112.927 0 8.17029
      vertex -113.229 0 8.35476
    endloop
  endfacet
  facet normal 0 1 -0
    outer loop
      vertex -95.5 0 0
      vertex -112.927 0 8.17029
      vertex -95.5 0 140
    endloop
  endfacet
  facet normal 0 1 0
    outer loop
      vertex -112.927 0 8.17029
      vertex -95.5 0 0
      vertex -112.659 0 7.94099
    endloop
  endfacet
  facet normal 0 1 0
    outer loop
      vertex -112.659 0 7.94099
      vertex -95.5 0 0
      vertex -112.43 0 7.67252
    endloop
  endfacet
  facet normal 0 1 0
    outer loop
      vertex -112.43 0 7.67252
      vertex -95.5 0 0
      vertex -112.245 0 7.37148
    endloop
  endfacet
  facet normal 0 1 0
    outer loop
      vertex -112.245 0 7.37148
      vertex -95.5 0 0
      vertex -112.11 0 7.04529
    endloop
  endfacet
  facet normal 0 1 0
    outer loop
      vertex -112.11 0 7.04529
      vertex -95.5 0 0
      vertex -112.028 0 6.70198
    endloop
  endfacet
  facet normal 0 1 0
    outer loop
      vertex -112.028 0 6.70198
      vertex -95.5 0 0
      vertex -112 0 6.35
    endloop
  endfacet
  facet normal 0 1 0
    outer loop
      vertex -113.898 0 4.1277
      vertex -127 0 0
      vertex -114.25 0 4.1
    endloop
  endfacet
  facet normal 0 1 0
    outer loop
      vertex -127 0 0
      vertex -113.898 0 4.1277
      vertex -95.5 0 0
    endloop
  endfacet
  facet normal 0 1 0
    outer loop
      vertex -113.555 0 4.21012
      vertex -95.5 0 0
      vertex -113.898 0 4.1277
    endloop
  endfacet
  facet normal 0 1 0
    outer loop
      vertex -113.229 0 4.34523
      vertex -95.5 0 0
      vertex -113.555 0 4.21012
    endloop
  endfacet
  facet normal 0 1 0
    outer loop
      vertex -112.927 0 4.52971
      vertex -95.5 0 0
      vertex -113.229 0 4.34523
    endloop
  endfacet
  facet normal 0 1 0
    outer loop
      vertex -112.659 0 4.75901
      vertex -95.5 0 0
      vertex -112.927 0 4.52971
    endloop
  endfacet
  facet normal 0 1 0
    outer loop
      vertex -112.43 0 5.02748
      vertex -95.5 0 0
      vertex -112.659 0 4.75901
    endloop
  endfacet
  facet normal 0 1 0
    outer loop
      vertex -112.245 0 5.32852
      vertex -95.5 0 0
      vertex -112.43 0 5.02748
    endloop
  endfacet
  facet normal 0 1 0
    outer loop
      vertex -112.11 0 5.65471
      vertex -95.5 0 0
      vertex -112.245 0 5.32852
    endloop
  endfacet
  facet normal 0 1 0
    outer loop
      vertex -112.028 0 5.99802
      vertex -95.5 0 0
      vertex -112.11 0 5.65471
    endloop
  endfacet
  facet normal 0 1 0
    outer loop
      vertex -112 0 6.35
      vertex -95.5 0 0
      vertex -112.028 0 5.99802
    endloop
  endfacet
  facet normal 0 1 0
    outer loop
      vertex -48.5 0 140
      vertex -54.5 0 136
      vertex -92.5 0 140
    endloop
  endfacet
  facet normal 0 1 0
    outer loop
      vertex -48.5 0 140
      vertex -54.5 0 8
      vertex -54.5 0 136
    endloop
  endfacet
  facet normal 0 1 0
    outer loop
      vertex -54.5 0 8
      vertex -48.5 0 4
      vertex -86.5 0 8
    endloop
  endfacet
  facet normal 0 1 -0
    outer loop
      vertex -48.5 0 4
      vertex -54.5 0 8
      vertex -48.5 0 140
    endloop
  endfacet
  facet normal 0 1 0
    outer loop
      vertex -1.5 0 140
      vertex -7.5 0 136
      vertex -45.5 0 140
    endloop
  endfacet
  facet normal 0 1 0
    outer loop
      vertex -1.5 0 140
      vertex -7.5 0 8
      vertex -7.5 0 136
    endloop
  endfacet
  facet normal 0 1 0
    outer loop
      vertex -7.5 0 8
      vertex -1.5 0 4
      vertex -39.5 0 8
    endloop
  endfacet
  facet normal 0 1 -0
    outer loop
      vertex -1.5 0 4
      vertex -7.5 0 8
      vertex -1.5 0 140
    endloop
  endfacet
  facet normal 0 1 0
    outer loop
      vertex 45.5 0 140
      vertex 39.5 0 136
      vertex 1.5 0 140
    endloop
  endfacet
  facet normal 0 1 0
    outer loop
      vertex 45.5 0 140
      vertex 39.5 0 8
      vertex 39.5 0 136
    endloop
  endfacet
  facet normal 0 1 0
    outer loop
      vertex 39.5 0 8
      vertex 45.5 0 4
      vertex 7.5 0 8
    endloop
  endfacet
  facet normal 0 1 -0
    outer loop
      vertex 45.5 0 4
      vertex 39.5 0 8
      vertex 45.5 0 140
    endloop
  endfacet
  facet normal 0 1 0
    outer loop
      vertex 92.5 0 140
      vertex 86.5 0 136
      vertex 48.5 0 140
    endloop
  endfacet
  facet normal 0 1 0
    outer loop
      vertex 92.5 0 140
      vertex 86.5 0 8
      vertex 86.5 0 136
    endloop
  endfacet
  facet normal 0 1 0
    outer loop
      vertex 86.5 0 8
      vertex 92.5 0 4
      vertex 54.5 0 8
    endloop
  endfacet
  facet normal 0 1 -0
    outer loop
      vertex 92.5 0 4
      vertex 86.5 0 8
      vertex 92.5 0 140
    endloop
  endfacet
  facet normal 0 1 0
    outer loop
      vertex 127 0 177.8
      vertex 113.555 0 173.59
      vertex -127 0 177.8
    endloop
  endfacet
  facet normal 0 1 0
    outer loop
      vertex -127 0 177.8
      vertex -113.898 0 173.672
      vertex -114.25 0 173.7
    endloop
  endfacet
  facet normal 0 1 -0
    outer loop
      vertex -113.555 0 173.59
      vertex -127 0 177.8
      vertex 113.555 0 173.59
    endloop
  endfacet
  facet normal 0 1 0
    outer loop
      vertex -127 0 177.8
      vertex -113.555 0 173.59
      vertex -113.898 0 173.672
    endloop
  endfacet
  facet normal 0 1 -0
    outer loop
      vertex 113.229 0 173.455
      vertex -113.555 0 173.59
      vertex 113.555 0 173.59
    endloop
  endfacet
  facet normal 0 1 0
    outer loop
      vertex 113.229 0 173.455
      vertex -113.229 0 173.455
      vertex -113.555 0 173.59
    endloop
  endfacet
  facet normal 0 1 -0
    outer loop
      vertex 112.927 0 173.27
      vertex -113.229 0 173.455
      vertex 113.229 0 173.455
    endloop
  endfacet
  facet normal 0 1 0
    outer loop
      vertex 112.927 0 173.27
      vertex -112.927 0 173.27
      vertex -113.229 0 173.455
    endloop
  endfacet
  facet normal 0 1 0
    outer loop
      vertex 1.5 0 140
      vertex 112.927 0 173.27
      vertex 112.659 0 173.041
    endloop
  endfacet
  facet normal 0 1 0
    outer loop
      vertex 112.927 0 173.27
      vertex 1.5 0 140
      vertex -112.927 0 173.27
    endloop
  endfacet
  facet normal 0 1 0
    outer loop
      vertex 45.5 0 140
      vertex 112.659 0 173.041
      vertex 112.43 0 172.773
    endloop
  endfacet
  facet normal 0 1 -0
    outer loop
      vertex -1.5 0 140
      vertex -112.927 0 173.27
      vertex 1.5 0 140
    endloop
  endfacet
  facet normal 0 1 0
    outer loop
      vertex 48.5 0 140
      vertex 112.43 0 172.773
      vertex 112.245 0 172.471
    endloop
  endfacet
  facet normal 0 1 0
    outer loop
      vertex -112.927 0 173.27
      vertex -1.5 0 140
      vertex -112.659 0 173.041
    endloop
  endfacet
  facet normal 0 1 0
    outer loop
      vertex 48.5 0 140
      vertex 112.245 0 172.471
      vertex 112.11 0 172.145
    endloop
  endfacet
  facet normal 0 1 -0
    outer loop
      vertex -45.5 0 140
      vertex -112.659 0 173.041
      vertex -1.5 0 140
    endloop
  endfacet
  facet normal 0 1 0
    outer loop
      vertex 48.5 0 140
      vertex 112.11 0 172.145
      vertex 112.028 0 171.802
    endloop
  endfacet
  facet normal 0 1 0
    outer loop
      vertex -112.659 0 173.041
      vertex -45.5 0 140
      vertex -112.43 0 172.773
    endloop
  endfacet
  facet normal 0 1 0
    outer loop
      vertex 92.5 0 140
      vertex 112.028 0 171.802
      vertex 112 0 171.45
    endloop
  endfacet
  facet normal 0 1 -0
    outer loop
      vertex -48.5 0 140
      vertex -112.43 0 172.773
      vertex -45.5 0 140
    endloop
  endfacet
  facet normal 0 1 0
    outer loop
      vertex 92.5 0 140
      vertex 112 0 171.45
      vertex 112.028 0 171.098
    endloop
  endfacet
  facet normal 0 1 0
    outer loop
      vertex -112.43 0 172.773
      vertex -48.5 0 140
      vertex -112.245 0 172.471
    endloop
  endfacet
  facet normal 0 1 0
    outer loop
      vertex 92.5 0 140
      vertex 112.028 0 171.098
      vertex 112.11 0 170.755
    endloop
  endfacet
  facet normal 0 1 0
    outer loop
      vertex -112.245 0 172.471
      vertex -48.5 0 140
      vertex -112.11 0 172.145
    endloop
  endfacet
  facet normal 0 1 0
    outer loop
      vertex 92.5 0 140
      vertex 112.11 0 170.755
      vertex 112.245 0 170.429
    endloop
  endfacet
  facet normal 0 1 0
    outer loop
      vertex -112.11 0 172.145
      vertex -48.5 0 140
      vertex -112.028 0 171.802
    endloop
  endfacet
  facet normal 0 1 0
    outer loop
      vertex 95.5 0 140
      vertex 112.245 0 170.429
      vertex 112.43 0 170.127
    endloop
  endfacet
  facet normal 0 1 -0
    outer loop
      vertex -92.5 0 140
      vertex -112.028 0 171.802
      vertex -48.5 0 140
    endloop
  endfacet
  facet normal 0 1 0
    outer loop
      vertex 95.5 0 140
      vertex 112.43 0 170.127
      vertex 112.659 0 169.859
    endloop
  endfacet
  facet normal 0 1 0
    outer loop
      vertex -112.028 0 171.802
      vertex -92.5 0 140
      vertex -112 0 171.45
    endloop
  endfacet
  facet normal 0 1 0
    outer loop
      vertex 95.5 0 140
      vertex 112.659 0 169.859
      vertex 112.927 0 169.63
    endloop
  endfacet
  facet normal 0 1 0
    outer loop
      vertex -112 0 171.45
      vertex -92.5 0 140
      vertex -112.028 0 171.098
    endloop
  endfacet
  facet normal 0 1 0
    outer loop
      vertex 95.5 0 140
      vertex 112.927 0 169.63
      vertex 113.229 0 169.445
    endloop
  endfacet
  facet normal 0 1 0
    outer loop
      vertex -112.028 0 171.098
      vertex -92.5 0 140
      vertex -112.11 0 170.755
    endloop
  endfacet
  facet normal 0 1 0
    outer loop
      vertex 95.5 0 140
      vertex 113.229 0 169.445
      vertex 113.555 0 169.31
    endloop
  endfacet
  facet normal 0 1 0
    outer loop
      vertex -112.11 0 170.755
      vertex -92.5 0 140
      vertex -112.245 0 170.429
    endloop
  endfacet
  facet normal 0 1 0
    outer loop
      vertex 95.5 0 140
      vertex 113.555 0 169.31
      vertex 113.898 0 169.228
    endloop
  endfacet
  facet normal 0 1 -0
    outer loop
      vertex -95.5 0 140
      vertex -112.245 0 170.429
      vertex -92.5 0 140
    endloop
  endfacet
  facet normal 0 1 0
    outer loop
      vertex 95.5 0 140
      vertex 113.898 0 169.228
      vertex 114.25 0 169.2
    endloop
  endfacet
  facet normal 0 1 0
    outer loop
      vertex -112.245 0 170.429
      vertex -95.5 0 140
      vertex -112.43 0 170.127
    endloop
  endfacet
  facet normal 0 1 0
    outer loop
      vertex 114.25 0 173.7
      vertex 127 0 177.8
      vertex 121.75 0 173.7
    endloop
  endfacet
  facet normal 0 1 0
    outer loop
      vertex 127 0 177.8
      vertex 122.102 0 173.672
      vertex 121.75 0 173.7
    endloop
  endfacet
  facet normal 0 1 0
    outer loop
      vertex 127 0 177.8
      vertex 122.445 0 173.59
      vertex 122.102 0 173.672
    endloop
  endfacet
  facet normal 0 1 0
    outer loop
      vertex 127 0 177.8
      vertex 122.771 0 173.455
      vertex 122.445 0 173.59
    endloop
  endfacet
  facet normal 0 1 0
    outer loop
      vertex 127 0 177.8
      vertex 123.073 0 173.27
      vertex 122.771 0 173.455
    endloop
  endfacet
  facet normal 0 1 0
    outer loop
      vertex 127 0 177.8
      vertex 123.341 0 173.041
      vertex 123.073 0 173.27
    endloop
  endfacet
  facet normal 0 1 0
    outer loop
      vertex 127 0 177.8
      vertex 123.57 0 172.773
      vertex 123.341 0 173.041
    endloop
  endfacet
  facet normal 0 1 0
    outer loop
      vertex 127 0 177.8
      vertex 123.755 0 172.471
      vertex 123.57 0 172.773
    endloop
  endfacet
  facet normal 0 1 0
    outer loop
      vertex 127 0 177.8
      vertex 123.89 0 172.145
      vertex 123.755 0 172.471
    endloop
  endfacet
  facet normal 0 1 0
    outer loop
      vertex 127 0 177.8
      vertex 123.972 0 171.802
      vertex 123.89 0 172.145
    endloop
  endfacet
  facet normal 0 1 0
    outer loop
      vertex 127 0 177.8
      vertex 124 0 171.45
      vertex 123.972 0 171.802
    endloop
  endfacet
  facet normal 0 1 0
    outer loop
      vertex 127 0 177.8
      vertex 123.972 0 171.098
      vertex 124 0 171.45
    endloop
  endfacet
  facet normal 0 1 0
    outer loop
      vertex 127 0 177.8
      vertex 123.89 0 170.755
      vertex 123.972 0 171.098
    endloop
  endfacet
  facet normal 0 1 0
    outer loop
      vertex 127 0 177.8
      vertex 123.755 0 170.429
      vertex 123.89 0 170.755
    endloop
  endfacet
  facet normal 0 1 0
    outer loop
      vertex 95.5 0 140
      vertex 114.25 0 169.2
      vertex 121.75 0 169.2
    endloop
  endfacet
  facet normal 0 1 0
    outer loop
      vertex -112.43 0 170.127
      vertex -95.5 0 140
      vertex -112.659 0 169.859
    endloop
  endfacet
  facet normal 0 1 0
    outer loop
      vertex 112.245 0 170.429
      vertex 95.5 0 140
      vertex 92.5 0 140
    endloop
  endfacet
  facet normal 0 1 0
    outer loop
      vertex 122.102 0 169.228
      vertex 95.5 0 140
      vertex 121.75 0 169.2
    endloop
  endfacet
  facet normal 0 1 0
    outer loop
      vertex 122.445 0 169.31
      vertex 95.5 0 140
      vertex 122.102 0 169.228
    endloop
  endfacet
  facet normal 0 1 0
    outer loop
      vertex 122.771 0 169.445
      vertex 95.5 0 140
      vertex 122.445 0 169.31
    endloop
  endfacet
  facet normal 0 1 0
    outer loop
      vertex 123.073 0 169.63
      vertex 95.5 0 140
      vertex 122.771 0 169.445
    endloop
  endfacet
  facet normal 0 1 0
    outer loop
      vertex 123.073 0 8.17029
      vertex 123.073 0 169.63
      vertex 123.341 0 169.859
    endloop
  endfacet
  facet normal 0 1 0
    outer loop
      vertex 123.073 0 169.63
      vertex 123.073 0 8.17029
      vertex 95.5 0 140
    endloop
  endfacet
  facet normal 0 1 0
    outer loop
      vertex 123.341 0 7.94099
      vertex 123.341 0 169.859
      vertex 123.57 0 170.127
    endloop
  endfacet
  facet normal 0 1 0
    outer loop
      vertex 123.57 0 7.67252
      vertex 123.57 0 170.127
      vertex 123.755 0 170.429
    endloop
  endfacet
  facet normal 0 1 0
    outer loop
      vertex 123.755 0 7.37148
      vertex 123.755 0 170.429
      vertex 127 0 177.8
    endloop
  endfacet
  facet normal 0 1 0
    outer loop
      vertex 95.5 0 140
      vertex 122.102 0 8.5723
      vertex 121.75 0 8.6
    endloop
  endfacet
  facet normal 0 1 0
    outer loop
      vertex 95.5 0 140
      vertex 122.445 0 8.48988
      vertex 122.102 0 8.5723
    endloop
  endfacet
  facet normal 0 1 0
    outer loop
      vertex 95.5 0 140
      vertex 122.771 0 8.35476
      vertex 122.445 0 8.48988
    endloop
  endfacet
  facet normal 0 1 0
    outer loop
      vertex 95.5 0 140
      vertex 123.073 0 8.17029
      vertex 122.771 0 8.35476
    endloop
  endfacet
  facet normal 0 1 0
    outer loop
      vertex 123.341 0 169.859
      vertex 123.341 0 7.94099
      vertex 123.073 0 8.17029
    endloop
  endfacet
  facet normal 0 1 0
    outer loop
      vertex 123.57 0 170.127
      vertex 123.57 0 7.67252
      vertex 123.341 0 7.94099
    endloop
  endfacet
  facet normal 0 1 0
    outer loop
      vertex 123.755 0 170.429
      vertex 123.755 0 7.37148
      vertex 123.57 0 7.67252
    endloop
  endfacet
  facet normal 0 1 0
    outer loop
      vertex 127 0 177.8
      vertex 123.89 0 7.04529
      vertex 123.755 0 7.37148
    endloop
  endfacet
  facet normal 0 1 -0
    outer loop
      vertex 127 0 0
      vertex 123.89 0 7.04529
      vertex 127 0 177.8
    endloop
  endfacet
  facet normal 0 1 0
    outer loop
      vertex 123.89 0 7.04529
      vertex 127 0 0
      vertex 123.972 0 6.70198
    endloop
  endfacet
  facet normal 0 1 0
    outer loop
      vertex 121.75 0 4.1
      vertex 127 0 0
      vertex 114.25 0 4.1
    endloop
  endfacet
  facet normal 0 1 0
    outer loop
      vertex 122.102 0 4.1277
      vertex 127 0 0
      vertex 121.75 0 4.1
    endloop
  endfacet
  facet normal 0 1 0
    outer loop
      vertex 122.445 0 4.21012
      vertex 127 0 0
      vertex 122.102 0 4.1277
    endloop
  endfacet
  facet normal 0 1 0
    outer loop
      vertex 122.771 0 4.34523
      vertex 127 0 0
      vertex 122.445 0 4.21012
    endloop
  endfacet
  facet normal 0 1 0
    outer loop
      vertex 123.073 0 4.52971
      vertex 127 0 0
      vertex 122.771 0 4.34523
    endloop
  endfacet
  facet normal 0 1 0
    outer loop
      vertex 123.341 0 4.75901
      vertex 127 0 0
      vertex 123.073 0 4.52971
    endloop
  endfacet
  facet normal 0 1 0
    outer loop
      vertex 123.57 0 5.02748
      vertex 127 0 0
      vertex 123.341 0 4.75901
    endloop
  endfacet
  facet normal 0 1 0
    outer loop
      vertex 123.755 0 5.32852
      vertex 127 0 0
      vertex 123.57 0 5.02748
    endloop
  endfacet
  facet normal 0 1 0
    outer loop
      vertex 123.89 0 5.65471
      vertex 127 0 0
      vertex 123.755 0 5.32852
    endloop
  endfacet
  facet normal 0 1 0
    outer loop
      vertex 123.972 0 5.99802
      vertex 127 0 0
      vertex 123.89 0 5.65471
    endloop
  endfacet
  facet normal 0 1 0
    outer loop
      vertex 124 0 6.35
      vertex 127 0 0
      vertex 123.972 0 5.99802
    endloop
  endfacet
  facet normal 0 1 0
    outer loop
      vertex 123.972 0 6.70198
      vertex 127 0 0
      vertex 124 0 6.35
    endloop
  endfacet
  facet normal 0 1 0
    outer loop
      vertex 113.898 0 173.672
      vertex 127 0 177.8
      vertex 114.25 0 173.7
    endloop
  endfacet
  facet normal 0 1 0
    outer loop
      vertex 113.555 0 173.59
      vertex 127 0 177.8
      vertex 113.898 0 173.672
    endloop
  endfacet
  facet normal 0 1 -0
    outer loop
      vertex -121.75 0 173.7
      vertex -127 0 177.8
      vertex -114.25 0 173.7
    endloop
  endfacet
  facet normal 0 1 -0
    outer loop
      vertex -122.102 0 173.672
      vertex -127 0 177.8
      vertex -121.75 0 173.7
    endloop
  endfacet
  facet normal 0 1 -0
    outer loop
      vertex -122.445 0 173.59
      vertex -127 0 177.8
      vertex -122.102 0 173.672
    endloop
  endfacet
  facet normal 0 1 -0
    outer loop
      vertex -122.771 0 173.455
      vertex -127 0 177.8
      vertex -122.445 0 173.59
    endloop
  endfacet
  facet normal 0 1 -0
    outer loop
      vertex -123.073 0 173.27
      vertex -127 0 177.8
      vertex -122.771 0 173.455
    endloop
  endfacet
  facet normal 0 1 -0
    outer loop
      vertex -123.341 0 173.041
      vertex -127 0 177.8
      vertex -123.073 0 173.27
    endloop
  endfacet
  facet normal 0 1 -0
    outer loop
      vertex -123.57 0 172.773
      vertex -127 0 177.8
      vertex -123.341 0 173.041
    endloop
  endfacet
  facet normal 0 1 -0
    outer loop
      vertex -123.755 0 172.471
      vertex -127 0 177.8
      vertex -123.57 0 172.773
    endloop
  endfacet
  facet normal 0 1 -0
    outer loop
      vertex -123.89 0 172.145
      vertex -127 0 177.8
      vertex -123.755 0 172.471
    endloop
  endfacet
  facet normal 0 1 -0
    outer loop
      vertex -123.972 0 171.802
      vertex -127 0 177.8
      vertex -123.89 0 172.145
    endloop
  endfacet
  facet normal 0 1 -0
    outer loop
      vertex -124 0 171.45
      vertex -127 0 177.8
      vertex -123.972 0 171.802
    endloop
  endfacet
  facet normal 0 1 0
    outer loop
      vertex -123.972 0 171.098
      vertex -127 0 177.8
      vertex -124 0 171.45
    endloop
  endfacet
  facet normal 0 1 0
    outer loop
      vertex -123.89 0 170.755
      vertex -127 0 177.8
      vertex -123.972 0 171.098
    endloop
  endfacet
  facet normal 0 1 0
    outer loop
      vertex -123.755 0 170.429
      vertex -127 0 177.8
      vertex -123.89 0 170.755
    endloop
  endfacet
  facet normal 0 1 0
    outer loop
      vertex 112.028 0 171.802
      vertex 92.5 0 140
      vertex 48.5 0 140
    endloop
  endfacet
  facet normal 0 1 0
    outer loop
      vertex 112.43 0 172.773
      vertex 48.5 0 140
      vertex 45.5 0 140
    endloop
  endfacet
  facet normal 0 1 0
    outer loop
      vertex 112.659 0 173.041
      vertex 45.5 0 140
      vertex 1.5 0 140
    endloop
  endfacet
  facet normal 0 1 0
    outer loop
      vertex -112.659 0 169.859
      vertex -95.5 0 140
      vertex -112.927 0 169.63
    endloop
  endfacet
  facet normal 0 1 0
    outer loop
      vertex -112.927 0 169.63
      vertex -95.5 0 140
      vertex -113.229 0 169.445
    endloop
  endfacet
  facet normal 0 1 0
    outer loop
      vertex -113.229 0 169.445
      vertex -95.5 0 140
      vertex -113.555 0 169.31
    endloop
  endfacet
  facet normal 0 1 0
    outer loop
      vertex -113.555 0 169.31
      vertex -95.5 0 140
      vertex -113.898 0 169.228
    endloop
  endfacet
  facet normal 0 1 0
    outer loop
      vertex -113.898 0 169.228
      vertex -95.5 0 140
      vertex -114.25 0 169.2
    endloop
  endfacet
  facet normal 0 1 0
    outer loop
      vertex -114.25 0 169.2
      vertex -95.5 0 140
      vertex -121.75 0 169.2
    endloop
  endfacet
  facet normal 0 1 0
    outer loop
      vertex -121.75 0 169.2
      vertex -95.5 0 140
      vertex -122.102 0 169.228
    endloop
  endfacet
  facet normal 0 1 0
    outer loop
      vertex -122.102 0 169.228
      vertex -95.5 0 140
      vertex -122.445 0 169.31
    endloop
  endfacet
  facet normal 0 1 0
    outer loop
      vertex -122.445 0 169.31
      vertex -95.5 0 140
      vertex -122.771 0 169.445
    endloop
  endfacet
  facet normal 0 1 0
    outer loop
      vertex -122.771 0 169.445
      vertex -95.5 0 140
      vertex -123.073 0 169.63
    endloop
  endfacet
  facet normal 0 1 0
    outer loop
      vertex -123.073 0 8.17029
      vertex -123.073 0 169.63
      vertex -95.5 0 140
    endloop
  endfacet
  facet normal 0 1 0
    outer loop
      vertex -121.75 0 8.6
      vertex -95.5 0 140
      vertex -114.25 0 8.6
    endloop
  endfacet
  facet normal 0 1 0
    outer loop
      vertex -122.102 0 8.5723
      vertex -95.5 0 140
      vertex -121.75 0 8.6
    endloop
  endfacet
  facet normal 0 1 0
    outer loop
      vertex -122.445 0 8.48988
      vertex -95.5 0 140
      vertex -122.102 0 8.5723
    endloop
  endfacet
  facet normal 0 1 0
    outer loop
      vertex -122.771 0 8.35476
      vertex -95.5 0 140
      vertex -122.445 0 8.48988
    endloop
  endfacet
  facet normal 0 1 0
    outer loop
      vertex -123.073 0 8.17029
      vertex -95.5 0 140
      vertex -122.771 0 8.35476
    endloop
  endfacet
  facet normal 0 1 0
    outer loop
      vertex -123.073 0 169.63
      vertex -123.073 0 8.17029
      vertex -123.341 0 169.859
    endloop
  endfacet
  facet normal 0 1 0
    outer loop
      vertex -123.341 0 7.94099
      vertex -123.341 0 169.859
      vertex -123.073 0 8.17029
    endloop
  endfacet
  facet normal 0 1 0
    outer loop
      vertex -123.341 0 169.859
      vertex -123.341 0 7.94099
      vertex -123.57 0 170.127
    endloop
  endfacet
  facet normal 0 1 0
    outer loop
      vertex -123.57 0 7.67252
      vertex -123.57 0 170.127
      vertex -123.341 0 7.94099
    endloop
  endfacet
  facet normal 0 1 0
    outer loop
      vertex -123.57 0 170.127
      vertex -123.57 0 7.67252
      vertex -123.755 0 170.429
    endloop
  endfacet
  facet normal 0 1 0
    outer loop
      vertex -123.755 0 7.37148
      vertex -123.755 0 170.429
      vertex -123.57 0 7.67252
    endloop
  endfacet
  facet normal 0 1 0
    outer loop
      vertex -123.755 0 170.429
      vertex -123.755 0 7.37148
      vertex -127 0 177.8
    endloop
  endfacet
  facet normal 0 1 -0
    outer loop
      vertex -123.89 0 7.04529
      vertex -127 0 177.8
      vertex -123.755 0 7.37148
    endloop
  endfacet
  facet normal 0 1 0
    outer loop
      vertex -127 0 0
      vertex -123.89 0 7.04529
      vertex -123.972 0 6.70198
    endloop
  endfacet
  facet normal 0 1 0
    outer loop
      vertex -127 0 0
      vertex -123.972 0 6.70198
      vertex -124 0 6.35
    endloop
  endfacet
  facet normal 0 1 0
    outer loop
      vertex -114.25 0 4.1
      vertex -127 0 0
      vertex -121.75 0 4.1
    endloop
  endfacet
  facet normal 0 1 0
    outer loop
      vertex -123.89 0 7.04529
      vertex -127 0 0
      vertex -127 0 177.8
    endloop
  endfacet
  facet normal 0 1 0
    outer loop
      vertex -123.972 0 5.99802
      vertex -127 0 0
      vertex -124 0 6.35
    endloop
  endfacet
  facet normal 0 1 0
    outer loop
      vertex -123.89 0 5.65471
      vertex -127 0 0
      vertex -123.972 0 5.99802
    endloop
  endfacet
  facet normal 0 1 0
    outer loop
      vertex -123.755 0 5.32852
      vertex -127 0 0
      vertex -123.89 0 5.65471
    endloop
  endfacet
  facet normal 0 1 0
    outer loop
      vertex -123.57 0 5.02748
      vertex -127 0 0
      vertex -123.755 0 5.32852
    endloop
  endfacet
  facet normal 0 1 0
    outer loop
      vertex -123.341 0 4.75901
      vertex -127 0 0
      vertex -123.57 0 5.02748
    endloop
  endfacet
  facet normal 0 1 0
    outer loop
      vertex -123.073 0 4.52971
      vertex -127 0 0
      vertex -123.341 0 4.75901
    endloop
  endfacet
  facet normal 0 1 0
    outer loop
      vertex -122.771 0 4.34523
      vertex -127 0 0
      vertex -123.073 0 4.52971
    endloop
  endfacet
  facet normal 0 1 0
    outer loop
      vertex -122.445 0 4.21012
      vertex -127 0 0
      vertex -122.771 0 4.34523
    endloop
  endfacet
  facet normal 0 1 0
    outer loop
      vertex -122.102 0 4.1277
      vertex -127 0 0
      vertex -122.445 0 4.21012
    endloop
  endfacet
  facet normal 0 1 0
    outer loop
      vertex -121.75 0 4.1
      vertex -127 0 0
      vertex -122.102 0 4.1277
    endloop
  endfacet
  facet normal 0 1 -0
    outer loop
      vertex 54.5 0 136
      vertex 48.5 0 140
      vertex 86.5 0 136
    endloop
  endfacet
  facet normal 0 1 -0
    outer loop
      vertex 54.5 0 8
      vertex 48.5 0 140
      vertex 54.5 0 136
    endloop
  endfacet
  facet normal 0 1 0
    outer loop
      vertex 54.5 0 8
      vertex 48.5 0 4
      vertex 48.5 0 140
    endloop
  endfacet
  facet normal 0 1 0
    outer loop
      vertex 48.5 0 4
      vertex 54.5 0 8
      vertex 92.5 0 4
    endloop
  endfacet
  facet normal 0 1 -0
    outer loop
      vertex 7.5 0 136
      vertex 1.5 0 140
      vertex 39.5 0 136
    endloop
  endfacet
  facet normal 0 1 -0
    outer loop
      vertex 7.5 0 8
      vertex 1.5 0 140
      vertex 7.5 0 136
    endloop
  endfacet
  facet normal 0 1 0
    outer loop
      vertex 7.5 0 8
      vertex 1.5 0 4
      vertex 1.5 0 140
    endloop
  endfacet
  facet normal 0 1 0
    outer loop
      vertex 1.5 0 4
      vertex 7.5 0 8
      vertex 45.5 0 4
    endloop
  endfacet
  facet normal 0 1 -0
    outer loop
      vertex -39.5 0 136
      vertex -45.5 0 140
      vertex -7.5 0 136
    endloop
  endfacet
  facet normal 0 1 -0
    outer loop
      vertex -39.5 0 8
      vertex -45.5 0 140
      vertex -39.5 0 136
    endloop
  endfacet
  facet normal 0 1 0
    outer loop
      vertex -39.5 0 8
      vertex -45.5 0 4
      vertex -45.5 0 140
    endloop
  endfacet
  facet normal 0 1 0
    outer loop
      vertex -45.5 0 4
      vertex -39.5 0 8
      vertex -1.5 0 4
    endloop
  endfacet
  facet normal 0 1 -0
    outer loop
      vertex -86.5 0 136
      vertex -92.5 0 140
      vertex -54.5 0 136
    endloop
  endfacet
  facet normal 0 1 -0
    outer loop
      vertex -86.5 0 8
      vertex -92.5 0 140
      vertex -86.5 0 136
    endloop
  endfacet
  facet normal 0 1 0
    outer loop
      vertex -86.5 0 8
      vertex -92.5 0 4
      vertex -92.5 0 140
    endloop
  endfacet
  facet normal 0 1 0
    outer loop
      vertex -92.5 0 4
      vertex -86.5 0 8
      vertex -48.5 0 4
    endloop
  endfacet
  facet normal 0 1 -0
    outer loop
      vertex 114.25 0 8.6
      vertex 95.5 0 140
      vertex 121.75 0 8.6
    endloop
  endfacet
  facet normal 0 1 -0
    outer loop
      vertex 113.898 0 8.5723
      vertex 95.5 0 140
      vertex 114.25 0 8.6
    endloop
  endfacet
  facet normal 0 1 -0
    outer loop
      vertex 113.555 0 8.48988
      vertex 95.5 0 140
      vertex 113.898 0 8.5723
    endloop
  endfacet
  facet normal 0 1 -0
    outer loop
      vertex 113.229 0 8.35476
      vertex 95.5 0 140
      vertex 113.555 0 8.48988
    endloop
  endfacet
  facet normal 0 1 -0
    outer loop
      vertex 112.927 0 8.17029
      vertex 95.5 0 140
      vertex 113.229 0 8.35476
    endloop
  endfacet
  facet normal 0 1 0
    outer loop
      vertex 95.5 0 0
      vertex 112.927 0 8.17029
      vertex 112.659 0 7.94099
    endloop
  endfacet
  facet normal 0 1 0
    outer loop
      vertex 95.5 0 0
      vertex 112.659 0 7.94099
      vertex 112.43 0 7.67252
    endloop
  endfacet
  facet normal 0 1 0
    outer loop
      vertex 95.5 0 0
      vertex 112.43 0 7.67252
      vertex 112.245 0 7.37148
    endloop
  endfacet
  facet normal 0 1 0
    outer loop
      vertex 95.5 0 0
      vertex 112.245 0 7.37148
      vertex 112.11 0 7.04529
    endloop
  endfacet
  facet normal 0 1 0
    outer loop
      vertex 95.5 0 0
      vertex 112.11 0 7.04529
      vertex 112.028 0 6.70198
    endloop
  endfacet
  facet normal 0 1 0
    outer loop
      vertex 95.5 0 0
      vertex 112.028 0 6.70198
      vertex 112 0 6.35
    endloop
  endfacet
  facet normal 0 1 0
    outer loop
      vertex 95.5 0 0
      vertex 112 0 6.35
      vertex 112.028 0 5.99802
    endloop
  endfacet
  facet normal 0 1 0
    outer loop
      vertex 127 0 0
      vertex 113.898 0 4.1277
      vertex 114.25 0 4.1
    endloop
  endfacet
  facet normal 0 1 0
    outer loop
      vertex 95.5 0 0
      vertex 113.898 0 4.1277
      vertex 127 0 0
    endloop
  endfacet
  facet normal 0 1 0
    outer loop
      vertex 112.927 0 8.17029
      vertex 95.5 0 0
      vertex 95.5 0 140
    endloop
  endfacet
  facet normal 0 1 0
    outer loop
      vertex 112.11 0 5.65471
      vertex 95.5 0 0
      vertex 112.028 0 5.99802
    endloop
  endfacet
  facet normal 0 1 0
    outer loop
      vertex 112.245 0 5.32852
      vertex 95.5 0 0
      vertex 112.11 0 5.65471
    endloop
  endfacet
  facet normal 0 1 0
    outer loop
      vertex 112.43 0 5.02748
      vertex 95.5 0 0
      vertex 112.245 0 5.32852
    endloop
  endfacet
  facet normal 0 1 0
    outer loop
      vertex 112.659 0 4.75901
      vertex 95.5 0 0
      vertex 112.43 0 5.02748
    endloop
  endfacet
  facet normal 0 1 0
    outer loop
      vertex 112.927 0 4.52971
      vertex 95.5 0 0
      vertex 112.659 0 4.75901
    endloop
  endfacet
  facet normal 0 1 0
    outer loop
      vertex 113.229 0 4.34523
      vertex 95.5 0 0
      vertex 112.927 0 4.52971
    endloop
  endfacet
  facet normal 0 1 0
    outer loop
      vertex 113.555 0 4.21012
      vertex 95.5 0 0
      vertex 113.229 0 4.34523
    endloop
  endfacet
  facet normal 0 1 0
    outer loop
      vertex 113.898 0 4.1277
      vertex 95.5 0 0
      vertex 113.555 0 4.21012
    endloop
  endfacet
  facet normal 0 -1 0
    outer loop
      vertex 86.5 -3 136
      vertex 113.898 -3 8.5723
      vertex 114.25 -3 8.6
    endloop
  endfacet
  facet normal 0 -1 0
    outer loop
      vertex 86.5 -3 136
      vertex 113.555 -3 8.48988
      vertex 113.898 -3 8.5723
    endloop
  endfacet
  facet normal 0 -1 0
    outer loop
      vertex 86.5 -3 8
      vertex 113.555 -3 8.48988
      vertex 86.5 -3 136
    endloop
  endfacet
  facet normal 0 -1 0
    outer loop
      vertex 113.555 -3 8.48988
      vertex 86.5 -3 8
      vertex 113.229 -3 8.35476
    endloop
  endfacet
  facet normal 0 -1 0
    outer loop
      vertex 113.229 -3 8.35476
      vertex 86.5 -3 8
      vertex 112.927 -3 8.17029
    endloop
  endfacet
  facet normal 0 -1 0
    outer loop
      vertex 86.5 -3 8
      vertex 112.659 -3 7.94099
      vertex 112.927 -3 8.17029
    endloop
  endfacet
  facet normal 0 -1 0
    outer loop
      vertex -112.245 -3 5.32852
      vertex -86.5 -3 8
      vertex -112.11 -3 5.65471
    endloop
  endfacet
  facet normal 0 -1 0
    outer loop
      vertex -112.43 -3 5.02748
      vertex -86.5 -3 8
      vertex -112.245 -3 5.32852
    endloop
  endfacet
  facet normal 0 -1 0
    outer loop
      vertex 86.5 -3 8
      vertex 112.43 -3 7.67252
      vertex 112.659 -3 7.94099
    endloop
  endfacet
  facet normal 0 -1 0
    outer loop
      vertex -112.659 -3 4.75901
      vertex -86.5 -3 8
      vertex -112.43 -3 5.02748
    endloop
  endfacet
  facet normal 0 -1 0
    outer loop
      vertex 86.5 -3 8
      vertex 112.245 -3 7.37148
      vertex 112.43 -3 7.67252
    endloop
  endfacet
  facet normal 0 -1 0
    outer loop
      vertex -112.927 -3 4.52971
      vertex -86.5 -3 8
      vertex -112.659 -3 4.75901
    endloop
  endfacet
  facet normal 0 -1 0
    outer loop
      vertex 86.5 -3 8
      vertex 112.11 -3 7.04529
      vertex 112.245 -3 7.37148
    endloop
  endfacet
  facet normal 0 -1 0
    outer loop
      vertex -113.229 -3 4.34523
      vertex -86.5 -3 8
      vertex -112.927 -3 4.52971
    endloop
  endfacet
  facet normal 0 -1 0
    outer loop
      vertex 86.5 -3 8
      vertex 112.028 -3 6.70198
      vertex 112.11 -3 7.04529
    endloop
  endfacet
  facet normal 0 -1 0
    outer loop
      vertex -113.555 -3 4.21012
      vertex -86.5 -3 8
      vertex -113.229 -3 4.34523
    endloop
  endfacet
  facet normal 0 -1 0
    outer loop
      vertex 86.5 -3 8
      vertex 112 -3 6.35
      vertex 112.028 -3 6.70198
    endloop
  endfacet
  facet normal 0 -1 0
    outer loop
      vertex -127 -3 0
      vertex -86.5 -3 8
      vertex -113.555 -3 4.21012
    endloop
  endfacet
  facet normal 0 -1 0
    outer loop
      vertex 86.5 -3 8
      vertex 112.028 -3 5.99802
      vertex 112 -3 6.35
    endloop
  endfacet
  facet normal 0 -1 -0
    outer loop
      vertex -86.5 -3 8
      vertex -127 -3 0
      vertex -54.5 -3 8
    endloop
  endfacet
  facet normal 0 -1 0
    outer loop
      vertex 86.5 -3 8
      vertex 112.11 -3 5.65471
      vertex 112.028 -3 5.99802
    endloop
  endfacet
  facet normal 0 -1 -0
    outer loop
      vertex -54.5 -3 8
      vertex -127 -3 0
      vertex -39.5 -3 8
    endloop
  endfacet
  facet normal 0 -1 0
    outer loop
      vertex 86.5 -3 8
      vertex 112.245 -3 5.32852
      vertex 112.11 -3 5.65471
    endloop
  endfacet
  facet normal 0 -1 -0
    outer loop
      vertex -39.5 -3 8
      vertex -127 -3 0
      vertex -7.5 -3 8
    endloop
  endfacet
  facet normal 0 -1 0
    outer loop
      vertex 86.5 -3 8
      vertex 112.43 -3 5.02748
      vertex 112.245 -3 5.32852
    endloop
  endfacet
  facet normal 0 -1 -0
    outer loop
      vertex -7.5 -3 8
      vertex -127 -3 0
      vertex 7.5 -3 8
    endloop
  endfacet
  facet normal 0 -1 0
    outer loop
      vertex 86.5 -3 8
      vertex 112.659 -3 4.75901
      vertex 112.43 -3 5.02748
    endloop
  endfacet
  facet normal 0 -1 0
    outer loop
      vertex 127 -3 0
      vertex 7.5 -3 8
      vertex -127 -3 0
    endloop
  endfacet
  facet normal 0 -1 0
    outer loop
      vertex 86.5 -3 8
      vertex 112.927 -3 4.52971
      vertex 112.659 -3 4.75901
    endloop
  endfacet
  facet normal 0 -1 0
    outer loop
      vertex 7.5 -3 8
      vertex 127 -3 0
      vertex 39.5 -3 8
    endloop
  endfacet
  facet normal 0 -1 0
    outer loop
      vertex 86.5 -3 8
      vertex 113.229 -3 4.34523
      vertex 112.927 -3 4.52971
    endloop
  endfacet
  facet normal 0 -1 0
    outer loop
      vertex 39.5 -3 8
      vertex 127 -3 0
      vertex 54.5 -3 8
    endloop
  endfacet
  facet normal 0 -1 0
    outer loop
      vertex 86.5 -3 8
      vertex 113.555 -3 4.21012
      vertex 113.229 -3 4.34523
    endloop
  endfacet
  facet normal 0 -1 0
    outer loop
      vertex -127 -3 0
      vertex -113.555 -3 4.21012
      vertex -113.898 -3 4.1277
    endloop
  endfacet
  facet normal 0 -1 0
    outer loop
      vertex 54.5 -3 8
      vertex 127 -3 0
      vertex 86.5 -3 8
    endloop
  endfacet
  facet normal 0 -1 0
    outer loop
      vertex -127 -3 0
      vertex -113.898 -3 4.1277
      vertex -114.25 -3 4.1
    endloop
  endfacet
  facet normal 0 -1 0
    outer loop
      vertex 86.5 -3 8
      vertex 127 -3 0
      vertex 113.555 -3 4.21012
    endloop
  endfacet
  facet normal 0 -1 0
    outer loop
      vertex 39.5 -3 8
      vertex 54.5 -3 136
      vertex 39.5 -3 136
    endloop
  endfacet
  facet normal 0 -1 -0
    outer loop
      vertex 54.5 -3 136
      vertex 39.5 -3 8
      vertex 54.5 -3 8
    endloop
  endfacet
  facet normal 0 -1 0
    outer loop
      vertex -7.5 -3 8
      vertex 7.5 -3 136
      vertex -7.5 -3 136
    endloop
  endfacet
  facet normal 0 -1 -0
    outer loop
      vertex 7.5 -3 136
      vertex -7.5 -3 8
      vertex 7.5 -3 8
    endloop
  endfacet
  facet normal 0 -1 0
    outer loop
      vertex -54.5 -3 8
      vertex -39.5 -3 136
      vertex -54.5 -3 136
    endloop
  endfacet
  facet normal 0 -1 -0
    outer loop
      vertex -39.5 -3 136
      vertex -54.5 -3 8
      vertex -39.5 -3 8
    endloop
  endfacet
  facet normal 0 -1 0
    outer loop
      vertex -127 -3 177.8
      vertex -113.555 -3 173.59
      vertex 127 -3 177.8
    endloop
  endfacet
  facet normal 0 -1 0
    outer loop
      vertex 127 -3 177.8
      vertex 113.898 -3 173.672
      vertex 114.25 -3 173.7
    endloop
  endfacet
  facet normal 0 -1 0
    outer loop
      vertex 113.555 -3 173.59
      vertex 127 -3 177.8
      vertex -113.555 -3 173.59
    endloop
  endfacet
  facet normal 0 -1 0
    outer loop
      vertex 127 -3 177.8
      vertex 113.555 -3 173.59
      vertex 113.898 -3 173.672
    endloop
  endfacet
  facet normal 0 -1 0
    outer loop
      vertex -113.229 -3 173.455
      vertex 113.555 -3 173.59
      vertex -113.555 -3 173.59
    endloop
  endfacet
  facet normal 0 -1 0
    outer loop
      vertex -113.229 -3 173.455
      vertex 113.229 -3 173.455
      vertex 113.555 -3 173.59
    endloop
  endfacet
  facet normal 0 -1 0
    outer loop
      vertex -112.927 -3 173.27
      vertex 113.229 -3 173.455
      vertex -113.229 -3 173.455
    endloop
  endfacet
  facet normal 0 -1 0
    outer loop
      vertex -112.927 -3 173.27
      vertex 112.927 -3 173.27
      vertex 113.229 -3 173.455
    endloop
  endfacet
  facet normal 0 -1 0
    outer loop
      vertex -7.5 -3 136
      vertex -112.927 -3 173.27
      vertex -112.659 -3 173.041
    endloop
  endfacet
  facet normal 0 -1 0
    outer loop
      vertex -112.927 -3 173.27
      vertex -7.5 -3 136
      vertex 112.927 -3 173.27
    endloop
  endfacet
  facet normal 0 -1 0
    outer loop
      vertex -39.5 -3 136
      vertex -112.659 -3 173.041
      vertex -112.43 -3 172.773
    endloop
  endfacet
  facet normal 0 -1 0
    outer loop
      vertex 7.5 -3 136
      vertex 112.927 -3 173.27
      vertex -7.5 -3 136
    endloop
  endfacet
  facet normal 0 -1 0
    outer loop
      vertex -39.5 -3 136
      vertex -112.43 -3 172.773
      vertex -112.245 -3 172.471
    endloop
  endfacet
  facet normal 0 -1 0
    outer loop
      vertex 112.927 -3 173.27
      vertex 7.5 -3 136
      vertex 112.659 -3 173.041
    endloop
  endfacet
  facet normal 0 -1 0
    outer loop
      vertex -54.5 -3 136
      vertex -112.245 -3 172.471
      vertex -112.11 -3 172.145
    endloop
  endfacet
  facet normal 0 -1 0
    outer loop
      vertex 39.5 -3 136
      vertex 112.659 -3 173.041
      vertex 7.5 -3 136
    endloop
  endfacet
  facet normal 0 -1 0
    outer loop
      vertex -54.5 -3 136
      vertex -112.11 -3 172.145
      vertex -112.028 -3 171.802
    endloop
  endfacet
  facet normal 0 -1 0
    outer loop
      vertex 112.659 -3 173.041
      vertex 39.5 -3 136
      vertex 112.43 -3 172.773
    endloop
  endfacet
  facet normal 0 -1 0
    outer loop
      vertex -54.5 -3 136
      vertex -112.028 -3 171.802
      vertex -112 -3 171.45
    endloop
  endfacet
  facet normal 0 -1 0
    outer loop
      vertex 112.43 -3 172.773
      vertex 39.5 -3 136
      vertex 112.245 -3 172.471
    endloop
  endfacet
  facet normal 0 -1 0
    outer loop
      vertex -86.5 -3 136
      vertex -112 -3 171.45
      vertex -112.028 -3 171.098
    endloop
  endfacet
  facet normal 0 -1 0
    outer loop
      vertex 54.5 -3 136
      vertex 112.245 -3 172.471
      vertex 39.5 -3 136
    endloop
  endfacet
  facet normal 0 -1 0
    outer loop
      vertex -86.5 -3 136
      vertex -112.028 -3 171.098
      vertex -112.11 -3 170.755
    endloop
  endfacet
  facet normal 0 -1 0
    outer loop
      vertex 112.245 -3 172.471
      vertex 54.5 -3 136
      vertex 112.11 -3 172.145
    endloop
  endfacet
  facet normal 0 -1 0
    outer loop
      vertex -86.5 -3 136
      vertex -112.11 -3 170.755
      vertex -112.245 -3 170.429
    endloop
  endfacet
  facet normal 0 -1 0
    outer loop
      vertex 112.11 -3 172.145
      vertex 54.5 -3 136
      vertex 112.028 -3 171.802
    endloop
  endfacet
  facet normal 0 -1 0
    outer loop
      vertex -86.5 -3 136
      vertex -112.245 -3 170.429
      vertex -112.43 -3 170.127
    endloop
  endfacet
  facet normal 0 -1 0
    outer loop
      vertex 112.028 -3 171.802
      vertex 54.5 -3 136
      vertex 112 -3 171.45
    endloop
  endfacet
  facet normal 0 -1 0
    outer loop
      vertex -86.5 -3 136
      vertex -112.43 -3 170.127
      vertex -112.659 -3 169.859
    endloop
  endfacet
  facet normal 0 -1 0
    outer loop
      vertex 86.5 -3 136
      vertex 112 -3 171.45
      vertex 54.5 -3 136
    endloop
  endfacet
  facet normal 0 -1 0
    outer loop
      vertex -86.5 -3 136
      vertex -112.659 -3 169.859
      vertex -112.927 -3 169.63
    endloop
  endfacet
  facet normal 0 -1 -0
    outer loop
      vertex 112 -3 171.45
      vertex 86.5 -3 136
      vertex 112.028 -3 171.098
    endloop
  endfacet
  facet normal 0 -1 0
    outer loop
      vertex -86.5 -3 136
      vertex -112.927 -3 169.63
      vertex -113.229 -3 169.445
    endloop
  endfacet
  facet normal 0 -1 -0
    outer loop
      vertex 112.028 -3 171.098
      vertex 86.5 -3 136
      vertex 112.11 -3 170.755
    endloop
  endfacet
  facet normal 0 -1 0
    outer loop
      vertex -86.5 -3 136
      vertex -113.229 -3 169.445
      vertex -113.555 -3 169.31
    endloop
  endfacet
  facet normal 0 -1 -0
    outer loop
      vertex 112.11 -3 170.755
      vertex 86.5 -3 136
      vertex 112.245 -3 170.429
    endloop
  endfacet
  facet normal 0 -1 0
    outer loop
      vertex -86.5 -3 136
      vertex -113.555 -3 169.31
      vertex -113.898 -3 169.228
    endloop
  endfacet
  facet normal 0 -1 -0
    outer loop
      vertex 112.245 -3 170.429
      vertex 86.5 -3 136
      vertex 112.43 -3 170.127
    endloop
  endfacet
  facet normal 0 -1 0
    outer loop
      vertex -86.5 -3 136
      vertex -113.898 -3 169.228
      vertex -114.25 -3 169.2
    endloop
  endfacet
  facet normal 0 -1 -0
    outer loop
      vertex 112.43 -3 170.127
      vertex 86.5 -3 136
      vertex 112.659 -3 169.859
    endloop
  endfacet
  facet normal 0 -1 0
    outer loop
      vertex -114.25 -3 173.7
      vertex -127 -3 177.8
      vertex -121.75 -3 173.7
    endloop
  endfacet
  facet normal 0 -1 0
    outer loop
      vertex -127 -3 177.8
      vertex -122.102 -3 173.672
      vertex -121.75 -3 173.7
    endloop
  endfacet
  facet normal 0 -1 0
    outer loop
      vertex -127 -3 177.8
      vertex -122.445 -3 173.59
      vertex -122.102 -3 173.672
    endloop
  endfacet
  facet normal 0 -1 0
    outer loop
      vertex -127 -3 177.8
      vertex -122.771 -3 173.455
      vertex -122.445 -3 173.59
    endloop
  endfacet
  facet normal 0 -1 0
    outer loop
      vertex -127 -3 177.8
      vertex -123.073 -3 173.27
      vertex -122.771 -3 173.455
    endloop
  endfacet
  facet normal 0 -1 0
    outer loop
      vertex -127 -3 177.8
      vertex -123.341 -3 173.041
      vertex -123.073 -3 173.27
    endloop
  endfacet
  facet normal 0 -1 0
    outer loop
      vertex -127 -3 177.8
      vertex -123.57 -3 172.773
      vertex -123.341 -3 173.041
    endloop
  endfacet
  facet normal 0 -1 0
    outer loop
      vertex -127 -3 177.8
      vertex -123.755 -3 172.471
      vertex -123.57 -3 172.773
    endloop
  endfacet
  facet normal 0 -1 0
    outer loop
      vertex -127 -3 177.8
      vertex -123.89 -3 172.145
      vertex -123.755 -3 172.471
    endloop
  endfacet
  facet normal 0 -1 0
    outer loop
      vertex -127 -3 177.8
      vertex -123.972 -3 171.802
      vertex -123.89 -3 172.145
    endloop
  endfacet
  facet normal 0 -1 0
    outer loop
      vertex -127 -3 177.8
      vertex -124 -3 171.45
      vertex -123.972 -3 171.802
    endloop
  endfacet
  facet normal 0 -1 0
    outer loop
      vertex -127 -3 177.8
      vertex -123.972 -3 171.098
      vertex -124 -3 171.45
    endloop
  endfacet
  facet normal 0 -1 0
    outer loop
      vertex -127 -3 177.8
      vertex -123.89 -3 170.755
      vertex -123.972 -3 171.098
    endloop
  endfacet
  facet normal 0 -1 0
    outer loop
      vertex -127 -3 177.8
      vertex -123.755 -3 170.429
      vertex -123.89 -3 170.755
    endloop
  endfacet
  facet normal 0 -1 0
    outer loop
      vertex -86.5 -3 136
      vertex -114.25 -3 169.2
      vertex -121.75 -3 169.2
    endloop
  endfacet
  facet normal 0 -1 -0
    outer loop
      vertex 112.659 -3 169.859
      vertex 86.5 -3 136
      vertex 112.927 -3 169.63
    endloop
  endfacet
  facet normal 0 -1 0
    outer loop
      vertex -112 -3 171.45
      vertex -86.5 -3 136
      vertex -54.5 -3 136
    endloop
  endfacet
  facet normal 0 -1 0
    outer loop
      vertex -122.102 -3 169.228
      vertex -86.5 -3 136
      vertex -121.75 -3 169.2
    endloop
  endfacet
  facet normal 0 -1 0
    outer loop
      vertex -122.445 -3 169.31
      vertex -86.5 -3 136
      vertex -122.102 -3 169.228
    endloop
  endfacet
  facet normal 0 -1 0
    outer loop
      vertex -122.771 -3 169.445
      vertex -86.5 -3 136
      vertex -122.445 -3 169.31
    endloop
  endfacet
  facet normal 0 -1 0
    outer loop
      vertex -122.771 -3 8.35476
      vertex -122.771 -3 169.445
      vertex -123.073 -3 169.63
    endloop
  endfacet
  facet normal 0 -1 0
    outer loop
      vertex -123.073 -3 8.17029
      vertex -123.073 -3 169.63
      vertex -123.341 -3 169.859
    endloop
  endfacet
  facet normal 0 -1 0
    outer loop
      vertex -122.771 -3 169.445
      vertex -122.771 -3 8.35476
      vertex -86.5 -3 136
    endloop
  endfacet
  facet normal 0 -1 0
    outer loop
      vertex -123.341 -3 7.94099
      vertex -123.341 -3 169.859
      vertex -123.57 -3 170.127
    endloop
  endfacet
  facet normal 0 -1 0
    outer loop
      vertex -123.57 -3 7.67252
      vertex -123.57 -3 170.127
      vertex -123.755 -3 170.429
    endloop
  endfacet
  facet normal 0 -1 0
    outer loop
      vertex -123.755 -3 7.37148
      vertex -123.755 -3 170.429
      vertex -127 -3 177.8
    endloop
  endfacet
  facet normal 0 -1 0
    outer loop
      vertex -86.5 -3 136
      vertex -122.102 -3 8.5723
      vertex -121.75 -3 8.6
    endloop
  endfacet
  facet normal 0 -1 0
    outer loop
      vertex -86.5 -3 136
      vertex -122.445 -3 8.48988
      vertex -122.102 -3 8.5723
    endloop
  endfacet
  facet normal 0 -1 0
    outer loop
      vertex -86.5 -3 136
      vertex -122.771 -3 8.35476
      vertex -122.445 -3 8.48988
    endloop
  endfacet
  facet normal 0 -1 0
    outer loop
      vertex -123.073 -3 169.63
      vertex -123.073 -3 8.17029
      vertex -122.771 -3 8.35476
    endloop
  endfacet
  facet normal 0 -1 0
    outer loop
      vertex -123.341 -3 169.859
      vertex -123.341 -3 7.94099
      vertex -123.073 -3 8.17029
    endloop
  endfacet
  facet normal 0 -1 0
    outer loop
      vertex -123.57 -3 170.127
      vertex -123.57 -3 7.67252
      vertex -123.341 -3 7.94099
    endloop
  endfacet
  facet normal 0 -1 0
    outer loop
      vertex -123.755 -3 170.429
      vertex -123.755 -3 7.37148
      vertex -123.57 -3 7.67252
    endloop
  endfacet
  facet normal 0 -1 0
    outer loop
      vertex -127 -3 177.8
      vertex -123.89 -3 7.04529
      vertex -123.755 -3 7.37148
    endloop
  endfacet
  facet normal 0 -1 0
    outer loop
      vertex -127 -3 0
      vertex -123.89 -3 7.04529
      vertex -127 -3 177.8
    endloop
  endfacet
  facet normal 0 -1 0
    outer loop
      vertex -123.89 -3 7.04529
      vertex -127 -3 0
      vertex -123.972 -3 6.70198
    endloop
  endfacet
  facet normal 0 -1 0
    outer loop
      vertex -127 -3 0
      vertex -114.25 -3 4.1
      vertex -121.75 -3 4.1
    endloop
  endfacet
  facet normal 0 -1 0
    outer loop
      vertex 113.555 -3 4.21012
      vertex 127 -3 0
      vertex 113.898 -3 4.1277
    endloop
  endfacet
  facet normal 0 -1 0
    outer loop
      vertex 113.898 -3 4.1277
      vertex 127 -3 0
      vertex 114.25 -3 4.1
    endloop
  endfacet
  facet normal 0 -1 -0
    outer loop
      vertex -122.102 -3 4.1277
      vertex -127 -3 0
      vertex -121.75 -3 4.1
    endloop
  endfacet
  facet normal 0 -1 -0
    outer loop
      vertex -122.445 -3 4.21012
      vertex -127 -3 0
      vertex -122.102 -3 4.1277
    endloop
  endfacet
  facet normal 0 -1 -0
    outer loop
      vertex -122.771 -3 4.34523
      vertex -127 -3 0
      vertex -122.445 -3 4.21012
    endloop
  endfacet
  facet normal 0 -1 -0
    outer loop
      vertex -123.073 -3 4.52971
      vertex -127 -3 0
      vertex -122.771 -3 4.34523
    endloop
  endfacet
  facet normal 0 -1 -0
    outer loop
      vertex -123.341 -3 4.75901
      vertex -127 -3 0
      vertex -123.073 -3 4.52971
    endloop
  endfacet
  facet normal 0 -1 -0
    outer loop
      vertex -123.57 -3 5.02748
      vertex -127 -3 0
      vertex -123.341 -3 4.75901
    endloop
  endfacet
  facet normal 0 -1 -0
    outer loop
      vertex -123.755 -3 5.32852
      vertex -127 -3 0
      vertex -123.57 -3 5.02748
    endloop
  endfacet
  facet normal 0 -1 -0
    outer loop
      vertex -123.89 -3 5.65471
      vertex -127 -3 0
      vertex -123.755 -3 5.32852
    endloop
  endfacet
  facet normal 0 -1 -0
    outer loop
      vertex -123.972 -3 5.99802
      vertex -127 -3 0
      vertex -123.89 -3 5.65471
    endloop
  endfacet
  facet normal 0 -1 -0
    outer loop
      vertex -124 -3 6.35
      vertex -127 -3 0
      vertex -123.972 -3 5.99802
    endloop
  endfacet
  facet normal 0 -1 0
    outer loop
      vertex -123.972 -3 6.70198
      vertex -127 -3 0
      vertex -124 -3 6.35
    endloop
  endfacet
  facet normal 0 -1 0
    outer loop
      vertex -113.898 -3 173.672
      vertex -127 -3 177.8
      vertex -114.25 -3 173.7
    endloop
  endfacet
  facet normal 0 -1 0
    outer loop
      vertex -113.555 -3 173.59
      vertex -127 -3 177.8
      vertex -113.898 -3 173.672
    endloop
  endfacet
  facet normal 0 -1 0
    outer loop
      vertex 121.75 -3 173.7
      vertex 127 -3 177.8
      vertex 114.25 -3 173.7
    endloop
  endfacet
  facet normal 0 -1 0
    outer loop
      vertex 122.102 -3 173.672
      vertex 127 -3 177.8
      vertex 121.75 -3 173.7
    endloop
  endfacet
  facet normal 0 -1 0
    outer loop
      vertex 122.445 -3 173.59
      vertex 127 -3 177.8
      vertex 122.102 -3 173.672
    endloop
  endfacet
  facet normal 0 -1 0
    outer loop
      vertex 122.771 -3 173.455
      vertex 127 -3 177.8
      vertex 122.445 -3 173.59
    endloop
  endfacet
  facet normal 0 -1 0
    outer loop
      vertex 123.073 -3 173.27
      vertex 127 -3 177.8
      vertex 122.771 -3 173.455
    endloop
  endfacet
  facet normal 0 -1 0
    outer loop
      vertex 123.341 -3 173.041
      vertex 127 -3 177.8
      vertex 123.073 -3 173.27
    endloop
  endfacet
  facet normal 0 -1 0
    outer loop
      vertex 123.57 -3 172.773
      vertex 127 -3 177.8
      vertex 123.341 -3 173.041
    endloop
  endfacet
  facet normal 0 -1 0
    outer loop
      vertex 123.755 -3 172.471
      vertex 127 -3 177.8
      vertex 123.57 -3 172.773
    endloop
  endfacet
  facet normal 0 -1 0
    outer loop
      vertex 123.89 -3 172.145
      vertex 127 -3 177.8
      vertex 123.755 -3 172.471
    endloop
  endfacet
  facet normal 0 -1 0
    outer loop
      vertex 123.972 -3 171.802
      vertex 127 -3 177.8
      vertex 123.89 -3 172.145
    endloop
  endfacet
  facet normal 0 -1 0
    outer loop
      vertex 124 -3 171.45
      vertex 127 -3 177.8
      vertex 123.972 -3 171.802
    endloop
  endfacet
  facet normal 0 -1 0
    outer loop
      vertex 123.972 -3 171.098
      vertex 127 -3 177.8
      vertex 124 -3 171.45
    endloop
  endfacet
  facet normal 0 -1 0
    outer loop
      vertex 123.89 -3 170.755
      vertex 127 -3 177.8
      vertex 123.972 -3 171.098
    endloop
  endfacet
  facet normal 0 -1 0
    outer loop
      vertex 123.755 -3 170.429
      vertex 127 -3 177.8
      vertex 123.89 -3 170.755
    endloop
  endfacet
  facet normal 0 -1 0
    outer loop
      vertex -112.245 -3 172.471
      vertex -54.5 -3 136
      vertex -39.5 -3 136
    endloop
  endfacet
  facet normal 0 -1 0
    outer loop
      vertex -112.659 -3 173.041
      vertex -39.5 -3 136
      vertex -7.5 -3 136
    endloop
  endfacet
  facet normal 0 -1 -0
    outer loop
      vertex 112.927 -3 169.63
      vertex 86.5 -3 136
      vertex 113.229 -3 169.445
    endloop
  endfacet
  facet normal 0 -1 -0
    outer loop
      vertex 113.229 -3 169.445
      vertex 86.5 -3 136
      vertex 113.555 -3 169.31
    endloop
  endfacet
  facet normal 0 -1 -0
    outer loop
      vertex 113.555 -3 169.31
      vertex 86.5 -3 136
      vertex 113.898 -3 169.228
    endloop
  endfacet
  facet normal 0 -1 -0
    outer loop
      vertex 113.898 -3 169.228
      vertex 86.5 -3 136
      vertex 114.25 -3 169.2
    endloop
  endfacet
  facet normal 0 -1 -0
    outer loop
      vertex 114.25 -3 169.2
      vertex 86.5 -3 136
      vertex 121.75 -3 169.2
    endloop
  endfacet
  facet normal 0 -1 -0
    outer loop
      vertex 121.75 -3 169.2
      vertex 86.5 -3 136
      vertex 122.102 -3 169.228
    endloop
  endfacet
  facet normal 0 -1 -0
    outer loop
      vertex 122.102 -3 169.228
      vertex 86.5 -3 136
      vertex 122.445 -3 169.31
    endloop
  endfacet
  facet normal 0 -1 -0
    outer loop
      vertex 122.445 -3 169.31
      vertex 86.5 -3 136
      vertex 122.771 -3 169.445
    endloop
  endfacet
  facet normal 0 -1 0
    outer loop
      vertex 122.771 -3 8.35476
      vertex 122.771 -3 169.445
      vertex 86.5 -3 136
    endloop
  endfacet
  facet normal 0 -1 0
    outer loop
      vertex 122.771 -3 169.445
      vertex 122.771 -3 8.35476
      vertex 123.073 -3 169.63
    endloop
  endfacet
  facet normal 0 -1 0
    outer loop
      vertex 121.75 -3 8.6
      vertex 86.5 -3 136
      vertex 114.25 -3 8.6
    endloop
  endfacet
  facet normal 0 -1 0
    outer loop
      vertex 122.102 -3 8.5723
      vertex 86.5 -3 136
      vertex 121.75 -3 8.6
    endloop
  endfacet
  facet normal 0 -1 0
    outer loop
      vertex 122.445 -3 8.48988
      vertex 86.5 -3 136
      vertex 122.102 -3 8.5723
    endloop
  endfacet
  facet normal 0 -1 0
    outer loop
      vertex 122.771 -3 8.35476
      vertex 86.5 -3 136
      vertex 122.445 -3 8.48988
    endloop
  endfacet
  facet normal 0 -1 0
    outer loop
      vertex 123.073 -3 8.17029
      vertex 123.073 -3 169.63
      vertex 122.771 -3 8.35476
    endloop
  endfacet
  facet normal 0 -1 0
    outer loop
      vertex 123.073 -3 169.63
      vertex 123.073 -3 8.17029
      vertex 123.341 -3 169.859
    endloop
  endfacet
  facet normal 0 -1 0
    outer loop
      vertex 123.341 -3 7.94099
      vertex 123.341 -3 169.859
      vertex 123.073 -3 8.17029
    endloop
  endfacet
  facet normal 0 -1 0
    outer loop
      vertex 123.341 -3 169.859
      vertex 123.341 -3 7.94099
      vertex 123.57 -3 170.127
    endloop
  endfacet
  facet normal 0 -1 0
    outer loop
      vertex 123.57 -3 7.67252
      vertex 123.57 -3 170.127
      vertex 123.341 -3 7.94099
    endloop
  endfacet
  facet normal 0 -1 0
    outer loop
      vertex 123.57 -3 170.127
      vertex 123.57 -3 7.67252
      vertex 123.755 -3 170.429
    endloop
  endfacet
  facet normal 0 -1 0
    outer loop
      vertex 123.755 -3 7.37148
      vertex 123.755 -3 170.429
      vertex 123.57 -3 7.67252
    endloop
  endfacet
  facet normal 0 -1 0
    outer loop
      vertex 123.755 -3 170.429
      vertex 123.755 -3 7.37148
      vertex 127 -3 177.8
    endloop
  endfacet
  facet normal 0 -1 0
    outer loop
      vertex 123.89 -3 7.04529
      vertex 127 -3 177.8
      vertex 123.755 -3 7.37148
    endloop
  endfacet
  facet normal 0 -1 0
    outer loop
      vertex 127 -3 0
      vertex 123.89 -3 7.04529
      vertex 123.972 -3 6.70198
    endloop
  endfacet
  facet normal 0 -1 0
    outer loop
      vertex 127 -3 0
      vertex 123.972 -3 6.70198
      vertex 124 -3 6.35
    endloop
  endfacet
  facet normal 0 -1 0
    outer loop
      vertex 123.89 -3 7.04529
      vertex 127 -3 0
      vertex 127 -3 177.8
    endloop
  endfacet
  facet normal 0 -1 0
    outer loop
      vertex 123.972 -3 5.99802
      vertex 127 -3 0
      vertex 124 -3 6.35
    endloop
  endfacet
  facet normal 0 -1 0
    outer loop
      vertex 123.89 -3 5.65471
      vertex 127 -3 0
      vertex 123.972 -3 5.99802
    endloop
  endfacet
  facet normal 0 -1 0
    outer loop
      vertex 123.755 -3 5.32852
      vertex 127 -3 0
      vertex 123.89 -3 5.65471
    endloop
  endfacet
  facet normal 0 -1 0
    outer loop
      vertex 123.57 -3 5.02748
      vertex 127 -3 0
      vertex 123.755 -3 5.32852
    endloop
  endfacet
  facet normal 0 -1 0
    outer loop
      vertex 123.341 -3 4.75901
      vertex 127 -3 0
      vertex 123.57 -3 5.02748
    endloop
  endfacet
  facet normal 0 -1 0
    outer loop
      vertex 123.073 -3 4.52971
      vertex 127 -3 0
      vertex 123.341 -3 4.75901
    endloop
  endfacet
  facet normal 0 -1 0
    outer loop
      vertex 122.771 -3 4.34523
      vertex 127 -3 0
      vertex 123.073 -3 4.52971
    endloop
  endfacet
  facet normal 0 -1 0
    outer loop
      vertex 122.445 -3 4.21012
      vertex 127 -3 0
      vertex 122.771 -3 4.34523
    endloop
  endfacet
  facet normal 0 -1 0
    outer loop
      vertex 122.102 -3 4.1277
      vertex 127 -3 0
      vertex 122.445 -3 4.21012
    endloop
  endfacet
  facet normal 0 -1 0
    outer loop
      vertex 121.75 -3 4.1
      vertex 127 -3 0
      vertex 122.102 -3 4.1277
    endloop
  endfacet
  facet normal 0 -1 0
    outer loop
      vertex 114.25 -3 4.1
      vertex 127 -3 0
      vertex 121.75 -3 4.1
    endloop
  endfacet
  facet normal 0 -1 0
    outer loop
      vertex -114.25 -3 8.6
      vertex -86.5 -3 136
      vertex -121.75 -3 8.6
    endloop
  endfacet
  facet normal 0 -1 0
    outer loop
      vertex -113.898 -3 8.5723
      vertex -86.5 -3 136
      vertex -114.25 -3 8.6
    endloop
  endfacet
  facet normal 0 -1 0
    outer loop
      vertex -113.555 -3 8.48988
      vertex -86.5 -3 136
      vertex -113.898 -3 8.5723
    endloop
  endfacet
  facet normal 0 -1 0
    outer loop
      vertex -86.5 -3 8
      vertex -113.555 -3 8.48988
      vertex -113.229 -3 8.35476
    endloop
  endfacet
  facet normal 0 -1 0
    outer loop
      vertex -86.5 -3 8
      vertex -113.229 -3 8.35476
      vertex -112.927 -3 8.17029
    endloop
  endfacet
  facet normal 0 -1 0
    outer loop
      vertex -113.555 -3 8.48988
      vertex -86.5 -3 8
      vertex -86.5 -3 136
    endloop
  endfacet
  facet normal 0 -1 0
    outer loop
      vertex -112.11 -3 7.04529
      vertex -86.5 -3 8
      vertex -112.245 -3 7.37148
    endloop
  endfacet
  facet normal 0 -1 0
    outer loop
      vertex -112.028 -3 6.70198
      vertex -86.5 -3 8
      vertex -112.11 -3 7.04529
    endloop
  endfacet
  facet normal 0 -1 0
    outer loop
      vertex -112 -3 6.35
      vertex -86.5 -3 8
      vertex -112.028 -3 6.70198
    endloop
  endfacet
  facet normal 0 -1 0
    outer loop
      vertex -112.245 -3 7.37148
      vertex -86.5 -3 8
      vertex -112.43 -3 7.67252
    endloop
  endfacet
  facet normal 0 -1 0
    outer loop
      vertex -112.028 -3 5.99802
      vertex -86.5 -3 8
      vertex -112 -3 6.35
    endloop
  endfacet
  facet normal 0 -1 0
    outer loop
      vertex -112.11 -3 5.65471
      vertex -86.5 -3 8
      vertex -112.028 -3 5.99802
    endloop
  endfacet
  facet normal 0 -1 0
    outer loop
      vertex -112.43 -3 7.67252
      vertex -86.5 -3 8
      vertex -112.659 -3 7.94099
    endloop
  endfacet
  facet normal 0 -1 0
    outer loop
      vertex -112.659 -3 7.94099
      vertex -86.5 -3 8
      vertex -112.927 -3 8.17029
    endloop
  endfacet
  facet normal -1 0 0
    outer loop
      vertex -55.5 5 0
      vertex -55.5 122 4
      vertex -55.5 122 0
    endloop
  endfacet
  facet normal -1 -0 0
    outer loop
      vertex -55.5 122 4
      vertex -55.5 5 0
      vertex -55.5 5 4
    endloop
  endfacet
  facet normal 1 -0 0
    outer loop
      vertex -85.5 5 4
      vertex -85.5 122 0
      vertex -85.5 122 4
    endloop
  endfacet
  facet normal 1 0 0
    outer loop
      vertex -85.5 122 0
      vertex -85.5 5 4
      vertex -85.5 5 0
    endloop
  endfacet
  facet normal 0 -1 0
    outer loop
      vertex -85.5 122 0
      vertex -55.5 122 4
      vertex -85.5 122 4
    endloop
  endfacet
  facet normal 0 -1 -0
    outer loop
      vertex -55.5 122 4
      vertex -85.5 122 0
      vertex -55.5 122 0
    endloop
  endfacet
  facet normal 0 1 -0
    outer loop
      vertex -55.5 5 0
      vertex -85.5 5 4
      vertex -55.5 5 4
    endloop
  endfacet
  facet normal 0 1 0
    outer loop
      vertex -85.5 5 4
      vertex -55.5 5 0
      vertex -85.5 5 0
    endloop
  endfacet
  facet normal -1 0 0
    outer loop
      vertex -8.5 5 0
      vertex -8.5 122 4
      vertex -8.5 122 0
    endloop
  endfacet
  facet normal -1 -0 0
    outer loop
      vertex -8.5 122 4
      vertex -8.5 5 0
      vertex -8.5 5 4
    endloop
  endfacet
  facet normal 1 -0 0
    outer loop
      vertex -38.5 5 4
      vertex -38.5 122 0
      vertex -38.5 122 4
    endloop
  endfacet
  facet normal 1 0 0
    outer loop
      vertex -38.5 122 0
      vertex -38.5 5 4
      vertex -38.5 5 0
    endloop
  endfacet
  facet normal 0 -1 0
    outer loop
      vertex -38.5 122 0
      vertex -8.5 122 4
      vertex -38.5 122 4
    endloop
  endfacet
  facet normal 0 -1 -0
    outer loop
      vertex -8.5 122 4
      vertex -38.5 122 0
      vertex -8.5 122 0
    endloop
  endfacet
  facet normal 0 1 -0
    outer loop
      vertex -8.5 5 0
      vertex -38.5 5 4
      vertex -8.5 5 4
    endloop
  endfacet
  facet normal 0 1 0
    outer loop
      vertex -38.5 5 4
      vertex -8.5 5 0
      vertex -38.5 5 0
    endloop
  endfacet
  facet normal -1 0 0
    outer loop
      vertex 38.5 5 0
      vertex 38.5 122 4
      vertex 38.5 122 0
    endloop
  endfacet
  facet normal -1 -0 0
    outer loop
      vertex 38.5 122 4
      vertex 38.5 5 0
      vertex 38.5 5 4
    endloop
  endfacet
  facet normal 1 -0 0
    outer loop
      vertex 8.5 5 4
      vertex 8.5 122 0
      vertex 8.5 122 4
    endloop
  endfacet
  facet normal 1 0 0
    outer loop
      vertex 8.5 122 0
      vertex 8.5 5 4
      vertex 8.5 5 0
    endloop
  endfacet
  facet normal 0 -1 0
    outer loop
      vertex 8.5 122 0
      vertex 38.5 122 4
      vertex 8.5 122 4
    endloop
  endfacet
  facet normal 0 -1 -0
    outer loop
      vertex 38.5 122 4
      vertex 8.5 122 0
      vertex 38.5 122 0
    endloop
  endfacet
  facet normal 0 1 -0
    outer loop
      vertex 38.5 5 0
      vertex 8.5 5 4
      vertex 38.5 5 4
    endloop
  endfacet
  facet normal 0 1 0
    outer loop
      vertex 8.5 5 4
      vertex 38.5 5 0
      vertex 8.5 5 0
    endloop
  endfacet
  facet normal -1 0 0
    outer loop
      vertex 85.5 5 0
      vertex 85.5 122 4
      vertex 85.5 122 0
    endloop
  endfacet
  facet normal -1 -0 0
    outer loop
      vertex 85.5 122 4
      vertex 85.5 5 0
      vertex 85.5 5 4
    endloop
  endfacet
  facet normal 1 -0 0
    outer loop
      vertex 55.5 5 4
      vertex 55.5 122 0
      vertex 55.5 122 4
    endloop
  endfacet
  facet normal 1 0 0
    outer loop
      vertex 55.5 122 0
      vertex 55.5 5 4
      vertex 55.5 5 0
    endloop
  endfacet
  facet normal 0 -1 0
    outer loop
      vertex 55.5 122 0
      vertex 85.5 122 4
      vertex 55.5 122 4
    endloop
  endfacet
  facet normal 0 -1 -0
    outer loop
      vertex 85.5 122 4
      vertex 55.5 122 0
      vertex 85.5 122 0
    endloop
  endfacet
  facet normal 0 1 -0
    outer loop
      vertex 85.5 5 0
      vertex 55.5 5 4
      vertex 85.5 5 4
    endloop
  endfacet
  facet normal 0 1 0
    outer loop
      vertex 55.5 5 4
      vertex 85.5 5 0
      vertex 55.5 5 0
    endloop
  endfacet
  facet normal 1 0 0
    outer loop
      vertex 95.5 119.38 12
      vertex 95.5 130 140
      vertex 95.5 119.38 132
    endloop
  endfacet
  facet normal 1 0 0
    outer loop
      vertex 95.5 130 140
      vertex 95.5 106.68 132
      vertex 95.5 119.38 132
    endloop
  endfacet
  facet normal 1 0 0
    outer loop
      vertex 95.5 106.68 132
      vertex 95.5 97.79 132
      vertex 95.5 106.68 12
    endloop
  endfacet
  facet normal 1 0 0
    outer loop
      vertex 95.5 130 140
      vertex 95.5 97.79 132
      vertex 95.5 106.68 132
    endloop
  endfacet
  facet normal 1 0 0
    outer loop
      vertex 95.5 130 140
      vertex 95.5 85.09 132
      vertex 95.5 97.79 132
    endloop
  endfacet
  facet normal 1 0 0
    outer loop
      vertex 95.5 85.09 132
      vertex 95.5 76.2 132
      vertex 95.5 85.09 12
    endloop
  endfacet
  facet normal 1 0 0
    outer loop
      vertex 95.5 130 140
      vertex 95.5 76.2 132
      vertex 95.5 85.09 132
    endloop
  endfacet
  facet normal 1 0 0
    outer loop
      vertex 95.5 130 140
      vertex 95.5 63.5 132
      vertex 95.5 76.2 132
    endloop
  endfacet
  facet normal 1 0 0
    outer loop
      vertex 95.5 63.5 132
      vertex 95.5 54.61 132
      vertex 95.5 63.5 12
    endloop
  endfacet
  facet normal 1 -0 0
    outer loop
      vertex 95.5 0 140
      vertex 95.5 63.5 132
      vertex 95.5 130 140
    endloop
  endfacet
  facet normal 1 0 0
    outer loop
      vertex 95.5 63.5 132
      vertex 95.5 0 140
      vertex 95.5 54.61 132
    endloop
  endfacet
  facet normal 1 0 0
    outer loop
      vertex 95.5 41.91 132
      vertex 95.5 33.02 132
      vertex 95.5 41.91 12
    endloop
  endfacet
  facet normal 1 0 0
    outer loop
      vertex 95.5 54.61 132
      vertex 95.5 0 140
      vertex 95.5 41.91 132
    endloop
  endfacet
  facet normal 1 0 0
    outer loop
      vertex 95.5 41.91 132
      vertex 95.5 0 140
      vertex 95.5 33.02 132
    endloop
  endfacet
  facet normal 1 0 0
    outer loop
      vertex 95.5 20.32 132
      vertex 95.5 0 140
      vertex 95.5 20.32 12
    endloop
  endfacet
  facet normal 1 0 0
    outer loop
      vertex 95.5 33.02 132
      vertex 95.5 0 140
      vertex 95.5 20.32 132
    endloop
  endfacet
  facet normal 1 0 0
    outer loop
      vertex 95.5 130 140
      vertex 95.5 119.38 12
      vertex 95.5 130 0
    endloop
  endfacet
  facet normal 1 -0 0
    outer loop
      vertex 95.5 106.68 12
      vertex 95.5 130 0
      vertex 95.5 119.38 12
    endloop
  endfacet
  facet normal 1 0 0
    outer loop
      vertex 95.5 97.79 12
      vertex 95.5 106.68 12
      vertex 95.5 97.79 132
    endloop
  endfacet
  facet normal 1 -0 0
    outer loop
      vertex 95.5 97.79 12
      vertex 95.5 130 0
      vertex 95.5 106.68 12
    endloop
  endfacet
  facet normal 1 -0 0
    outer loop
      vertex 95.5 85.09 12
      vertex 95.5 130 0
      vertex 95.5 97.79 12
    endloop
  endfacet
  facet normal 1 0 0
    outer loop
      vertex 95.5 76.2 12
      vertex 95.5 85.09 12
      vertex 95.5 76.2 132
    endloop
  endfacet
  facet normal 1 -0 0
    outer loop
      vertex 95.5 76.2 12
      vertex 95.5 130 0
      vertex 95.5 85.09 12
    endloop
  endfacet
  facet normal 1 -0 0
    outer loop
      vertex 95.5 63.5 12
      vertex 95.5 130 0
      vertex 95.5 76.2 12
    endloop
  endfacet
  facet normal 1 0 0
    outer loop
      vertex 95.5 54.61 12
      vertex 95.5 63.5 12
      vertex 95.5 54.61 132
    endloop
  endfacet
  facet normal 1 0 0
    outer loop
      vertex 95.5 0 0
      vertex 95.5 63.5 12
      vertex 95.5 54.61 12
    endloop
  endfacet
  facet normal 1 0 0
    outer loop
      vertex 95.5 0 0
      vertex 95.5 54.61 12
      vertex 95.5 41.91 12
    endloop
  endfacet
  facet normal 1 0 0
    outer loop
      vertex 95.5 33.02 12
      vertex 95.5 41.91 12
      vertex 95.5 33.02 132
    endloop
  endfacet
  facet normal 1 0 0
    outer loop
      vertex 95.5 0 0
      vertex 95.5 41.91 12
      vertex 95.5 33.02 12
    endloop
  endfacet
  facet normal 1 0 0
    outer loop
      vertex 95.5 0 0
      vertex 95.5 33.02 12
      vertex 95.5 20.32 12
    endloop
  endfacet
  facet normal 1 0 0
    outer loop
      vertex 95.5 63.5 12
      vertex 95.5 0 0
      vertex 95.5 130 0
    endloop
  endfacet
  facet normal 1 0 0
    outer loop
      vertex 95.5 0 0
      vertex 95.5 20.32 12
      vertex 95.5 0 140
    endloop
  endfacet
  facet normal 0 0 1
    outer loop
      vertex -55.5 5 4
      vertex -48.5 126.2 4
      vertex -55.5 122 4
    endloop
  endfacet
  facet normal 0 0 1
    outer loop
      vertex -48.5 126.2 4
      vertex -85.5 122 4
      vertex -55.5 122 4
    endloop
  endfacet
  facet normal 0 0 1
    outer loop
      vertex -85.5 122 4
      vertex -92.5 126.2 4
      vertex -85.5 5 4
    endloop
  endfacet
  facet normal -0 0 1
    outer loop
      vertex -92.5 126.2 4
      vertex -85.5 122 4
      vertex -48.5 126.2 4
    endloop
  endfacet
  facet normal 0 0 1
    outer loop
      vertex -48.5 126.2 4
      vertex -55.5 5 4
      vertex -48.5 0 4
    endloop
  endfacet
  facet normal -0 0 1
    outer loop
      vertex -85.5 5 4
      vertex -48.5 0 4
      vertex -55.5 5 4
    endloop
  endfacet
  facet normal 0 0 1
    outer loop
      vertex -85.5 5 4
      vertex -92.5 0 4
      vertex -48.5 0 4
    endloop
  endfacet
  facet normal 0 0 1
    outer loop
      vertex -92.5 0 4
      vertex -85.5 5 4
      vertex -92.5 126.2 4
    endloop
  endfacet
  facet normal 0 0 1
    outer loop
      vertex -8.5 5 4
      vertex -1.5 126.2 4
      vertex -8.5 122 4
    endloop
  endfacet
  facet normal 0 0 1
    outer loop
      vertex -1.5 126.2 4
      vertex -38.5 122 4
      vertex -8.5 122 4
    endloop
  endfacet
  facet normal 0 0 1
    outer loop
      vertex -38.5 122 4
      vertex -45.5 126.2 4
      vertex -38.5 5 4
    endloop
  endfacet
  facet normal -0 0 1
    outer loop
      vertex -45.5 126.2 4
      vertex -38.5 122 4
      vertex -1.5 126.2 4
    endloop
  endfacet
  facet normal 0 0 1
    outer loop
      vertex -1.5 126.2 4
      vertex -8.5 5 4
      vertex -1.5 0 4
    endloop
  endfacet
  facet normal -0 0 1
    outer loop
      vertex -38.5 5 4
      vertex -1.5 0 4
      vertex -8.5 5 4
    endloop
  endfacet
  facet normal 0 0 1
    outer loop
      vertex -38.5 5 4
      vertex -45.5 0 4
      vertex -1.5 0 4
    endloop
  endfacet
  facet normal 0 0 1
    outer loop
      vertex -45.5 0 4
      vertex -38.5 5 4
      vertex -45.5 126.2 4
    endloop
  endfacet
  facet normal 0 0 1
    outer loop
      vertex 38.5 5 4
      vertex 45.5 126.2 4
      vertex 38.5 122 4
    endloop
  endfacet
  facet normal 0 0 1
    outer loop
      vertex 45.5 126.2 4
      vertex 8.5 122 4
      vertex 38.5 122 4
    endloop
  endfacet
  facet normal 0 0 1
    outer loop
      vertex 8.5 122 4
      vertex 1.5 126.2 4
      vertex 8.5 5 4
    endloop
  endfacet
  facet normal -0 0 1
    outer loop
      vertex 1.5 126.2 4
      vertex 8.5 122 4
      vertex 45.5 126.2 4
    endloop
  endfacet
  facet normal 0 0 1
    outer loop
      vertex 45.5 126.2 4
      vertex 38.5 5 4
      vertex 45.5 0 4
    endloop
  endfacet
  facet normal -0 0 1
    outer loop
      vertex 8.5 5 4
      vertex 45.5 0 4
      vertex 38.5 5 4
    endloop
  endfacet
  facet normal 0 0 1
    outer loop
      vertex 8.5 5 4
      vertex 1.5 0 4
      vertex 45.5 0 4
    endloop
  endfacet
  facet normal 0 0 1
    outer loop
      vertex 1.5 0 4
      vertex 8.5 5 4
      vertex 1.5 126.2 4
    endloop
  endfacet
  facet normal 0 0 1
    outer loop
      vertex 85.5 5 4
      vertex 92.5 126.2 4
      vertex 85.5 122 4
    endloop
  endfacet
  facet normal 0 0 1
    outer loop
      vertex 92.5 126.2 4
      vertex 55.5 122 4
      vertex 85.5 122 4
    endloop
  endfacet
  facet normal 0 0 1
    outer loop
      vertex 55.5 122 4
      vertex 48.5 126.2 4
      vertex 55.5 5 4
    endloop
  endfacet
  facet normal -0 0 1
    outer loop
      vertex 48.5 126.2 4
      vertex 55.5 122 4
      vertex 92.5 126.2 4
    endloop
  endfacet
  facet normal 0 0 1
    outer loop
      vertex 92.5 126.2 4
      vertex 85.5 5 4
      vertex 92.5 0 4
    endloop
  endfacet
  facet normal -0 0 1
    outer loop
      vertex 55.5 5 4
      vertex 92.5 0 4
      vertex 85.5 5 4
    endloop
  endfacet
  facet normal 0 0 1
    outer loop
      vertex 55.5 5 4
      vertex 48.5 0 4
      vertex 92.5 0 4
    endloop
  endfacet
  facet normal 0 0 1
    outer loop
      vertex 48.5 0 4
      vertex 55.5 5 4
      vertex 48.5 126.2 4
    endloop
  endfacet
  facet normal -1 0 0
    outer loop
      vertex -95.5 130 0
      vertex -95.5 119.38 12
      vertex -95.5 130 140
    endloop
  endfacet
  facet normal -1 0 0
    outer loop
      vertex -95.5 130 0
      vertex -95.5 106.68 12
      vertex -95.5 119.38 12
    endloop
  endfacet
  facet normal -1 0 0
    outer loop
      vertex -95.5 106.68 12
      vertex -95.5 97.79 12
      vertex -95.5 106.68 132
    endloop
  endfacet
  facet normal -1 0 0
    outer loop
      vertex -95.5 130 0
      vertex -95.5 97.79 12
      vertex -95.5 106.68 12
    endloop
  endfacet
  facet normal -1 0 0
    outer loop
      vertex -95.5 130 0
      vertex -95.5 85.09 12
      vertex -95.5 97.79 12
    endloop
  endfacet
  facet normal -1 0 0
    outer loop
      vertex -95.5 85.09 12
      vertex -95.5 76.2 12
      vertex -95.5 85.09 132
    endloop
  endfacet
  facet normal -1 0 0
    outer loop
      vertex -95.5 130 0
      vertex -95.5 76.2 12
      vertex -95.5 85.09 12
    endloop
  endfacet
  facet normal -1 0 0
    outer loop
      vertex -95.5 130 0
      vertex -95.5 63.5 12
      vertex -95.5 76.2 12
    endloop
  endfacet
  facet normal -1 0 0
    outer loop
      vertex -95.5 63.5 12
      vertex -95.5 54.61 12
      vertex -95.5 63.5 132
    endloop
  endfacet
  facet normal -1 0 0
    outer loop
      vertex -95.5 0 0
      vertex -95.5 63.5 12
      vertex -95.5 130 0
    endloop
  endfacet
  facet normal -1 -0 0
    outer loop
      vertex -95.5 63.5 12
      vertex -95.5 0 0
      vertex -95.5 54.61 12
    endloop
  endfacet
  facet normal -1 0 0
    outer loop
      vertex -95.5 41.91 12
      vertex -95.5 33.02 12
      vertex -95.5 41.91 132
    endloop
  endfacet
  facet normal -1 -0 0
    outer loop
      vertex -95.5 54.61 12
      vertex -95.5 0 0
      vertex -95.5 41.91 12
    endloop
  endfacet
  facet normal -1 -0 0
    outer loop
      vertex -95.5 41.91 12
      vertex -95.5 0 0
      vertex -95.5 33.02 12
    endloop
  endfacet
  facet normal -1 0 0
    outer loop
      vertex -95.5 0 140
      vertex -95.5 20.32 12
      vertex -95.5 0 0
    endloop
  endfacet
  facet normal -1 -0 0
    outer loop
      vertex -95.5 33.02 12
      vertex -95.5 0 0
      vertex -95.5 20.32 12
    endloop
  endfacet
  facet normal -1 0 0
    outer loop
      vertex -95.5 119.38 132
      vertex -95.5 130 140
      vertex -95.5 119.38 12
    endloop
  endfacet
  facet normal -1 0 0
    outer loop
      vertex -95.5 106.68 132
      vertex -95.5 130 140
      vertex -95.5 119.38 132
    endloop
  endfacet
  facet normal -1 0 0
    outer loop
      vertex -95.5 97.79 132
      vertex -95.5 106.68 132
      vertex -95.5 97.79 12
    endloop
  endfacet
  facet normal -1 0 0
    outer loop
      vertex -95.5 97.79 132
      vertex -95.5 130 140
      vertex -95.5 106.68 132
    endloop
  endfacet
  facet normal -1 0 0
    outer loop
      vertex -95.5 85.09 132
      vertex -95.5 130 140
      vertex -95.5 97.79 132
    endloop
  endfacet
  facet normal -1 0 0
    outer loop
      vertex -95.5 76.2 132
      vertex -95.5 85.09 132
      vertex -95.5 76.2 12
    endloop
  endfacet
  facet normal -1 0 0
    outer loop
      vertex -95.5 76.2 132
      vertex -95.5 130 140
      vertex -95.5 85.09 132
    endloop
  endfacet
  facet normal -1 0 0
    outer loop
      vertex -95.5 63.5 132
      vertex -95.5 130 140
      vertex -95.5 76.2 132
    endloop
  endfacet
  facet normal -1 0 0
    outer loop
      vertex -95.5 54.61 132
      vertex -95.5 63.5 132
      vertex -95.5 54.61 12
    endloop
  endfacet
  facet normal -1 0 0
    outer loop
      vertex -95.5 0 140
      vertex -95.5 63.5 132
      vertex -95.5 54.61 132
    endloop
  endfacet
  facet normal -1 0 0
    outer loop
      vertex -95.5 0 140
      vertex -95.5 54.61 132
      vertex -95.5 41.91 132
    endloop
  endfacet
  facet normal -1 0 0
    outer loop
      vertex -95.5 33.02 132
      vertex -95.5 41.91 132
      vertex -95.5 33.02 12
    endloop
  endfacet
  facet normal -1 0 0
    outer loop
      vertex -95.5 0 140
      vertex -95.5 41.91 132
      vertex -95.5 33.02 132
    endloop
  endfacet
  facet normal -1 0 0
    outer loop
      vertex -95.5 0 140
      vertex -95.5 33.02 132
      vertex -95.5 20.32 132
    endloop
  endfacet
  facet normal -1 0 0
    outer loop
      vertex -95.5 63.5 132
      vertex -95.5 0 140
      vertex -95.5 130 140
    endloop
  endfacet
  facet normal -1 0 0
    outer loop
      vertex -95.5 20.32 12
      vertex -95.5 0 140
      vertex -95.5 20.32 132
    endloop
  endfacet
  facet normal 0 0 -1
    outer loop
      vertex -95.5 20.32 132
      vertex -92.5 33.02 132
      vertex -92.5 20.32 132
    endloop
  endfacet
  facet normal -0 0 -1
    outer loop
      vertex -92.5 33.02 132
      vertex -95.5 20.32 132
      vertex -95.5 33.02 132
    endloop
  endfacet
  facet normal -0 0 1
    outer loop
      vertex -95.5 33.02 12
      vertex -92.5 20.32 12
      vertex -92.5 33.02 12
    endloop
  endfacet
  facet normal 0 0 1
    outer loop
      vertex -92.5 20.32 12
      vertex -95.5 33.02 12
      vertex -95.5 20.32 12
    endloop
  endfacet
  facet normal 0 -1 0
    outer loop
      vertex -95.5 33.02 12
      vertex -92.5 33.02 132
      vertex -95.5 33.02 132
    endloop
  endfacet
  facet normal 0 -1 -0
    outer loop
      vertex -92.5 33.02 132
      vertex -95.5 33.02 12
      vertex -92.5 33.02 12
    endloop
  endfacet
  facet normal 0 1 -0
    outer loop
      vertex -92.5 20.32 12
      vertex -95.5 20.32 132
      vertex -92.5 20.32 132
    endloop
  endfacet
  facet normal 0 1 0
    outer loop
      vertex -95.5 20.32 132
      vertex -92.5 20.32 12
      vertex -95.5 20.32 12
    endloop
  endfacet
  facet normal 0 0 -1
    outer loop
      vertex -95.5 41.91 132
      vertex -92.5 54.61 132
      vertex -92.5 41.91 132
    endloop
  endfacet
  facet normal -0 0 -1
    outer loop
      vertex -92.5 54.61 132
      vertex -95.5 41.91 132
      vertex -95.5 54.61 132
    endloop
  endfacet
  facet normal -0 0 1
    outer loop
      vertex -95.5 54.61 12
      vertex -92.5 41.91 12
      vertex -92.5 54.61 12
    endloop
  endfacet
  facet normal 0 0 1
    outer loop
      vertex -92.5 41.91 12
      vertex -95.5 54.61 12
      vertex -95.5 41.91 12
    endloop
  endfacet
  facet normal 0 -1 0
    outer loop
      vertex -95.5 54.61 12
      vertex -92.5 54.61 132
      vertex -95.5 54.61 132
    endloop
  endfacet
  facet normal 0 -1 -0
    outer loop
      vertex -92.5 54.61 132
      vertex -95.5 54.61 12
      vertex -92.5 54.61 12
    endloop
  endfacet
  facet normal 0 1 -0
    outer loop
      vertex -92.5 41.91 12
      vertex -95.5 41.91 132
      vertex -92.5 41.91 132
    endloop
  endfacet
  facet normal 0 1 0
    outer loop
      vertex -95.5 41.91 132
      vertex -92.5 41.91 12
      vertex -95.5 41.91 12
    endloop
  endfacet
  facet normal 0 0 -1
    outer loop
      vertex -95.5 63.5 132
      vertex -92.5 76.2 132
      vertex -92.5 63.5 132
    endloop
  endfacet
  facet normal -0 0 -1
    outer loop
      vertex -92.5 76.2 132
      vertex -95.5 63.5 132
      vertex -95.5 76.2 132
    endloop
  endfacet
  facet normal -0 0 1
    outer loop
      vertex -95.5 76.2 12
      vertex -92.5 63.5 12
      vertex -92.5 76.2 12
    endloop
  endfacet
  facet normal 0 0 1
    outer loop
      vertex -92.5 63.5 12
      vertex -95.5 76.2 12
      vertex -95.5 63.5 12
    endloop
  endfacet
  facet normal 0 -1 0
    outer loop
      vertex -95.5 76.2 12
      vertex -92.5 76.2 132
      vertex -95.5 76.2 132
    endloop
  endfacet
  facet normal 0 -1 -0
    outer loop
      vertex -92.5 76.2 132
      vertex -95.5 76.2 12
      vertex -92.5 76.2 12
    endloop
  endfacet
  facet normal 0 1 -0
    outer loop
      vertex -92.5 63.5 12
      vertex -95.5 63.5 132
      vertex -92.5 63.5 132
    endloop
  endfacet
  facet normal 0 1 0
    outer loop
      vertex -95.5 63.5 132
      vertex -92.5 63.5 12
      vertex -95.5 63.5 12
    endloop
  endfacet
  facet normal 0 0 -1
    outer loop
      vertex -95.5 85.09 132
      vertex -92.5 97.79 132
      vertex -92.5 85.09 132
    endloop
  endfacet
  facet normal -0 0 -1
    outer loop
      vertex -92.5 97.79 132
      vertex -95.5 85.09 132
      vertex -95.5 97.79 132
    endloop
  endfacet
  facet normal -0 0 1
    outer loop
      vertex -95.5 97.79 12
      vertex -92.5 85.09 12
      vertex -92.5 97.79 12
    endloop
  endfacet
  facet normal 0 0 1
    outer loop
      vertex -92.5 85.09 12
      vertex -95.5 97.79 12
      vertex -95.5 85.09 12
    endloop
  endfacet
  facet normal 0 -1 0
    outer loop
      vertex -95.5 97.79 12
      vertex -92.5 97.79 132
      vertex -95.5 97.79 132
    endloop
  endfacet
  facet normal 0 -1 -0
    outer loop
      vertex -92.5 97.79 132
      vertex -95.5 97.79 12
      vertex -92.5 97.79 12
    endloop
  endfacet
  facet normal 0 1 -0
    outer loop
      vertex -92.5 85.09 12
      vertex -95.5 85.09 132
      vertex -92.5 85.09 132
    endloop
  endfacet
  facet normal 0 1 0
    outer loop
      vertex -95.5 85.09 132
      vertex -92.5 85.09 12
      vertex -95.5 85.09 12
    endloop
  endfacet
  facet normal 0 0 -1
    outer loop
      vertex -95.5 106.68 132
      vertex -92.5 119.38 132
      vertex -92.5 106.68 132
    endloop
  endfacet
  facet normal -0 0 -1
    outer loop
      vertex -92.5 119.38 132
      vertex -95.5 106.68 132
      vertex -95.5 119.38 132
    endloop
  endfacet
  facet normal -0 0 1
    outer loop
      vertex -95.5 119.38 12
      vertex -92.5 106.68 12
      vertex -92.5 119.38 12
    endloop
  endfacet
  facet normal 0 0 1
    outer loop
      vertex -92.5 106.68 12
      vertex -95.5 119.38 12
      vertex -95.5 106.68 12
    endloop
  endfacet
  facet normal 0 -1 0
    outer loop
      vertex -95.5 119.38 12
      vertex -92.5 119.38 132
      vertex -95.5 119.38 132
    endloop
  endfacet
  facet normal 0 -1 -0
    outer loop
      vertex -92.5 119.38 132
      vertex -95.5 119.38 12
      vertex -92.5 119.38 12
    endloop
  endfacet
  facet normal 0 1 -0
    outer loop
      vertex -92.5 106.68 12
      vertex -95.5 106.68 132
      vertex -92.5 106.68 132
    endloop
  endfacet
  facet normal 0 1 0
    outer loop
      vertex -95.5 106.68 132
      vertex -92.5 106.68 12
      vertex -95.5 106.68 12
    endloop
  endfacet
  facet normal 1 0 0
    outer loop
      vertex -92.5 126.2 140
      vertex -92.5 119.38 132
      vertex -92.5 126.2 4
    endloop
  endfacet
  facet normal 1 0 0
    outer loop
      vertex -92.5 126.2 140
      vertex -92.5 106.68 132
      vertex -92.5 119.38 132
    endloop
  endfacet
  facet normal 1 0 0
    outer loop
      vertex -92.5 106.68 132
      vertex -92.5 97.79 132
      vertex -92.5 106.68 12
    endloop
  endfacet
  facet normal 1 0 0
    outer loop
      vertex -92.5 126.2 140
      vertex -92.5 97.79 132
      vertex -92.5 106.68 132
    endloop
  endfacet
  facet normal 1 0 0
    outer loop
      vertex -92.5 126.2 140
      vertex -92.5 85.09 132
      vertex -92.5 97.79 132
    endloop
  endfacet
  facet normal 1 0 0
    outer loop
      vertex -92.5 85.09 132
      vertex -92.5 76.2 132
      vertex -92.5 85.09 12
    endloop
  endfacet
  facet normal 1 0 0
    outer loop
      vertex -92.5 126.2 140
      vertex -92.5 76.2 132
      vertex -92.5 85.09 132
    endloop
  endfacet
  facet normal 1 0 0
    outer loop
      vertex -92.5 126.2 140
      vertex -92.5 63.5 132
      vertex -92.5 76.2 132
    endloop
  endfacet
  facet normal 1 0 0
    outer loop
      vertex -92.5 63.5 132
      vertex -92.5 54.61 132
      vertex -92.5 63.5 12
    endloop
  endfacet
  facet normal 1 -0 0
    outer loop
      vertex -92.5 0 140
      vertex -92.5 63.5 132
      vertex -92.5 126.2 140
    endloop
  endfacet
  facet normal 1 0 0
    outer loop
      vertex -92.5 63.5 132
      vertex -92.5 0 140
      vertex -92.5 54.61 132
    endloop
  endfacet
  facet normal 1 0 0
    outer loop
      vertex -92.5 41.91 132
      vertex -92.5 33.02 132
      vertex -92.5 41.91 12
    endloop
  endfacet
  facet normal 1 0 0
    outer loop
      vertex -92.5 54.61 132
      vertex -92.5 0 140
      vertex -92.5 41.91 132
    endloop
  endfacet
  facet normal 1 0 0
    outer loop
      vertex -92.5 41.91 132
      vertex -92.5 0 140
      vertex -92.5 33.02 132
    endloop
  endfacet
  facet normal 1 0 0
    outer loop
      vertex -92.5 20.32 132
      vertex -92.5 0 140
      vertex -92.5 20.32 12
    endloop
  endfacet
  facet normal 1 0 0
    outer loop
      vertex -92.5 33.02 132
      vertex -92.5 0 140
      vertex -92.5 20.32 132
    endloop
  endfacet
  facet normal 1 -0 0
    outer loop
      vertex -92.5 119.38 12
      vertex -92.5 126.2 4
      vertex -92.5 119.38 132
    endloop
  endfacet
  facet normal 1 -0 0
    outer loop
      vertex -92.5 106.68 12
      vertex -92.5 126.2 4
      vertex -92.5 119.38 12
    endloop
  endfacet
  facet normal 1 0 0
    outer loop
      vertex -92.5 97.79 12
      vertex -92.5 106.68 12
      vertex -92.5 97.79 132
    endloop
  endfacet
  facet normal 1 -0 0
    outer loop
      vertex -92.5 97.79 12
      vertex -92.5 126.2 4
      vertex -92.5 106.68 12
    endloop
  endfacet
  facet normal 1 -0 0
    outer loop
      vertex -92.5 85.09 12
      vertex -92.5 126.2 4
      vertex -92.5 97.79 12
    endloop
  endfacet
  facet normal 1 0 0
    outer loop
      vertex -92.5 76.2 12
      vertex -92.5 85.09 12
      vertex -92.5 76.2 132
    endloop
  endfacet
  facet normal 1 -0 0
    outer loop
      vertex -92.5 76.2 12
      vertex -92.5 126.2 4
      vertex -92.5 85.09 12
    endloop
  endfacet
  facet normal 1 -0 0
    outer loop
      vertex -92.5 63.5 12
      vertex -92.5 126.2 4
      vertex -92.5 76.2 12
    endloop
  endfacet
  facet normal 1 0 0
    outer loop
      vertex -92.5 54.61 12
      vertex -92.5 63.5 12
      vertex -92.5 54.61 132
    endloop
  endfacet
  facet normal 1 0 0
    outer loop
      vertex -92.5 0 4
      vertex -92.5 63.5 12
      vertex -92.5 54.61 12
    endloop
  endfacet
  facet normal 1 0 0
    outer loop
      vertex -92.5 0 4
      vertex -92.5 54.61 12
      vertex -92.5 41.91 12
    endloop
  endfacet
  facet normal 1 0 0
    outer loop
      vertex -92.5 33.02 12
      vertex -92.5 41.91 12
      vertex -92.5 33.02 132
    endloop
  endfacet
  facet normal 1 0 0
    outer loop
      vertex -92.5 0 4
      vertex -92.5 41.91 12
      vertex -92.5 33.02 12
    endloop
  endfacet
  facet normal 1 0 0
    outer loop
      vertex -92.5 0 4
      vertex -92.5 33.02 12
      vertex -92.5 20.32 12
    endloop
  endfacet
  facet normal 1 0 0
    outer loop
      vertex -92.5 63.5 12
      vertex -92.5 0 4
      vertex -92.5 126.2 4
    endloop
  endfacet
  facet normal 1 0 0
    outer loop
      vertex -92.5 0 4
      vertex -92.5 20.32 12
      vertex -92.5 0 140
    endloop
  endfacet
  facet normal 0 0 1
    outer loop
      vertex 95.5 130 140
      vertex 92.5 126.2 140
      vertex 95.5 0 140
    endloop
  endfacet
  facet normal 0 0 1
    outer loop
      vertex 95.5 130 140
      vertex 48.5 126.2 140
      vertex 92.5 126.2 140
    endloop
  endfacet
  facet normal 0 0 1
    outer loop
      vertex 48.5 126.2 140
      vertex 45.5 126.2 140
      vertex 48.5 0 140
    endloop
  endfacet
  facet normal 0 0 1
    outer loop
      vertex 95.5 130 140
      vertex 45.5 126.2 140
      vertex 48.5 126.2 140
    endloop
  endfacet
  facet normal 0 0 1
    outer loop
      vertex 95.5 130 140
      vertex 1.5 126.2 140
      vertex 45.5 126.2 140
    endloop
  endfacet
  facet normal 0 0 1
    outer loop
      vertex 1.5 126.2 140
      vertex -1.5 126.2 140
      vertex 1.5 0 140
    endloop
  endfacet
  facet normal 0 0 1
    outer loop
      vertex 95.5 130 140
      vertex -1.5 126.2 140
      vertex 1.5 126.2 140
    endloop
  endfacet
  facet normal -0 0 1
    outer loop
      vertex -95.5 130 140
      vertex -1.5 126.2 140
      vertex 95.5 130 140
    endloop
  endfacet
  facet normal 0 0 1
    outer loop
      vertex -45.5 126.2 140
      vertex -48.5 126.2 140
      vertex -45.5 0 140
    endloop
  endfacet
  facet normal 0 0 1
    outer loop
      vertex -1.5 126.2 140
      vertex -95.5 130 140
      vertex -45.5 126.2 140
    endloop
  endfacet
  facet normal 0 0 1
    outer loop
      vertex -45.5 126.2 140
      vertex -95.5 130 140
      vertex -48.5 126.2 140
    endloop
  endfacet
  facet normal 0 0 1
    outer loop
      vertex -48.5 126.2 140
      vertex -95.5 130 140
      vertex -92.5 126.2 140
    endloop
  endfacet
  facet normal 0 0 1
    outer loop
      vertex -95.5 0 140
      vertex -92.5 126.2 140
      vertex -95.5 130 140
    endloop
  endfacet
  facet normal 0 0 1
    outer loop
      vertex -92.5 126.2 140
      vertex -95.5 0 140
      vertex -92.5 0 140
    endloop
  endfacet
  facet normal 0 0 1
    outer loop
      vertex 95.5 0 140
      vertex 92.5 126.2 140
      vertex 92.5 0 140
    endloop
  endfacet
  facet normal 0 0 1
    outer loop
      vertex 48.5 0 140
      vertex 45.5 126.2 140
      vertex 45.5 0 140
    endloop
  endfacet
  facet normal 0 0 1
    outer loop
      vertex 1.5 0 140
      vertex -1.5 126.2 140
      vertex -1.5 0 140
    endloop
  endfacet
  facet normal 0 0 1
    outer loop
      vertex -45.5 0 140
      vertex -48.5 126.2 140
      vertex -48.5 0 140
    endloop
  endfacet
  facet normal 0 0 -1
    outer loop
      vertex -48.5 20.32 132
      vertex -45.5 33.02 132
      vertex -45.5 20.32 132
    endloop
  endfacet
  facet normal -0 0 -1
    outer loop
      vertex -45.5 33.02 132
      vertex -48.5 20.32 132
      vertex -48.5 33.02 132
    endloop
  endfacet
  facet normal -0 0 1
    outer loop
      vertex -48.5 33.02 12
      vertex -45.5 20.32 12
      vertex -45.5 33.02 12
    endloop
  endfacet
  facet normal 0 0 1
    outer loop
      vertex -45.5 20.32 12
      vertex -48.5 33.02 12
      vertex -48.5 20.32 12
    endloop
  endfacet
  facet normal 0 -1 0
    outer loop
      vertex -48.5 33.02 12
      vertex -45.5 33.02 132
      vertex -48.5 33.02 132
    endloop
  endfacet
  facet normal 0 -1 -0
    outer loop
      vertex -45.5 33.02 132
      vertex -48.5 33.02 12
      vertex -45.5 33.02 12
    endloop
  endfacet
  facet normal 0 1 -0
    outer loop
      vertex -45.5 20.32 12
      vertex -48.5 20.32 132
      vertex -45.5 20.32 132
    endloop
  endfacet
  facet normal 0 1 0
    outer loop
      vertex -48.5 20.32 132
      vertex -45.5 20.32 12
      vertex -48.5 20.32 12
    endloop
  endfacet
  facet normal 0 0 -1
    outer loop
      vertex -48.5 41.91 132
      vertex -45.5 54.61 132
      vertex -45.5 41.91 132
    endloop
  endfacet
  facet normal -0 0 -1
    outer loop
      vertex -45.5 54.61 132
      vertex -48.5 41.91 132
      vertex -48.5 54.61 132
    endloop
  endfacet
  facet normal -0 0 1
    outer loop
      vertex -48.5 54.61 12
      vertex -45.5 41.91 12
      vertex -45.5 54.61 12
    endloop
  endfacet
  facet normal 0 0 1
    outer loop
      vertex -45.5 41.91 12
      vertex -48.5 54.61 12
      vertex -48.5 41.91 12
    endloop
  endfacet
  facet normal 0 -1 0
    outer loop
      vertex -48.5 54.61 12
      vertex -45.5 54.61 132
      vertex -48.5 54.61 132
    endloop
  endfacet
  facet normal 0 -1 -0
    outer loop
      vertex -45.5 54.61 132
      vertex -48.5 54.61 12
      vertex -45.5 54.61 12
    endloop
  endfacet
  facet normal 0 1 -0
    outer loop
      vertex -45.5 41.91 12
      vertex -48.5 41.91 132
      vertex -45.5 41.91 132
    endloop
  endfacet
  facet normal 0 1 0
    outer loop
      vertex -48.5 41.91 132
      vertex -45.5 41.91 12
      vertex -48.5 41.91 12
    endloop
  endfacet
  facet normal 0 0 -1
    outer loop
      vertex -48.5 63.5 132
      vertex -45.5 76.2 132
      vertex -45.5 63.5 132
    endloop
  endfacet
  facet normal -0 0 -1
    outer loop
      vertex -45.5 76.2 132
      vertex -48.5 63.5 132
      vertex -48.5 76.2 132
    endloop
  endfacet
  facet normal -0 0 1
    outer loop
      vertex -48.5 76.2 12
      vertex -45.5 63.5 12
      vertex -45.5 76.2 12
    endloop
  endfacet
  facet normal 0 0 1
    outer loop
      vertex -45.5 63.5 12
      vertex -48.5 76.2 12
      vertex -48.5 63.5 12
    endloop
  endfacet
  facet normal 0 -1 0
    outer loop
      vertex -48.5 76.2 12
      vertex -45.5 76.2 132
      vertex -48.5 76.2 132
    endloop
  endfacet
  facet normal 0 -1 -0
    outer loop
      vertex -45.5 76.2 132
      vertex -48.5 76.2 12
      vertex -45.5 76.2 12
    endloop
  endfacet
  facet normal 0 1 -0
    outer loop
      vertex -45.5 63.5 12
      vertex -48.5 63.5 132
      vertex -45.5 63.5 132
    endloop
  endfacet
  facet normal 0 1 0
    outer loop
      vertex -48.5 63.5 132
      vertex -45.5 63.5 12
      vertex -48.5 63.5 12
    endloop
  endfacet
  facet normal 0 0 -1
    outer loop
      vertex -48.5 85.09 132
      vertex -45.5 97.79 132
      vertex -45.5 85.09 132
    endloop
  endfacet
  facet normal -0 0 -1
    outer loop
      vertex -45.5 97.79 132
      vertex -48.5 85.09 132
      vertex -48.5 97.79 132
    endloop
  endfacet
  facet normal -0 0 1
    outer loop
      vertex -48.5 97.79 12
      vertex -45.5 85.09 12
      vertex -45.5 97.79 12
    endloop
  endfacet
  facet normal 0 0 1
    outer loop
      vertex -45.5 85.09 12
      vertex -48.5 97.79 12
      vertex -48.5 85.09 12
    endloop
  endfacet
  facet normal 0 -1 0
    outer loop
      vertex -48.5 97.79 12
      vertex -45.5 97.79 132
      vertex -48.5 97.79 132
    endloop
  endfacet
  facet normal 0 -1 -0
    outer loop
      vertex -45.5 97.79 132
      vertex -48.5 97.79 12
      vertex -45.5 97.79 12
    endloop
  endfacet
  facet normal 0 1 -0
    outer loop
      vertex -45.5 85.09 12
      vertex -48.5 85.09 132
      vertex -45.5 85.09 132
    endloop
  endfacet
  facet normal 0 1 0
    outer loop
      vertex -48.5 85.09 132
      vertex -45.5 85.09 12
      vertex -48.5 85.09 12
    endloop
  endfacet
  facet normal 0 0 -1
    outer loop
      vertex -48.5 106.68 132
      vertex -45.5 119.38 132
      vertex -45.5 106.68 132
    endloop
  endfacet
  facet normal -0 0 -1
    outer loop
      vertex -45.5 119.38 132
      vertex -48.5 106.68 132
      vertex -48.5 119.38 132
    endloop
  endfacet
  facet normal -0 0 1
    outer loop
      vertex -48.5 119.38 12
      vertex -45.5 106.68 12
      vertex -45.5 119.38 12
    endloop
  endfacet
  facet normal 0 0 1
    outer loop
      vertex -45.5 106.68 12
      vertex -48.5 119.38 12
      vertex -48.5 106.68 12
    endloop
  endfacet
  facet normal 0 -1 0
    outer loop
      vertex -48.5 119.38 12
      vertex -45.5 119.38 132
      vertex -48.5 119.38 132
    endloop
  endfacet
  facet normal 0 -1 -0
    outer loop
      vertex -45.5 119.38 132
      vertex -48.5 119.38 12
      vertex -45.5 119.38 12
    endloop
  endfacet
  facet normal 0 1 -0
    outer loop
      vertex -45.5 106.68 12
      vertex -48.5 106.68 132
      vertex -45.5 106.68 132
    endloop
  endfacet
  facet normal 0 1 0
    outer loop
      vertex -48.5 106.68 132
      vertex -45.5 106.68 12
      vertex -48.5 106.68 12
    endloop
  endfacet
  facet normal 1 0 0
    outer loop
      vertex -45.5 126.2 140
      vertex -45.5 119.38 132
      vertex -45.5 126.2 4
    endloop
  endfacet
  facet normal 1 0 0
    outer loop
      vertex -45.5 126.2 140
      vertex -45.5 106.68 132
      vertex -45.5 119.38 132
    endloop
  endfacet
  facet normal 1 0 0
    outer loop
      vertex -45.5 106.68 132
      vertex -45.5 97.79 132
      vertex -45.5 106.68 12
    endloop
  endfacet
  facet normal 1 0 0
    outer loop
      vertex -45.5 126.2 140
      vertex -45.5 97.79 132
      vertex -45.5 106.68 132
    endloop
  endfacet
  facet normal 1 0 0
    outer loop
      vertex -45.5 126.2 140
      vertex -45.5 85.09 132
      vertex -45.5 97.79 132
    endloop
  endfacet
  facet normal 1 0 0
    outer loop
      vertex -45.5 85.09 132
      vertex -45.5 76.2 132
      vertex -45.5 85.09 12
    endloop
  endfacet
  facet normal 1 0 0
    outer loop
      vertex -45.5 126.2 140
      vertex -45.5 76.2 132
      vertex -45.5 85.09 132
    endloop
  endfacet
  facet normal 1 0 0
    outer loop
      vertex -45.5 126.2 140
      vertex -45.5 63.5 132
      vertex -45.5 76.2 132
    endloop
  endfacet
  facet normal 1 0 0
    outer loop
      vertex -45.5 63.5 132
      vertex -45.5 54.61 132
      vertex -45.5 63.5 12
    endloop
  endfacet
  facet normal 1 -0 0
    outer loop
      vertex -45.5 0 140
      vertex -45.5 63.5 132
      vertex -45.5 126.2 140
    endloop
  endfacet
  facet normal 1 0 0
    outer loop
      vertex -45.5 63.5 132
      vertex -45.5 0 140
      vertex -45.5 54.61 132
    endloop
  endfacet
  facet normal 1 0 0
    outer loop
      vertex -45.5 41.91 132
      vertex -45.5 33.02 132
      vertex -45.5 41.91 12
    endloop
  endfacet
  facet normal 1 0 0
    outer loop
      vertex -45.5 54.61 132
      vertex -45.5 0 140
      vertex -45.5 41.91 132
    endloop
  endfacet
  facet normal 1 0 0
    outer loop
      vertex -45.5 41.91 132
      vertex -45.5 0 140
      vertex -45.5 33.02 132
    endloop
  endfacet
  facet normal 1 0 0
    outer loop
      vertex -45.5 20.32 132
      vertex -45.5 0 140
      vertex -45.5 20.32 12
    endloop
  endfacet
  facet normal 1 0 0
    outer loop
      vertex -45.5 33.02 132
      vertex -45.5 0 140
      vertex -45.5 20.32 132
    endloop
  endfacet
  facet normal 1 -0 0
    outer loop
      vertex -45.5 119.38 12
      vertex -45.5 126.2 4
      vertex -45.5 119.38 132
    endloop
  endfacet
  facet normal 1 -0 0
    outer loop
      vertex -45.5 106.68 12
      vertex -45.5 126.2 4
      vertex -45.5 119.38 12
    endloop
  endfacet
  facet normal 1 0 0
    outer loop
      vertex -45.5 97.79 12
      vertex -45.5 106.68 12
      vertex -45.5 97.79 132
    endloop
  endfacet
  facet normal 1 -0 0
    outer loop
      vertex -45.5 97.79 12
      vertex -45.5 126.2 4
      vertex -45.5 106.68 12
    endloop
  endfacet
  facet normal 1 -0 0
    outer loop
      vertex -45.5 85.09 12
      vertex -45.5 126.2 4
      vertex -45.5 97.79 12
    endloop
  endfacet
  facet normal 1 0 0
    outer loop
      vertex -45.5 76.2 12
      vertex -45.5 85.09 12
      vertex -45.5 76.2 132
    endloop
  endfacet
  facet normal 1 -0 0
    outer loop
      vertex -45.5 76.2 12
      vertex -45.5 126.2 4
      vertex -45.5 85.09 12
    endloop
  endfacet
  facet normal 1 -0 0
    outer loop
      vertex -45.5 63.5 12
      vertex -45.5 126.2 4
      vertex -45.5 76.2 12
    endloop
  endfacet
  facet normal 1 0 0
    outer loop
      vertex -45.5 54.61 12
      vertex -45.5 63.5 12
      vertex -45.5 54.61 132
    endloop
  endfacet
  facet normal 1 0 0
    outer loop
      vertex -45.5 0 4
      vertex -45.5 63.5 12
      vertex -45.5 54.61 12
    endloop
  endfacet
  facet normal 1 0 0
    outer loop
      vertex -45.5 0 4
      vertex -45.5 54.61 12
      vertex -45.5 41.91 12
    endloop
  endfacet
  facet normal 1 0 0
    outer loop
      vertex -45.5 33.02 12
      vertex -45.5 41.91 12
      vertex -45.5 33.02 132
    endloop
  endfacet
  facet normal 1 0 0
    outer loop
      vertex -45.5 0 4
      vertex -45.5 41.91 12
      vertex -45.5 33.02 12
    endloop
  endfacet
  facet normal 1 0 0
    outer loop
      vertex -45.5 0 4
      vertex -45.5 33.02 12
      vertex -45.5 20.32 12
    endloop
  endfacet
  facet normal 1 0 0
    outer loop
      vertex -45.5 63.5 12
      vertex -45.5 0 4
      vertex -45.5 126.2 4
    endloop
  endfacet
  facet normal 1 0 0
    outer loop
      vertex -45.5 0 4
      vertex -45.5 20.32 12
      vertex -45.5 0 140
    endloop
  endfacet
  facet normal -1 0 0
    outer loop
      vertex -48.5 126.2 4
      vertex -48.5 119.38 12
      vertex -48.5 126.2 140
    endloop
  endfacet
  facet normal -1 0 0
    outer loop
      vertex -48.5 126.2 4
      vertex -48.5 106.68 12
      vertex -48.5 119.38 12
    endloop
  endfacet
  facet normal -1 0 0
    outer loop
      vertex -48.5 106.68 12
      vertex -48.5 97.79 12
      vertex -48.5 106.68 132
    endloop
  endfacet
  facet normal -1 0 0
    outer loop
      vertex -48.5 126.2 4
      vertex -48.5 97.79 12
      vertex -48.5 106.68 12
    endloop
  endfacet
  facet normal -1 0 0
    outer loop
      vertex -48.5 126.2 4
      vertex -48.5 85.09 12
      vertex -48.5 97.79 12
    endloop
  endfacet
  facet normal -1 0 0
    outer loop
      vertex -48.5 85.09 12
      vertex -48.5 76.2 12
      vertex -48.5 85.09 132
    endloop
  endfacet
  facet normal -1 0 0
    outer loop
      vertex -48.5 126.2 4
      vertex -48.5 76.2 12
      vertex -48.5 85.09 12
    endloop
  endfacet
  facet normal -1 0 0
    outer loop
      vertex -48.5 126.2 4
      vertex -48.5 63.5 12
      vertex -48.5 76.2 12
    endloop
  endfacet
  facet normal -1 0 0
    outer loop
      vertex -48.5 63.5 12
      vertex -48.5 54.61 12
      vertex -48.5 63.5 132
    endloop
  endfacet
  facet normal -1 0 0
    outer loop
      vertex -48.5 0 4
      vertex -48.5 63.5 12
      vertex -48.5 126.2 4
    endloop
  endfacet
  facet normal -1 -0 0
    outer loop
      vertex -48.5 63.5 12
      vertex -48.5 0 4
      vertex -48.5 54.61 12
    endloop
  endfacet
  facet normal -1 0 0
    outer loop
      vertex -48.5 41.91 12
      vertex -48.5 33.02 12
      vertex -48.5 41.91 132
    endloop
  endfacet
  facet normal -1 -0 0
    outer loop
      vertex -48.5 54.61 12
      vertex -48.5 0 4
      vertex -48.5 41.91 12
    endloop
  endfacet
  facet normal -1 -0 0
    outer loop
      vertex -48.5 41.91 12
      vertex -48.5 0 4
      vertex -48.5 33.02 12
    endloop
  endfacet
  facet normal -1 -0 0
    outer loop
      vertex -48.5 20.32 12
      vertex -48.5 0 4
      vertex -48.5 20.32 132
    endloop
  endfacet
  facet normal -1 -0 0
    outer loop
      vertex -48.5 33.02 12
      vertex -48.5 0 4
      vertex -48.5 20.32 12
    endloop
  endfacet
  facet normal -1 0 0
    outer loop
      vertex -48.5 119.38 132
      vertex -48.5 126.2 140
      vertex -48.5 119.38 12
    endloop
  endfacet
  facet normal -1 0 0
    outer loop
      vertex -48.5 106.68 132
      vertex -48.5 126.2 140
      vertex -48.5 119.38 132
    endloop
  endfacet
  facet normal -1 0 0
    outer loop
      vertex -48.5 97.79 132
      vertex -48.5 106.68 132
      vertex -48.5 97.79 12
    endloop
  endfacet
  facet normal -1 0 0
    outer loop
      vertex -48.5 97.79 132
      vertex -48.5 126.2 140
      vertex -48.5 106.68 132
    endloop
  endfacet
  facet normal -1 0 0
    outer loop
      vertex -48.5 85.09 132
      vertex -48.5 126.2 140
      vertex -48.5 97.79 132
    endloop
  endfacet
  facet normal -1 0 0
    outer loop
      vertex -48.5 76.2 132
      vertex -48.5 85.09 132
      vertex -48.5 76.2 12
    endloop
  endfacet
  facet normal -1 0 0
    outer loop
      vertex -48.5 76.2 132
      vertex -48.5 126.2 140
      vertex -48.5 85.09 132
    endloop
  endfacet
  facet normal -1 0 0
    outer loop
      vertex -48.5 63.5 132
      vertex -48.5 126.2 140
      vertex -48.5 76.2 132
    endloop
  endfacet
  facet normal -1 0 0
    outer loop
      vertex -48.5 54.61 132
      vertex -48.5 63.5 132
      vertex -48.5 54.61 12
    endloop
  endfacet
  facet normal -1 0 0
    outer loop
      vertex -48.5 0 140
      vertex -48.5 63.5 132
      vertex -48.5 54.61 132
    endloop
  endfacet
  facet normal -1 0 0
    outer loop
      vertex -48.5 0 140
      vertex -48.5 54.61 132
      vertex -48.5 41.91 132
    endloop
  endfacet
  facet normal -1 0 0
    outer loop
      vertex -48.5 33.02 132
      vertex -48.5 41.91 132
      vertex -48.5 33.02 12
    endloop
  endfacet
  facet normal -1 0 0
    outer loop
      vertex -48.5 0 140
      vertex -48.5 41.91 132
      vertex -48.5 33.02 132
    endloop
  endfacet
  facet normal -1 0 0
    outer loop
      vertex -48.5 0 140
      vertex -48.5 33.02 132
      vertex -48.5 20.32 132
    endloop
  endfacet
  facet normal -1 0 0
    outer loop
      vertex -48.5 63.5 132
      vertex -48.5 0 140
      vertex -48.5 126.2 140
    endloop
  endfacet
  facet normal -1 0 0
    outer loop
      vertex -48.5 0 140
      vertex -48.5 20.32 132
      vertex -48.5 0 4
    endloop
  endfacet
  facet normal 0 0 -1
    outer loop
      vertex -1.5 20.32 132
      vertex 1.5 33.02 132
      vertex 1.5 20.32 132
    endloop
  endfacet
  facet normal -0 0 -1
    outer loop
      vertex 1.5 33.02 132
      vertex -1.5 20.32 132
      vertex -1.5 33.02 132
    endloop
  endfacet
  facet normal -0 0 1
    outer loop
      vertex -1.5 33.02 12
      vertex 1.5 20.32 12
      vertex 1.5 33.02 12
    endloop
  endfacet
  facet normal 0 0 1
    outer loop
      vertex 1.5 20.32 12
      vertex -1.5 33.02 12
      vertex -1.5 20.32 12
    endloop
  endfacet
  facet normal 0 -1 0
    outer loop
      vertex -1.5 33.02 12
      vertex 1.5 33.02 132
      vertex -1.5 33.02 132
    endloop
  endfacet
  facet normal 0 -1 -0
    outer loop
      vertex 1.5 33.02 132
      vertex -1.5 33.02 12
      vertex 1.5 33.02 12
    endloop
  endfacet
  facet normal 0 1 -0
    outer loop
      vertex 1.5 20.32 12
      vertex -1.5 20.32 132
      vertex 1.5 20.32 132
    endloop
  endfacet
  facet normal 0 1 0
    outer loop
      vertex -1.5 20.32 132
      vertex 1.5 20.32 12
      vertex -1.5 20.32 12
    endloop
  endfacet
  facet normal 0 0 -1
    outer loop
      vertex -1.5 41.91 132
      vertex 1.5 54.61 132
      vertex 1.5 41.91 132
    endloop
  endfacet
  facet normal -0 0 -1
    outer loop
      vertex 1.5 54.61 132
      vertex -1.5 41.91 132
      vertex -1.5 54.61 132
    endloop
  endfacet
  facet normal -0 0 1
    outer loop
      vertex -1.5 54.61 12
      vertex 1.5 41.91 12
      vertex 1.5 54.61 12
    endloop
  endfacet
  facet normal 0 0 1
    outer loop
      vertex 1.5 41.91 12
      vertex -1.5 54.61 12
      vertex -1.5 41.91 12
    endloop
  endfacet
  facet normal 0 -1 0
    outer loop
      vertex -1.5 54.61 12
      vertex 1.5 54.61 132
      vertex -1.5 54.61 132
    endloop
  endfacet
  facet normal 0 -1 -0
    outer loop
      vertex 1.5 54.61 132
      vertex -1.5 54.61 12
      vertex 1.5 54.61 12
    endloop
  endfacet
  facet normal 0 1 -0
    outer loop
      vertex 1.5 41.91 12
      vertex -1.5 41.91 132
      vertex 1.5 41.91 132
    endloop
  endfacet
  facet normal 0 1 0
    outer loop
      vertex -1.5 41.91 132
      vertex 1.5 41.91 12
      vertex -1.5 41.91 12
    endloop
  endfacet
  facet normal 0 0 -1
    outer loop
      vertex -1.5 63.5 132
      vertex 1.5 76.2 132
      vertex 1.5 63.5 132
    endloop
  endfacet
  facet normal -0 0 -1
    outer loop
      vertex 1.5 76.2 132
      vertex -1.5 63.5 132
      vertex -1.5 76.2 132
    endloop
  endfacet
  facet normal -0 0 1
    outer loop
      vertex -1.5 76.2 12
      vertex 1.5 63.5 12
      vertex 1.5 76.2 12
    endloop
  endfacet
  facet normal 0 0 1
    outer loop
      vertex 1.5 63.5 12
      vertex -1.5 76.2 12
      vertex -1.5 63.5 12
    endloop
  endfacet
  facet normal 0 -1 0
    outer loop
      vertex -1.5 76.2 12
      vertex 1.5 76.2 132
      vertex -1.5 76.2 132
    endloop
  endfacet
  facet normal 0 -1 -0
    outer loop
      vertex 1.5 76.2 132
      vertex -1.5 76.2 12
      vertex 1.5 76.2 12
    endloop
  endfacet
  facet normal 0 1 -0
    outer loop
      vertex 1.5 63.5 12
      vertex -1.5 63.5 132
      vertex 1.5 63.5 132
    endloop
  endfacet
  facet normal 0 1 0
    outer loop
      vertex -1.5 63.5 132
      vertex 1.5 63.5 12
      vertex -1.5 63.5 12
    endloop
  endfacet
  facet normal 0 0 -1
    outer loop
      vertex -1.5 85.09 132
      vertex 1.5 97.79 132
      vertex 1.5 85.09 132
    endloop
  endfacet
  facet normal -0 0 -1
    outer loop
      vertex 1.5 97.79 132
      vertex -1.5 85.09 132
      vertex -1.5 97.79 132
    endloop
  endfacet
  facet normal -0 0 1
    outer loop
      vertex -1.5 97.79 12
      vertex 1.5 85.09 12
      vertex 1.5 97.79 12
    endloop
  endfacet
  facet normal 0 0 1
    outer loop
      vertex 1.5 85.09 12
      vertex -1.5 97.79 12
      vertex -1.5 85.09 12
    endloop
  endfacet
  facet normal 0 -1 0
    outer loop
      vertex -1.5 97.79 12
      vertex 1.5 97.79 132
      vertex -1.5 97.79 132
    endloop
  endfacet
  facet normal 0 -1 -0
    outer loop
      vertex 1.5 97.79 132
      vertex -1.5 97.79 12
      vertex 1.5 97.79 12
    endloop
  endfacet
  facet normal 0 1 -0
    outer loop
      vertex 1.5 85.09 12
      vertex -1.5 85.09 132
      vertex 1.5 85.09 132
    endloop
  endfacet
  facet normal 0 1 0
    outer loop
      vertex -1.5 85.09 132
      vertex 1.5 85.09 12
      vertex -1.5 85.09 12
    endloop
  endfacet
  facet normal 0 0 -1
    outer loop
      vertex -1.5 106.68 132
      vertex 1.5 119.38 132
      vertex 1.5 106.68 132
    endloop
  endfacet
  facet normal -0 0 -1
    outer loop
      vertex 1.5 119.38 132
      vertex -1.5 106.68 132
      vertex -1.5 119.38 132
    endloop
  endfacet
  facet normal -0 0 1
    outer loop
      vertex -1.5 119.38 12
      vertex 1.5 106.68 12
      vertex 1.5 119.38 12
    endloop
  endfacet
  facet normal 0 0 1
    outer loop
      vertex 1.5 106.68 12
      vertex -1.5 119.38 12
      vertex -1.5 106.68 12
    endloop
  endfacet
  facet normal 0 -1 0
    outer loop
      vertex -1.5 119.38 12
      vertex 1.5 119.38 132
      vertex -1.5 119.38 132
    endloop
  endfacet
  facet normal 0 -1 -0
    outer loop
      vertex 1.5 119.38 132
      vertex -1.5 119.38 12
      vertex 1.5 119.38 12
    endloop
  endfacet
  facet normal 0 1 -0
    outer loop
      vertex 1.5 106.68 12
      vertex -1.5 106.68 132
      vertex 1.5 106.68 132
    endloop
  endfacet
  facet normal 0 1 0
    outer loop
      vertex -1.5 106.68 132
      vertex 1.5 106.68 12
      vertex -1.5 106.68 12
    endloop
  endfacet
  facet normal 1 0 0
    outer loop
      vertex 1.5 126.2 140
      vertex 1.5 119.38 132
      vertex 1.5 126.2 4
    endloop
  endfacet
  facet normal 1 0 0
    outer loop
      vertex 1.5 126.2 140
      vertex 1.5 106.68 132
      vertex 1.5 119.38 132
    endloop
  endfacet
  facet normal 1 0 0
    outer loop
      vertex 1.5 106.68 132
      vertex 1.5 97.79 132
      vertex 1.5 106.68 12
    endloop
  endfacet
  facet normal 1 0 0
    outer loop
      vertex 1.5 126.2 140
      vertex 1.5 97.79 132
      vertex 1.5 106.68 132
    endloop
  endfacet
  facet normal 1 0 0
    outer loop
      vertex 1.5 126.2 140
      vertex 1.5 85.09 132
      vertex 1.5 97.79 132
    endloop
  endfacet
  facet normal 1 0 0
    outer loop
      vertex 1.5 85.09 132
      vertex 1.5 76.2 132
      vertex 1.5 85.09 12
    endloop
  endfacet
  facet normal 1 0 0
    outer loop
      vertex 1.5 126.2 140
      vertex 1.5 76.2 132
      vertex 1.5 85.09 132
    endloop
  endfacet
  facet normal 1 0 0
    outer loop
      vertex 1.5 126.2 140
      vertex 1.5 63.5 132
      vertex 1.5 76.2 132
    endloop
  endfacet
  facet normal 1 0 0
    outer loop
      vertex 1.5 63.5 132
      vertex 1.5 54.61 132
      vertex 1.5 63.5 12
    endloop
  endfacet
  facet normal 1 -0 0
    outer loop
      vertex 1.5 0 140
      vertex 1.5 63.5 132
      vertex 1.5 126.2 140
    endloop
  endfacet
  facet normal 1 0 0
    outer loop
      vertex 1.5 63.5 132
      vertex 1.5 0 140
      vertex 1.5 54.61 132
    endloop
  endfacet
  facet normal 1 0 0
    outer loop
      vertex 1.5 41.91 132
      vertex 1.5 33.02 132
      vertex 1.5 41.91 12
    endloop
  endfacet
  facet normal 1 0 0
    outer loop
      vertex 1.5 54.61 132
      vertex 1.5 0 140
      vertex 1.5 41.91 132
    endloop
  endfacet
  facet normal 1 0 0
    outer loop
      vertex 1.5 41.91 132
      vertex 1.5 0 140
      vertex 1.5 33.02 132
    endloop
  endfacet
  facet normal 1 0 0
    outer loop
      vertex 1.5 20.32 132
      vertex 1.5 0 140
      vertex 1.5 20.32 12
    endloop
  endfacet
  facet normal 1 0 0
    outer loop
      vertex 1.5 33.02 132
      vertex 1.5 0 140
      vertex 1.5 20.32 132
    endloop
  endfacet
  facet normal 1 -0 0
    outer loop
      vertex 1.5 119.38 12
      vertex 1.5 126.2 4
      vertex 1.5 119.38 132
    endloop
  endfacet
  facet normal 1 -0 0
    outer loop
      vertex 1.5 106.68 12
      vertex 1.5 126.2 4
      vertex 1.5 119.38 12
    endloop
  endfacet
  facet normal 1 0 0
    outer loop
      vertex 1.5 97.79 12
      vertex 1.5 106.68 12
      vertex 1.5 97.79 132
    endloop
  endfacet
  facet normal 1 -0 0
    outer loop
      vertex 1.5 97.79 12
      vertex 1.5 126.2 4
      vertex 1.5 106.68 12
    endloop
  endfacet
  facet normal 1 -0 0
    outer loop
      vertex 1.5 85.09 12
      vertex 1.5 126.2 4
      vertex 1.5 97.79 12
    endloop
  endfacet
  facet normal 1 0 0
    outer loop
      vertex 1.5 76.2 12
      vertex 1.5 85.09 12
      vertex 1.5 76.2 132
    endloop
  endfacet
  facet normal 1 -0 0
    outer loop
      vertex 1.5 76.2 12
      vertex 1.5 126.2 4
      vertex 1.5 85.09 12
    endloop
  endfacet
  facet normal 1 -0 0
    outer loop
      vertex 1.5 63.5 12
      vertex 1.5 126.2 4
      vertex 1.5 76.2 12
    endloop
  endfacet
  facet normal 1 0 0
    outer loop
      vertex 1.5 54.61 12
      vertex 1.5 63.5 12
      vertex 1.5 54.61 132
    endloop
  endfacet
  facet normal 1 0 0
    outer loop
      vertex 1.5 0 4
      vertex 1.5 63.5 12
      vertex 1.5 54.61 12
    endloop
  endfacet
  facet normal 1 0 0
    outer loop
      vertex 1.5 0 4
      vertex 1.5 54.61 12
      vertex 1.5 41.91 12
    endloop
  endfacet
  facet normal 1 0 0
    outer loop
      vertex 1.5 33.02 12
      vertex 1.5 41.91 12
      vertex 1.5 33.02 132
    endloop
  endfacet
  facet normal 1 0 0
    outer loop
      vertex 1.5 0 4
      vertex 1.5 41.91 12
      vertex 1.5 33.02 12
    endloop
  endfacet
  facet normal 1 0 0
    outer loop
      vertex 1.5 0 4
      vertex 1.5 33.02 12
      vertex 1.5 20.32 12
    endloop
  endfacet
  facet normal 1 0 0
    outer loop
      vertex 1.5 63.5 12
      vertex 1.5 0 4
      vertex 1.5 126.2 4
    endloop
  endfacet
  facet normal 1 0 0
    outer loop
      vertex 1.5 0 4
      vertex 1.5 20.32 12
      vertex 1.5 0 140
    endloop
  endfacet
  facet normal -1 0 0
    outer loop
      vertex -1.5 126.2 4
      vertex -1.5 119.38 12
      vertex -1.5 126.2 140
    endloop
  endfacet
  facet normal -1 0 0
    outer loop
      vertex -1.5 126.2 4
      vertex -1.5 106.68 12
      vertex -1.5 119.38 12
    endloop
  endfacet
  facet normal -1 0 0
    outer loop
      vertex -1.5 106.68 12
      vertex -1.5 97.79 12
      vertex -1.5 106.68 132
    endloop
  endfacet
  facet normal -1 0 0
    outer loop
      vertex -1.5 126.2 4
      vertex -1.5 97.79 12
      vertex -1.5 106.68 12
    endloop
  endfacet
  facet normal -1 0 0
    outer loop
      vertex -1.5 126.2 4
      vertex -1.5 85.09 12
      vertex -1.5 97.79 12
    endloop
  endfacet
  facet normal -1 0 0
    outer loop
      vertex -1.5 85.09 12
      vertex -1.5 76.2 12
      vertex -1.5 85.09 132
    endloop
  endfacet
  facet normal -1 0 0
    outer loop
      vertex -1.5 126.2 4
      vertex -1.5 76.2 12
      vertex -1.5 85.09 12
    endloop
  endfacet
  facet normal -1 0 0
    outer loop
      vertex -1.5 126.2 4
      vertex -1.5 63.5 12
      vertex -1.5 76.2 12
    endloop
  endfacet
  facet normal -1 0 0
    outer loop
      vertex -1.5 63.5 12
      vertex -1.5 54.61 12
      vertex -1.5 63.5 132
    endloop
  endfacet
  facet normal -1 0 0
    outer loop
      vertex -1.5 0 4
      vertex -1.5 63.5 12
      vertex -1.5 126.2 4
    endloop
  endfacet
  facet normal -1 -0 0
    outer loop
      vertex -1.5 63.5 12
      vertex -1.5 0 4
      vertex -1.5 54.61 12
    endloop
  endfacet
  facet normal -1 0 0
    outer loop
      vertex -1.5 41.91 12
      vertex -1.5 33.02 12
      vertex -1.5 41.91 132
    endloop
  endfacet
  facet normal -1 -0 0
    outer loop
      vertex -1.5 54.61 12
      vertex -1.5 0 4
      vertex -1.5 41.91 12
    endloop
  endfacet
  facet normal -1 -0 0
    outer loop
      vertex -1.5 41.91 12
      vertex -1.5 0 4
      vertex -1.5 33.02 12
    endloop
  endfacet
  facet normal -1 -0 0
    outer loop
      vertex -1.5 20.32 12
      vertex -1.5 0 4
      vertex -1.5 20.32 132
    endloop
  endfacet
  facet normal -1 -0 0
    outer loop
      vertex -1.5 33.02 12
      vertex -1.5 0 4
      vertex -1.5 20.32 12
    endloop
  endfacet
  facet normal -1 0 0
    outer loop
      vertex -1.5 119.38 132
      vertex -1.5 126.2 140
      vertex -1.5 119.38 12
    endloop
  endfacet
  facet normal -1 0 0
    outer loop
      vertex -1.5 106.68 132
      vertex -1.5 126.2 140
      vertex -1.5 119.38 132
    endloop
  endfacet
  facet normal -1 0 0
    outer loop
      vertex -1.5 97.79 132
      vertex -1.5 106.68 132
      vertex -1.5 97.79 12
    endloop
  endfacet
  facet normal -1 0 0
    outer loop
      vertex -1.5 97.79 132
      vertex -1.5 126.2 140
      vertex -1.5 106.68 132
    endloop
  endfacet
  facet normal -1 0 0
    outer loop
      vertex -1.5 85.09 132
      vertex -1.5 126.2 140
      vertex -1.5 97.79 132
    endloop
  endfacet
  facet normal -1 0 0
    outer loop
      vertex -1.5 76.2 132
      vertex -1.5 85.09 132
      vertex -1.5 76.2 12
    endloop
  endfacet
  facet normal -1 0 0
    outer loop
      vertex -1.5 76.2 132
      vertex -1.5 126.2 140
      vertex -1.5 85.09 132
    endloop
  endfacet
  facet normal -1 0 0
    outer loop
      vertex -1.5 63.5 132
      vertex -1.5 126.2 140
      vertex -1.5 76.2 132
    endloop
  endfacet
  facet normal -1 0 0
    outer loop
      vertex -1.5 54.61 132
      vertex -1.5 63.5 132
      vertex -1.5 54.61 12
    endloop
  endfacet
  facet normal -1 0 0
    outer loop
      vertex -1.5 0 140
      vertex -1.5 63.5 132
      vertex -1.5 54.61 132
    endloop
  endfacet
  facet normal -1 0 0
    outer loop
      vertex -1.5 0 140
      vertex -1.5 54.61 132
      vertex -1.5 41.91 132
    endloop
  endfacet
  facet normal -1 0 0
    outer loop
      vertex -1.5 33.02 132
      vertex -1.5 41.91 132
      vertex -1.5 33.02 12
    endloop
  endfacet
  facet normal -1 0 0
    outer loop
      vertex -1.5 0 140
      vertex -1.5 41.91 132
      vertex -1.5 33.02 132
    endloop
  endfacet
  facet normal -1 0 0
    outer loop
      vertex -1.5 0 140
      vertex -1.5 33.02 132
      vertex -1.5 20.32 132
    endloop
  endfacet
  facet normal -1 0 0
    outer loop
      vertex -1.5 63.5 132
      vertex -1.5 0 140
      vertex -1.5 126.2 140
    endloop
  endfacet
  facet normal -1 0 0
    outer loop
      vertex -1.5 0 140
      vertex -1.5 20.32 132
      vertex -1.5 0 4
    endloop
  endfacet
  facet normal 0 0 -1
    outer loop
      vertex 45.5 20.32 132
      vertex 48.5 33.02 132
      vertex 48.5 20.32 132
    endloop
  endfacet
  facet normal -0 0 -1
    outer loop
      vertex 48.5 33.02 132
      vertex 45.5 20.32 132
      vertex 45.5 33.02 132
    endloop
  endfacet
  facet normal -0 0 1
    outer loop
      vertex 45.5 33.02 12
      vertex 48.5 20.32 12
      vertex 48.5 33.02 12
    endloop
  endfacet
  facet normal 0 0 1
    outer loop
      vertex 48.5 20.32 12
      vertex 45.5 33.02 12
      vertex 45.5 20.32 12
    endloop
  endfacet
  facet normal 0 -1 0
    outer loop
      vertex 45.5 33.02 12
      vertex 48.5 33.02 132
      vertex 45.5 33.02 132
    endloop
  endfacet
  facet normal 0 -1 -0
    outer loop
      vertex 48.5 33.02 132
      vertex 45.5 33.02 12
      vertex 48.5 33.02 12
    endloop
  endfacet
  facet normal 0 1 -0
    outer loop
      vertex 48.5 20.32 12
      vertex 45.5 20.32 132
      vertex 48.5 20.32 132
    endloop
  endfacet
  facet normal 0 1 0
    outer loop
      vertex 45.5 20.32 132
      vertex 48.5 20.32 12
      vertex 45.5 20.32 12
    endloop
  endfacet
  facet normal 0 0 -1
    outer loop
      vertex 45.5 41.91 132
      vertex 48.5 54.61 132
      vertex 48.5 41.91 132
    endloop
  endfacet
  facet normal -0 0 -1
    outer loop
      vertex 48.5 54.61 132
      vertex 45.5 41.91 132
      vertex 45.5 54.61 132
    endloop
  endfacet
  facet normal -0 0 1
    outer loop
      vertex 45.5 54.61 12
      vertex 48.5 41.91 12
      vertex 48.5 54.61 12
    endloop
  endfacet
  facet normal 0 0 1
    outer loop
      vertex 48.5 41.91 12
      vertex 45.5 54.61 12
      vertex 45.5 41.91 12
    endloop
  endfacet
  facet normal 0 -1 0
    outer loop
      vertex 45.5 54.61 12
      vertex 48.5 54.61 132
      vertex 45.5 54.61 132
    endloop
  endfacet
  facet normal 0 -1 -0
    outer loop
      vertex 48.5 54.61 132
      vertex 45.5 54.61 12
      vertex 48.5 54.61 12
    endloop
  endfacet
  facet normal 0 1 -0
    outer loop
      vertex 48.5 41.91 12
      vertex 45.5 41.91 132
      vertex 48.5 41.91 132
    endloop
  endfacet
  facet normal 0 1 0
    outer loop
      vertex 45.5 41.91 132
      vertex 48.5 41.91 12
      vertex 45.5 41.91 12
    endloop
  endfacet
  facet normal 0 0 -1
    outer loop
      vertex 45.5 63.5 132
      vertex 48.5 76.2 132
      vertex 48.5 63.5 132
    endloop
  endfacet
  facet normal -0 0 -1
    outer loop
      vertex 48.5 76.2 132
      vertex 45.5 63.5 132
      vertex 45.5 76.2 132
    endloop
  endfacet
  facet normal -0 0 1
    outer loop
      vertex 45.5 76.2 12
      vertex 48.5 63.5 12
      vertex 48.5 76.2 12
    endloop
  endfacet
  facet normal 0 0 1
    outer loop
      vertex 48.5 63.5 12
      vertex 45.5 76.2 12
      vertex 45.5 63.5 12
    endloop
  endfacet
  facet normal 0 -1 0
    outer loop
      vertex 45.5 76.2 12
      vertex 48.5 76.2 132
      vertex 45.5 76.2 132
    endloop
  endfacet
  facet normal 0 -1 -0
    outer loop
      vertex 48.5 76.2 132
      vertex 45.5 76.2 12
      vertex 48.5 76.2 12
    endloop
  endfacet
  facet normal 0 1 -0
    outer loop
      vertex 48.5 63.5 12
      vertex 45.5 63.5 132
      vertex 48.5 63.5 132
    endloop
  endfacet
  facet normal 0 1 0
    outer loop
      vertex 45.5 63.5 132
      vertex 48.5 63.5 12
      vertex 45.5 63.5 12
    endloop
  endfacet
  facet normal 0 0 -1
    outer loop
      vertex 45.5 85.09 132
      vertex 48.5 97.79 132
      vertex 48.5 85.09 132
    endloop
  endfacet
  facet normal -0 0 -1
    outer loop
      vertex 48.5 97.79 132
      vertex 45.5 85.09 132
      vertex 45.5 97.79 132
    endloop
  endfacet
  facet normal -0 0 1
    outer loop
      vertex 45.5 97.79 12
      vertex 48.5 85.09 12
      vertex 48.5 97.79 12
    endloop
  endfacet
  facet normal 0 0 1
    outer loop
      vertex 48.5 85.09 12
      vertex 45.5 97.79 12
      vertex 45.5 85.09 12
    endloop
  endfacet
  facet normal 0 -1 0
    outer loop
      vertex 45.5 97.79 12
      vertex 48.5 97.79 132
      vertex 45.5 97.79 132
    endloop
  endfacet
  facet normal 0 -1 -0
    outer loop
      vertex 48.5 97.79 132
      vertex 45.5 97.79 12
      vertex 48.5 97.79 12
    endloop
  endfacet
  facet normal 0 1 -0
    outer loop
      vertex 48.5 85.09 12
      vertex 45.5 85.09 132
      vertex 48.5 85.09 132
    endloop
  endfacet
  facet normal 0 1 0
    outer loop
      vertex 45.5 85.09 132
      vertex 48.5 85.09 12
      vertex 45.5 85.09 12
    endloop
  endfacet
  facet normal 0 0 -1
    outer loop
      vertex 45.5 106.68 132
      vertex 48.5 119.38 132
      vertex 48.5 106.68 132
    endloop
  endfacet
  facet normal -0 0 -1
    outer loop
      vertex 48.5 119.38 132
      vertex 45.5 106.68 132
      vertex 45.5 119.38 132
    endloop
  endfacet
  facet normal -0 0 1
    outer loop
      vertex 45.5 119.38 12
      vertex 48.5 106.68 12
      vertex 48.5 119.38 12
    endloop
  endfacet
  facet normal 0 0 1
    outer loop
      vertex 48.5 106.68 12
      vertex 45.5 119.38 12
      vertex 45.5 106.68 12
    endloop
  endfacet
  facet normal 0 -1 0
    outer loop
      vertex 45.5 119.38 12
      vertex 48.5 119.38 132
      vertex 45.5 119.38 132
    endloop
  endfacet
  facet normal 0 -1 -0
    outer loop
      vertex 48.5 119.38 132
      vertex 45.5 119.38 12
      vertex 48.5 119.38 12
    endloop
  endfacet
  facet normal 0 1 -0
    outer loop
      vertex 48.5 106.68 12
      vertex 45.5 106.68 132
      vertex 48.5 106.68 132
    endloop
  endfacet
  facet normal 0 1 0
    outer loop
      vertex 45.5 106.68 132
      vertex 48.5 106.68 12
      vertex 45.5 106.68 12
    endloop
  endfacet
  facet normal 1 0 0
    outer loop
      vertex 48.5 126.2 140
      vertex 48.5 119.38 132
      vertex 48.5 126.2 4
    endloop
  endfacet
  facet normal 1 0 0
    outer loop
      vertex 48.5 126.2 140
      vertex 48.5 106.68 132
      vertex 48.5 119.38 132
    endloop
  endfacet
  facet normal 1 0 0
    outer loop
      vertex 48.5 106.68 132
      vertex 48.5 97.79 132
      vertex 48.5 106.68 12
    endloop
  endfacet
  facet normal 1 0 0
    outer loop
      vertex 48.5 126.2 140
      vertex 48.5 97.79 132
      vertex 48.5 106.68 132
    endloop
  endfacet
  facet normal 1 0 0
    outer loop
      vertex 48.5 126.2 140
      vertex 48.5 85.09 132
      vertex 48.5 97.79 132
    endloop
  endfacet
  facet normal 1 0 0
    outer loop
      vertex 48.5 85.09 132
      vertex 48.5 76.2 132
      vertex 48.5 85.09 12
    endloop
  endfacet
  facet normal 1 0 0
    outer loop
      vertex 48.5 126.2 140
      vertex 48.5 76.2 132
      vertex 48.5 85.09 132
    endloop
  endfacet
  facet normal 1 0 0
    outer loop
      vertex 48.5 126.2 140
      vertex 48.5 63.5 132
      vertex 48.5 76.2 132
    endloop
  endfacet
  facet normal 1 0 0
    outer loop
      vertex 48.5 63.5 132
      vertex 48.5 54.61 132
      vertex 48.5 63.5 12
    endloop
  endfacet
  facet normal 1 -0 0
    outer loop
      vertex 48.5 0 140
      vertex 48.5 63.5 132
      vertex 48.5 126.2 140
    endloop
  endfacet
  facet normal 1 0 0
    outer loop
      vertex 48.5 63.5 132
      vertex 48.5 0 140
      vertex 48.5 54.61 132
    endloop
  endfacet
  facet normal 1 0 0
    outer loop
      vertex 48.5 41.91 132
      vertex 48.5 33.02 132
      vertex 48.5 41.91 12
    endloop
  endfacet
  facet normal 1 0 0
    outer loop
      vertex 48.5 54.61 132
      vertex 48.5 0 140
      vertex 48.5 41.91 132
    endloop
  endfacet
  facet normal 1 0 0
    outer loop
      vertex 48.5 41.91 132
      vertex 48.5 0 140
      vertex 48.5 33.02 132
    endloop
  endfacet
  facet normal 1 0 0
    outer loop
      vertex 48.5 20.32 132
      vertex 48.5 0 140
      vertex 48.5 20.32 12
    endloop
  endfacet
  facet normal 1 0 0
    outer loop
      vertex 48.5 33.02 132
      vertex 48.5 0 140
      vertex 48.5 20.32 132
    endloop
  endfacet
  facet normal 1 -0 0
    outer loop
      vertex 48.5 119.38 12
      vertex 48.5 126.2 4
      vertex 48.5 119.38 132
    endloop
  endfacet
  facet normal 1 -0 0
    outer loop
      vertex 48.5 106.68 12
      vertex 48.5 126.2 4
      vertex 48.5 119.38 12
    endloop
  endfacet
  facet normal 1 0 0
    outer loop
      vertex 48.5 97.79 12
      vertex 48.5 106.68 12
      vertex 48.5 97.79 132
    endloop
  endfacet
  facet normal 1 -0 0
    outer loop
      vertex 48.5 97.79 12
      vertex 48.5 126.2 4
      vertex 48.5 106.68 12
    endloop
  endfacet
  facet normal 1 -0 0
    outer loop
      vertex 48.5 85.09 12
      vertex 48.5 126.2 4
      vertex 48.5 97.79 12
    endloop
  endfacet
  facet normal 1 0 0
    outer loop
      vertex 48.5 76.2 12
      vertex 48.5 85.09 12
      vertex 48.5 76.2 132
    endloop
  endfacet
  facet normal 1 -0 0
    outer loop
      vertex 48.5 76.2 12
      vertex 48.5 126.2 4
      vertex 48.5 85.09 12
    endloop
  endfacet
  facet normal 1 -0 0
    outer loop
      vertex 48.5 63.5 12
      vertex 48.5 126.2 4
      vertex 48.5 76.2 12
    endloop
  endfacet
  facet normal 1 0 0
    outer loop
      vertex 48.5 54.61 12
      vertex 48.5 63.5 12
      vertex 48.5 54.61 132
    endloop
  endfacet
  facet normal 1 0 0
    outer loop
      vertex 48.5 0 4
      vertex 48.5 63.5 12
      vertex 48.5 54.61 12
    endloop
  endfacet
  facet normal 1 0 0
    outer loop
      vertex 48.5 0 4
      vertex 48.5 54.61 12
      vertex 48.5 41.91 12
    endloop
  endfacet
  facet normal 1 0 0
    outer loop
      vertex 48.5 33.02 12
      vertex 48.5 41.91 12
      vertex 48.5 33.02 132
    endloop
  endfacet
  facet normal 1 0 0
    outer loop
      vertex 48.5 0 4
      vertex 48.5 41.91 12
      vertex 48.5 33.02 12
    endloop
  endfacet
  facet normal 1 0 0
    outer loop
      vertex 48.5 0 4
      vertex 48.5 33.02 12
      vertex 48.5 20.32 12
    endloop
  endfacet
  facet normal 1 0 0
    outer loop
      vertex 48.5 63.5 12
      vertex 48.5 0 4
      vertex 48.5 126.2 4
    endloop
  endfacet
  facet normal 1 0 0
    outer loop
      vertex 48.5 0 4
      vertex 48.5 20.32 12
      vertex 48.5 0 140
    endloop
  endfacet
  facet normal -1 0 0
    outer loop
      vertex 45.5 126.2 4
      vertex 45.5 119.38 12
      vertex 45.5 126.2 140
    endloop
  endfacet
  facet normal -1 0 0
    outer loop
      vertex 45.5 126.2 4
      vertex 45.5 106.68 12
      vertex 45.5 119.38 12
    endloop
  endfacet
  facet normal -1 0 0
    outer loop
      vertex 45.5 106.68 12
      vertex 45.5 97.79 12
      vertex 45.5 106.68 132
    endloop
  endfacet
  facet normal -1 0 0
    outer loop
      vertex 45.5 126.2 4
      vertex 45.5 97.79 12
      vertex 45.5 106.68 12
    endloop
  endfacet
  facet normal -1 0 0
    outer loop
      vertex 45.5 126.2 4
      vertex 45.5 85.09 12
      vertex 45.5 97.79 12
    endloop
  endfacet
  facet normal -1 0 0
    outer loop
      vertex 45.5 85.09 12
      vertex 45.5 76.2 12
      vertex 45.5 85.09 132
    endloop
  endfacet
  facet normal -1 0 0
    outer loop
      vertex 45.5 126.2 4
      vertex 45.5 76.2 12
      vertex 45.5 85.09 12
    endloop
  endfacet
  facet normal -1 0 0
    outer loop
      vertex 45.5 126.2 4
      vertex 45.5 63.5 12
      vertex 45.5 76.2 12
    endloop
  endfacet
  facet normal -1 0 0
    outer loop
      vertex 45.5 63.5 12
      vertex 45.5 54.61 12
      vertex 45.5 63.5 132
    endloop
  endfacet
  facet normal -1 0 0
    outer loop
      vertex 45.5 0 4
      vertex 45.5 63.5 12
      vertex 45.5 126.2 4
    endloop
  endfacet
  facet normal -1 -0 0
    outer loop
      vertex 45.5 63.5 12
      vertex 45.5 0 4
      vertex 45.5 54.61 12
    endloop
  endfacet
  facet normal -1 0 0
    outer loop
      vertex 45.5 41.91 12
      vertex 45.5 33.02 12
      vertex 45.5 41.91 132
    endloop
  endfacet
  facet normal -1 -0 0
    outer loop
      vertex 45.5 54.61 12
      vertex 45.5 0 4
      vertex 45.5 41.91 12
    endloop
  endfacet
  facet normal -1 -0 0
    outer loop
      vertex 45.5 41.91 12
      vertex 45.5 0 4
      vertex 45.5 33.02 12
    endloop
  endfacet
  facet normal -1 -0 0
    outer loop
      vertex 45.5 20.32 12
      vertex 45.5 0 4
      vertex 45.5 20.32 132
    endloop
  endfacet
  facet normal -1 -0 0
    outer loop
      vertex 45.5 33.02 12
      vertex 45.5 0 4
      vertex 45.5 20.32 12
    endloop
  endfacet
  facet normal -1 0 0
    outer loop
      vertex 45.5 119.38 132
      vertex 45.5 126.2 140
      vertex 45.5 119.38 12
    endloop
  endfacet
  facet normal -1 0 0
    outer loop
      vertex 45.5 106.68 132
      vertex 45.5 126.2 140
      vertex 45.5 119.38 132
    endloop
  endfacet
  facet normal -1 0 0
    outer loop
      vertex 45.5 97.79 132
      vertex 45.5 106.68 132
      vertex 45.5 97.79 12
    endloop
  endfacet
  facet normal -1 0 0
    outer loop
      vertex 45.5 97.79 132
      vertex 45.5 126.2 140
      vertex 45.5 106.68 132
    endloop
  endfacet
  facet normal -1 0 0
    outer loop
      vertex 45.5 85.09 132
      vertex 45.5 126.2 140
      vertex 45.5 97.79 132
    endloop
  endfacet
  facet normal -1 0 0
    outer loop
      vertex 45.5 76.2 132
      vertex 45.5 85.09 132
      vertex 45.5 76.2 12
    endloop
  endfacet
  facet normal -1 0 0
    outer loop
      vertex 45.5 76.2 132
      vertex 45.5 126.2 140
      vertex 45.5 85.09 132
    endloop
  endfacet
  facet normal -1 0 0
    outer loop
      vertex 45.5 63.5 132
      vertex 45.5 126.2 140
      vertex 45.5 76.2 132
    endloop
  endfacet
  facet normal -1 0 0
    outer loop
      vertex 45.5 54.61 132
      vertex 45.5 63.5 132
      vertex 45.5 54.61 12
    endloop
  endfacet
  facet normal -1 0 0
    outer loop
      vertex 45.5 0 140
      vertex 45.5 63.5 132
      vertex 45.5 54.61 132
    endloop
  endfacet
  facet normal -1 0 0
    outer loop
      vertex 45.5 0 140
      vertex 45.5 54.61 132
      vertex 45.5 41.91 132
    endloop
  endfacet
  facet normal -1 0 0
    outer loop
      vertex 45.5 33.02 132
      vertex 45.5 41.91 132
      vertex 45.5 33.02 12
    endloop
  endfacet
  facet normal -1 0 0
    outer loop
      vertex 45.5 0 140
      vertex 45.5 41.91 132
      vertex 45.5 33.02 132
    endloop
  endfacet
  facet normal -1 0 0
    outer loop
      vertex 45.5 0 140
      vertex 45.5 33.02 132
      vertex 45.5 20.32 132
    endloop
  endfacet
  facet normal -1 0 0
    outer loop
      vertex 45.5 63.5 132
      vertex 45.5 0 140
      vertex 45.5 126.2 140
    endloop
  endfacet
  facet normal -1 0 0
    outer loop
      vertex 45.5 0 140
      vertex 45.5 20.32 132
      vertex 45.5 0 4
    endloop
  endfacet
  facet normal 0 0 -1
    outer loop
      vertex 92.5 20.32 132
      vertex 95.5 33.02 132
      vertex 95.5 20.32 132
    endloop
  endfacet
  facet normal -0 0 -1
    outer loop
      vertex 95.5 33.02 132
      vertex 92.5 20.32 132
      vertex 92.5 33.02 132
    endloop
  endfacet
  facet normal -0 0 1
    outer loop
      vertex 92.5 33.02 12
      vertex 95.5 20.32 12
      vertex 95.5 33.02 12
    endloop
  endfacet
  facet normal 0 0 1
    outer loop
      vertex 95.5 20.32 12
      vertex 92.5 33.02 12
      vertex 92.5 20.32 12
    endloop
  endfacet
  facet normal 0 -1 0
    outer loop
      vertex 92.5 33.02 12
      vertex 95.5 33.02 132
      vertex 92.5 33.02 132
    endloop
  endfacet
  facet normal 0 -1 -0
    outer loop
      vertex 95.5 33.02 132
      vertex 92.5 33.02 12
      vertex 95.5 33.02 12
    endloop
  endfacet
  facet normal 0 1 -0
    outer loop
      vertex 95.5 20.32 12
      vertex 92.5 20.32 132
      vertex 95.5 20.32 132
    endloop
  endfacet
  facet normal 0 1 0
    outer loop
      vertex 92.5 20.32 132
      vertex 95.5 20.32 12
      vertex 92.5 20.32 12
    endloop
  endfacet
  facet normal 0 0 -1
    outer loop
      vertex 92.5 41.91 132
      vertex 95.5 54.61 132
      vertex 95.5 41.91 132
    endloop
  endfacet
  facet normal -0 0 -1
    outer loop
      vertex 95.5 54.61 132
      vertex 92.5 41.91 132
      vertex 92.5 54.61 132
    endloop
  endfacet
  facet normal -0 0 1
    outer loop
      vertex 92.5 54.61 12
      vertex 95.5 41.91 12
      vertex 95.5 54.61 12
    endloop
  endfacet
  facet normal 0 0 1
    outer loop
      vertex 95.5 41.91 12
      vertex 92.5 54.61 12
      vertex 92.5 41.91 12
    endloop
  endfacet
  facet normal 0 -1 0
    outer loop
      vertex 92.5 54.61 12
      vertex 95.5 54.61 132
      vertex 92.5 54.61 132
    endloop
  endfacet
  facet normal 0 -1 -0
    outer loop
      vertex 95.5 54.61 132
      vertex 92.5 54.61 12
      vertex 95.5 54.61 12
    endloop
  endfacet
  facet normal 0 1 -0
    outer loop
      vertex 95.5 41.91 12
      vertex 92.5 41.91 132
      vertex 95.5 41.91 132
    endloop
  endfacet
  facet normal 0 1 0
    outer loop
      vertex 92.5 41.91 132
      vertex 95.5 41.91 12
      vertex 92.5 41.91 12
    endloop
  endfacet
  facet normal 0 0 -1
    outer loop
      vertex 92.5 63.5 132
      vertex 95.5 76.2 132
      vertex 95.5 63.5 132
    endloop
  endfacet
  facet normal -0 0 -1
    outer loop
      vertex 95.5 76.2 132
      vertex 92.5 63.5 132
      vertex 92.5 76.2 132
    endloop
  endfacet
  facet normal -0 0 1
    outer loop
      vertex 92.5 76.2 12
      vertex 95.5 63.5 12
      vertex 95.5 76.2 12
    endloop
  endfacet
  facet normal 0 0 1
    outer loop
      vertex 95.5 63.5 12
      vertex 92.5 76.2 12
      vertex 92.5 63.5 12
    endloop
  endfacet
  facet normal 0 -1 0
    outer loop
      vertex 92.5 76.2 12
      vertex 95.5 76.2 132
      vertex 92.5 76.2 132
    endloop
  endfacet
  facet normal 0 -1 -0
    outer loop
      vertex 95.5 76.2 132
      vertex 92.5 76.2 12
      vertex 95.5 76.2 12
    endloop
  endfacet
  facet normal 0 1 -0
    outer loop
      vertex 95.5 63.5 12
      vertex 92.5 63.5 132
      vertex 95.5 63.5 132
    endloop
  endfacet
  facet normal 0 1 0
    outer loop
      vertex 92.5 63.5 132
      vertex 95.5 63.5 12
      vertex 92.5 63.5 12
    endloop
  endfacet
  facet normal 0 0 -1
    outer loop
      vertex 92.5 85.09 132
      vertex 95.5 97.79 132
      vertex 95.5 85.09 132
    endloop
  endfacet
  facet normal -0 0 -1
    outer loop
      vertex 95.5 97.79 132
      vertex 92.5 85.09 132
      vertex 92.5 97.79 132
    endloop
  endfacet
  facet normal -0 0 1
    outer loop
      vertex 92.5 97.79 12
      vertex 95.5 85.09 12
      vertex 95.5 97.79 12
    endloop
  endfacet
  facet normal 0 0 1
    outer loop
      vertex 95.5 85.09 12
      vertex 92.5 97.79 12
      vertex 92.5 85.09 12
    endloop
  endfacet
  facet normal 0 -1 0
    outer loop
      vertex 92.5 97.79 12
      vertex 95.5 97.79 132
      vertex 92.5 97.79 132
    endloop
  endfacet
  facet normal 0 -1 -0
    outer loop
      vertex 95.5 97.79 132
      vertex 92.5 97.79 12
      vertex 95.5 97.79 12
    endloop
  endfacet
  facet normal 0 1 -0
    outer loop
      vertex 95.5 85.09 12
      vertex 92.5 85.09 132
      vertex 95.5 85.09 132
    endloop
  endfacet
  facet normal 0 1 0
    outer loop
      vertex 92.5 85.09 132
      vertex 95.5 85.09 12
      vertex 92.5 85.09 12
    endloop
  endfacet
  facet normal 0 0 -1
    outer loop
      vertex 92.5 106.68 132
      vertex 95.5 119.38 132
      vertex 95.5 106.68 132
    endloop
  endfacet
  facet normal -0 0 -1
    outer loop
      vertex 95.5 119.38 132
      vertex 92.5 106.68 132
      vertex 92.5 119.38 132
    endloop
  endfacet
  facet normal -0 0 1
    outer loop
      vertex 92.5 119.38 12
      vertex 95.5 106.68 12
      vertex 95.5 119.38 12
    endloop
  endfacet
  facet normal 0 0 1
    outer loop
      vertex 95.5 106.68 12
      vertex 92.5 119.38 12
      vertex 92.5 106.68 12
    endloop
  endfacet
  facet normal 0 -1 0
    outer loop
      vertex 92.5 119.38 12
      vertex 95.5 119.38 132
      vertex 92.5 119.38 132
    endloop
  endfacet
  facet normal 0 -1 -0
    outer loop
      vertex 95.5 119.38 132
      vertex 92.5 119.38 12
      vertex 95.5 119.38 12
    endloop
  endfacet
  facet normal 0 1 -0
    outer loop
      vertex 95.5 106.68 12
      vertex 92.5 106.68 132
      vertex 95.5 106.68 132
    endloop
  endfacet
  facet normal 0 1 0
    outer loop
      vertex 92.5 106.68 132
      vertex 95.5 106.68 12
      vertex 92.5 106.68 12
    endloop
  endfacet
  facet normal -1 0 0
    outer loop
      vertex 92.5 126.2 4
      vertex 92.5 119.38 12
      vertex 92.5 126.2 140
    endloop
  endfacet
  facet normal -1 0 0
    outer loop
      vertex 92.5 126.2 4
      vertex 92.5 106.68 12
      vertex 92.5 119.38 12
    endloop
  endfacet
  facet normal -1 0 0
    outer loop
      vertex 92.5 106.68 12
      vertex 92.5 97.79 12
      vertex 92.5 106.68 132
    endloop
  endfacet
  facet normal -1 0 0
    outer loop
      vertex 92.5 126.2 4
      vertex 92.5 97.79 12
      vertex 92.5 106.68 12
    endloop
  endfacet
  facet normal -1 0 0
    outer loop
      vertex 92.5 126.2 4
      vertex 92.5 85.09 12
      vertex 92.5 97.79 12
    endloop
  endfacet
  facet normal -1 0 0
    outer loop
      vertex 92.5 85.09 12
      vertex 92.5 76.2 12
      vertex 92.5 85.09 132
    endloop
  endfacet
  facet normal -1 0 0
    outer loop
      vertex 92.5 126.2 4
      vertex 92.5 76.2 12
      vertex 92.5 85.09 12
    endloop
  endfacet
  facet normal -1 0 0
    outer loop
      vertex 92.5 126.2 4
      vertex 92.5 63.5 12
      vertex 92.5 76.2 12
    endloop
  endfacet
  facet normal -1 0 0
    outer loop
      vertex 92.5 63.5 12
      vertex 92.5 54.61 12
      vertex 92.5 63.5 132
    endloop
  endfacet
  facet normal -1 0 0
    outer loop
      vertex 92.5 0 4
      vertex 92.5 63.5 12
      vertex 92.5 126.2 4
    endloop
  endfacet
  facet normal -1 -0 0
    outer loop
      vertex 92.5 63.5 12
      vertex 92.5 0 4
      vertex 92.5 54.61 12
    endloop
  endfacet
  facet normal -1 0 0
    outer loop
      vertex 92.5 41.91 12
      vertex 92.5 33.02 12
      vertex 92.5 41.91 132
    endloop
  endfacet
  facet normal -1 -0 0
    outer loop
      vertex 92.5 54.61 12
      vertex 92.5 0 4
      vertex 92.5 41.91 12
    endloop
  endfacet
  facet normal -1 -0 0
    outer loop
      vertex 92.5 41.91 12
      vertex 92.5 0 4
      vertex 92.5 33.02 12
    endloop
  endfacet
  facet normal -1 -0 0
    outer loop
      vertex 92.5 20.32 12
      vertex 92.5 0 4
      vertex 92.5 20.32 132
    endloop
  endfacet
  facet normal -1 -0 0
    outer loop
      vertex 92.5 33.02 12
      vertex 92.5 0 4
      vertex 92.5 20.32 12
    endloop
  endfacet
  facet normal -1 0 0
    outer loop
      vertex 92.5 119.38 132
      vertex 92.5 126.2 140
      vertex 92.5 119.38 12
    endloop
  endfacet
  facet normal -1 0 0
    outer loop
      vertex 92.5 106.68 132
      vertex 92.5 126.2 140
      vertex 92.5 119.38 132
    endloop
  endfacet
  facet normal -1 0 0
    outer loop
      vertex 92.5 97.79 132
      vertex 92.5 106.68 132
      vertex 92.5 97.79 12
    endloop
  endfacet
  facet normal -1 0 0
    outer loop
      vertex 92.5 97.79 132
      vertex 92.5 126.2 140
      vertex 92.5 106.68 132
    endloop
  endfacet
  facet normal -1 0 0
    outer loop
      vertex 92.5 85.09 132
      vertex 92.5 126.2 140
      vertex 92.5 97.79 132
    endloop
  endfacet
  facet normal -1 0 0
    outer loop
      vertex 92.5 76.2 132
      vertex 92.5 85.09 132
      vertex 92.5 76.2 12
    endloop
  endfacet
  facet normal -1 0 0
    outer loop
      vertex 92.5 76.2 132
      vertex 92.5 126.2 140
      vertex 92.5 85.09 132
    endloop
  endfacet
  facet normal -1 0 0
    outer loop
      vertex 92.5 63.5 132
      vertex 92.5 126.2 140
      vertex 92.5 76.2 132
    endloop
  endfacet
  facet normal -1 0 0
    outer loop
      vertex 92.5 54.61 132
      vertex 92.5 63.5 132
      vertex 92.5 54.61 12
    endloop
  endfacet
  facet normal -1 0 0
    outer loop
      vertex 92.5 0 140
      vertex 92.5 63.5 132
      vertex 92.5 54.61 132
    endloop
  endfacet
  facet normal -1 0 0
    outer loop
      vertex 92.5 0 140
      vertex 92.5 54.61 132
      vertex 92.5 41.91 132
    endloop
  endfacet
  facet normal -1 0 0
    outer loop
      vertex 92.5 33.02 132
      vertex 92.5 41.91 132
      vertex 92.5 33.02 12
    endloop
  endfacet
  facet normal -1 0 0
    outer loop
      vertex 92.5 0 140
      vertex 92.5 41.91 132
      vertex 92.5 33.02 132
    endloop
  endfacet
  facet normal -1 0 0
    outer loop
      vertex 92.5 0 140
      vertex 92.5 33.02 132
      vertex 92.5 20.32 132
    endloop
  endfacet
  facet normal -1 0 0
    outer loop
      vertex 92.5 63.5 132
      vertex 92.5 0 140
      vertex 92.5 126.2 140
    endloop
  endfacet
  facet normal -1 0 0
    outer loop
      vertex 92.5 0 140
      vertex 92.5 20.32 132
      vertex 92.5 0 4
    endloop
  endfacet
  facet normal -1 0 0
    outer loop
      vertex -56.5 126.2 10
      vertex -56.5 130 134
      vertex -56.5 130 10
    endloop
  endfacet
  facet normal -1 -0 0
    outer loop
      vertex -56.5 130 134
      vertex -56.5 126.2 10
      vertex -56.5 126.2 134
    endloop
  endfacet
  facet normal 0 0 -1
    outer loop
      vertex -84.5 126.2 134
      vertex -56.5 130 134
      vertex -56.5 126.2 134
    endloop
  endfacet
  facet normal -0 0 -1
    outer loop
      vertex -56.5 130 134
      vertex -84.5 126.2 134
      vertex -84.5 130 134
    endloop
  endfacet
  facet normal -0 0 1
    outer loop
      vertex -84.5 130 10
      vertex -56.5 126.2 10
      vertex -56.5 130 10
    endloop
  endfacet
  facet normal 0 0 1
    outer loop
      vertex -56.5 126.2 10
      vertex -84.5 130 10
      vertex -84.5 126.2 10
    endloop
  endfacet
  facet normal 1 -0 0
    outer loop
      vertex -84.5 126.2 134
      vertex -84.5 130 10
      vertex -84.5 130 134
    endloop
  endfacet
  facet normal 1 0 0
    outer loop
      vertex -84.5 130 10
      vertex -84.5 126.2 134
      vertex -84.5 126.2 10
    endloop
  endfacet
  facet normal -1 0 0
    outer loop
      vertex -9.5 126.2 10
      vertex -9.5 130 134
      vertex -9.5 130 10
    endloop
  endfacet
  facet normal -1 -0 0
    outer loop
      vertex -9.5 130 134
      vertex -9.5 126.2 10
      vertex -9.5 126.2 134
    endloop
  endfacet
  facet normal 0 0 -1
    outer loop
      vertex -37.5 126.2 134
      vertex -9.5 130 134
      vertex -9.5 126.2 134
    endloop
  endfacet
  facet normal -0 0 -1
    outer loop
      vertex -9.5 130 134
      vertex -37.5 126.2 134
      vertex -37.5 130 134
    endloop
  endfacet
  facet normal -0 0 1
    outer loop
      vertex -37.5 130 10
      vertex -9.5 126.2 10
      vertex -9.5 130 10
    endloop
  endfacet
  facet normal 0 0 1
    outer loop
      vertex -9.5 126.2 10
      vertex -37.5 130 10
      vertex -37.5 126.2 10
    endloop
  endfacet
  facet normal 1 -0 0
    outer loop
      vertex -37.5 126.2 134
      vertex -37.5 130 10
      vertex -37.5 130 134
    endloop
  endfacet
  facet normal 1 0 0
    outer loop
      vertex -37.5 130 10
      vertex -37.5 126.2 134
      vertex -37.5 126.2 10
    endloop
  endfacet
  facet normal -1 0 0
    outer loop
      vertex 37.5 126.2 10
      vertex 37.5 130 134
      vertex 37.5 130 10
    endloop
  endfacet
  facet normal -1 -0 0
    outer loop
      vertex 37.5 130 134
      vertex 37.5 126.2 10
      vertex 37.5 126.2 134
    endloop
  endfacet
  facet normal 0 0 -1
    outer loop
      vertex 9.5 126.2 134
      vertex 37.5 130 134
      vertex 37.5 126.2 134
    endloop
  endfacet
  facet normal -0 0 -1
    outer loop
      vertex 37.5 130 134
      vertex 9.5 126.2 134
      vertex 9.5 130 134
    endloop
  endfacet
  facet normal -0 0 1
    outer loop
      vertex 9.5 130 10
      vertex 37.5 126.2 10
      vertex 37.5 130 10
    endloop
  endfacet
  facet normal 0 0 1
    outer loop
      vertex 37.5 126.2 10
      vertex 9.5 130 10
      vertex 9.5 126.2 10
    endloop
  endfacet
  facet normal 1 -0 0
    outer loop
      vertex 9.5 126.2 134
      vertex 9.5 130 10
      vertex 9.5 130 134
    endloop
  endfacet
  facet normal 1 0 0
    outer loop
      vertex 9.5 130 10
      vertex 9.5 126.2 134
      vertex 9.5 126.2 10
    endloop
  endfacet
  facet normal -1 0 0
    outer loop
      vertex 84.5 126.2 10
      vertex 84.5 130 134
      vertex 84.5 130 10
    endloop
  endfacet
  facet normal -1 -0 0
    outer loop
      vertex 84.5 130 134
      vertex 84.5 126.2 10
      vertex 84.5 126.2 134
    endloop
  endfacet
  facet normal 0 0 -1
    outer loop
      vertex 56.5 126.2 134
      vertex 84.5 130 134
      vertex 84.5 126.2 134
    endloop
  endfacet
  facet normal -0 0 -1
    outer loop
      vertex 84.5 130 134
      vertex 56.5 126.2 134
      vertex 56.5 130 134
    endloop
  endfacet
  facet normal -0 0 1
    outer loop
      vertex 56.5 130 10
      vertex 84.5 126.2 10
      vertex 84.5 130 10
    endloop
  endfacet
  facet normal 0 0 1
    outer loop
      vertex 84.5 126.2 10
      vertex 56.5 130 10
      vertex 56.5 126.2 10
    endloop
  endfacet
  facet normal 1 -0 0
    outer loop
      vertex 56.5 126.2 134
      vertex 56.5 130 10
      vertex 56.5 130 134
    endloop
  endfacet
  facet normal 1 0 0
    outer loop
      vertex 56.5 130 10
      vertex 56.5 126.2 134
      vertex 56.5 126.2 10
    endloop
  endfacet
  facet normal 0 1 -0
    outer loop
      vertex -37.5 130 10
      vertex -56.5 130 134
      vertex -37.5 130 134
    endloop
  endfacet
  facet normal 0 1 0
    outer loop
      vertex -56.5 130 134
      vertex -37.5 130 10
      vertex -56.5 130 10
    endloop
  endfacet
  facet normal 0 1 -0
    outer loop
      vertex 9.5 130 10
      vertex -9.5 130 134
      vertex 9.5 130 134
    endloop
  endfacet
  facet normal 0 1 0
    outer loop
      vertex -9.5 130 134
      vertex 9.5 130 10
      vertex -9.5 130 10
    endloop
  endfacet
  facet normal 0 1 -0
    outer loop
      vertex 56.5 130 10
      vertex 37.5 130 134
      vertex 56.5 130 134
    endloop
  endfacet
  facet normal 0 1 0
    outer loop
      vertex 37.5 130 134
      vertex 56.5 130 10
      vertex 37.5 130 10
    endloop
  endfacet
  facet normal 0 1 0
    outer loop
      vertex 56.5 130 134
      vertex 95.5 130 140
      vertex 84.5 130 134
    endloop
  endfacet
  facet normal 0 1 0
    outer loop
      vertex 95.5 130 140
      vertex 84.5 130 10
      vertex 84.5 130 134
    endloop
  endfacet
  facet normal 0 1 0
    outer loop
      vertex 95.5 130 0
      vertex 56.5 130 10
      vertex 84.5 130 10
    endloop
  endfacet
  facet normal 0 1 0
    outer loop
      vertex 56.5 130 10
      vertex 95.5 130 0
      vertex 37.5 130 10
    endloop
  endfacet
  facet normal 0 1 0
    outer loop
      vertex 37.5 130 10
      vertex 95.5 130 0
      vertex 9.5 130 10
    endloop
  endfacet
  facet normal 0 1 0
    outer loop
      vertex 9.5 130 10
      vertex 95.5 130 0
      vertex -9.5 130 10
    endloop
  endfacet
  facet normal 0 1 0
    outer loop
      vertex -95.5 130 0
      vertex -9.5 130 10
      vertex 95.5 130 0
    endloop
  endfacet
  facet normal 0 1 0
    outer loop
      vertex -9.5 130 10
      vertex -95.5 130 0
      vertex -37.5 130 10
    endloop
  endfacet
  facet normal 0 1 0
    outer loop
      vertex -37.5 130 10
      vertex -95.5 130 0
      vertex -56.5 130 10
    endloop
  endfacet
  facet normal 0 1 -0
    outer loop
      vertex 95.5 130 0
      vertex 84.5 130 10
      vertex 95.5 130 140
    endloop
  endfacet
  facet normal 0 1 0
    outer loop
      vertex 37.5 130 134
      vertex 95.5 130 140
      vertex 56.5 130 134
    endloop
  endfacet
  facet normal 0 1 0
    outer loop
      vertex 9.5 130 134
      vertex 95.5 130 140
      vertex 37.5 130 134
    endloop
  endfacet
  facet normal 0 1 0
    outer loop
      vertex 95.5 130 140
      vertex 9.5 130 134
      vertex -95.5 130 140
    endloop
  endfacet
  facet normal 0 1 -0
    outer loop
      vertex -9.5 130 134
      vertex -95.5 130 140
      vertex 9.5 130 134
    endloop
  endfacet
  facet normal 0 1 -0
    outer loop
      vertex -37.5 130 134
      vertex -95.5 130 140
      vertex -9.5 130 134
    endloop
  endfacet
  facet normal 0 1 -0
    outer loop
      vertex -56.5 130 134
      vertex -95.5 130 140
      vertex -37.5 130 134
    endloop
  endfacet
  facet normal 0 1 -0
    outer loop
      vertex -84.5 130 134
      vertex -95.5 130 140
      vertex -56.5 130 134
    endloop
  endfacet
  facet normal 0 1 -0
    outer loop
      vertex -84.5 130 10
      vertex -95.5 130 140
      vertex -84.5 130 134
    endloop
  endfacet
  facet normal 0 1 0
    outer loop
      vertex -84.5 130 10
      vertex -95.5 130 0
      vertex -95.5 130 140
    endloop
  endfacet
  facet normal 0 1 0
    outer loop
      vertex -56.5 130 10
      vertex -95.5 130 0
      vertex -84.5 130 10
    endloop
  endfacet
  facet normal 0 -1 0
    outer loop
      vertex -92.5 126.2 140
      vertex -84.5 126.2 134
      vertex -48.5 126.2 140
    endloop
  endfacet
  facet normal 0 -1 0
    outer loop
      vertex -92.5 126.2 140
      vertex -84.5 126.2 10
      vertex -84.5 126.2 134
    endloop
  endfacet
  facet normal 0 -1 -0
    outer loop
      vertex -84.5 126.2 10
      vertex -92.5 126.2 4
      vertex -56.5 126.2 10
    endloop
  endfacet
  facet normal 0 -1 0
    outer loop
      vertex -92.5 126.2 4
      vertex -84.5 126.2 10
      vertex -92.5 126.2 140
    endloop
  endfacet
  facet normal 0 -1 0
    outer loop
      vertex -56.5 126.2 134
      vertex -48.5 126.2 140
      vertex -84.5 126.2 134
    endloop
  endfacet
  facet normal 0 -1 0
    outer loop
      vertex -56.5 126.2 10
      vertex -48.5 126.2 140
      vertex -56.5 126.2 134
    endloop
  endfacet
  facet normal 0 -1 0
    outer loop
      vertex -56.5 126.2 10
      vertex -48.5 126.2 4
      vertex -48.5 126.2 140
    endloop
  endfacet
  facet normal 0 -1 0
    outer loop
      vertex -48.5 126.2 4
      vertex -56.5 126.2 10
      vertex -92.5 126.2 4
    endloop
  endfacet
  facet normal 0 -1 0
    outer loop
      vertex -45.5 126.2 140
      vertex -37.5 126.2 134
      vertex -1.5 126.2 140
    endloop
  endfacet
  facet normal 0 -1 0
    outer loop
      vertex -45.5 126.2 140
      vertex -37.5 126.2 10
      vertex -37.5 126.2 134
    endloop
  endfacet
  facet normal 0 -1 -0
    outer loop
      vertex -37.5 126.2 10
      vertex -45.5 126.2 4
      vertex -9.5 126.2 10
    endloop
  endfacet
  facet normal 0 -1 0
    outer loop
      vertex -45.5 126.2 4
      vertex -37.5 126.2 10
      vertex -45.5 126.2 140
    endloop
  endfacet
  facet normal 0 -1 0
    outer loop
      vertex -9.5 126.2 134
      vertex -1.5 126.2 140
      vertex -37.5 126.2 134
    endloop
  endfacet
  facet normal 0 -1 0
    outer loop
      vertex -9.5 126.2 10
      vertex -1.5 126.2 140
      vertex -9.5 126.2 134
    endloop
  endfacet
  facet normal 0 -1 0
    outer loop
      vertex -9.5 126.2 10
      vertex -1.5 126.2 4
      vertex -1.5 126.2 140
    endloop
  endfacet
  facet normal 0 -1 0
    outer loop
      vertex -1.5 126.2 4
      vertex -9.5 126.2 10
      vertex -45.5 126.2 4
    endloop
  endfacet
  facet normal 0 -1 0
    outer loop
      vertex 1.5 126.2 140
      vertex 9.5 126.2 134
      vertex 45.5 126.2 140
    endloop
  endfacet
  facet normal 0 -1 0
    outer loop
      vertex 1.5 126.2 140
      vertex 9.5 126.2 10
      vertex 9.5 126.2 134
    endloop
  endfacet
  facet normal 0 -1 -0
    outer loop
      vertex 9.5 126.2 10
      vertex 1.5 126.2 4
      vertex 37.5 126.2 10
    endloop
  endfacet
  facet normal 0 -1 0
    outer loop
      vertex 1.5 126.2 4
      vertex 9.5 126.2 10
      vertex 1.5 126.2 140
    endloop
  endfacet
  facet normal 0 -1 0
    outer loop
      vertex 37.5 126.2 134
      vertex 45.5 126.2 140
      vertex 9.5 126.2 134
    endloop
  endfacet
  facet normal 0 -1 0
    outer loop
      vertex 37.5 126.2 10
      vertex 45.5 126.2 140
      vertex 37.5 126.2 134
    endloop
  endfacet
  facet normal 0 -1 0
    outer loop
      vertex 37.5 126.2 10
      vertex 45.5 126.2 4
      vertex 45.5 126.2 140
    endloop
  endfacet
  facet normal 0 -1 0
    outer loop
      vertex 45.5 126.2 4
      vertex 37.5 126.2 10
      vertex 1.5 126.2 4
    endloop
  endfacet
  facet normal 0 -1 0
    outer loop
      vertex 48.5 126.2 140
      vertex 56.5 126.2 134
      vertex 92.5 126.2 140
    endloop
  endfacet
  facet normal 0 -1 0
    outer loop
      vertex 48.5 126.2 140
      vertex 56.5 126.2 10
      vertex 56.5 126.2 134
    endloop
  endfacet
  facet normal 0 -1 -0
    outer loop
      vertex 56.5 126.2 10
      vertex 48.5 126.2 4
      vertex 84.5 126.2 10
    endloop
  endfacet
  facet normal 0 -1 0
    outer loop
      vertex 48.5 126.2 4
      vertex 56.5 126.2 10
      vertex 48.5 126.2 140
    endloop
  endfacet
  facet normal 0 -1 0
    outer loop
      vertex 84.5 126.2 134
      vertex 92.5 126.2 140
      vertex 56.5 126.2 134
    endloop
  endfacet
  facet normal 0 -1 0
    outer loop
      vertex 84.5 126.2 10
      vertex 92.5 126.2 140
      vertex 84.5 126.2 134
    endloop
  endfacet
  facet normal 0 -1 0
    outer loop
      vertex 84.5 126.2 10
      vertex 92.5 126.2 4
      vertex 92.5 126.2 140
    endloop
  endfacet
  facet normal 0 -1 0
    outer loop
      vertex 92.5 126.2 4
      vertex 84.5 126.2 10
      vertex 48.5 126.2 4
    endloop
  endfacet
endsolid OpenSCAD_Model
